This is XeTeX, Version 3.141592653-2.6-0.999993 (TeX Live 2022/dev/Debian) (preloaded format=xelatex 2026.3.12)  12 MAR 2026 16:15
entering extended mode
 restricted \write18 enabled.
 %&-line parsing enabled.
**refman.tex
(./refman.tex
LaTeX2e <2021-11-15> patch level 1
L3 programming layer <2022-01-21>
(/usr/share/texlive/texmf-dist/tex/latex/base/book.cls
Document Class: book 2021/10/04 v1.4n Standard LaTeX document class
(/usr/share/texlive/texmf-dist/tex/latex/base/bk10.clo
File: bk10.clo 2021/10/04 v1.4n Standard LaTeX file (size option)
)
\c@part=\count181
\c@chapter=\count182
\c@section=\count183
\c@subsection=\count184
\c@subsubsection=\count185
\c@paragraph=\count186
\c@subparagraph=\count187
\c@figure=\count188
\c@table=\count189
\abovecaptionskip=\skip47
\belowcaptionskip=\skip48
\bibindent=\dimen138
) (/usr/share/texlive/texmf-dist/tex/latex/base/ifthen.sty
Package: ifthen 2020/11/24 v1.1c Standard LaTeX ifthen package (DPC)
) (/usr/share/texlive/texmf-dist/tex/latex/tools/array.sty
Rollback for package 'array' requested -> date 2016-10-06.
         Best approximation is the release introduced on 2016-10-06.
(/usr/share/texlive/texmf-dist/tex/latex/tools/array-2016-10-06.sty
Package: array 2016/10/06 v2.4d Tabular extension package (FMi)
\col@sep=\dimen139
\extrarowheight=\dimen140
\NC@list=\toks16
\extratabsurround=\skip49
\backup@length=\skip50
)) (/usr/share/texlive/texmf-dist/tex/latex/base/fixltx2e.sty
Package: fixltx2e 2016/12/29 v2.1a fixes to LaTeX (obsolete)
Applying: [2015/01/01] Old fixltx2e package on input line 46.

Package fixltx2e Warning: fixltx2e is not required with releases after 2015
(fixltx2e)                All fixes are now in the LaTeX kernel.
(fixltx2e)                See the latexrelease package for details.

Already applied: [0000/00/00] Old fixltx2e package on input line 53.
) (./doxygen.sty
Package: doxygen 
(/usr/share/texlive/texmf-dist/tex/latex/base/alltt.sty
Package: alltt 2021/01/29 v2.0g defines alltt environment
) (/usr/share/texlive/texmf-dist/tex/latex/tools/calc.sty
Package: calc 2017/05/25 v4.3 Infix arithmetic (KKT,FJ)
\calc@Acount=\count190
\calc@Bcount=\count191
\calc@Adimen=\dimen141
\calc@Bdimen=\dimen142
\calc@Askip=\skip51
\calc@Bskip=\skip52
LaTeX Info: Redefining \setlength on input line 80.
LaTeX Info: Redefining \addtolength on input line 81.
\calc@Ccount=\count192
\calc@Cskip=\skip53
) (/usr/share/texlive/texmf-dist/tex/latex/float/float.sty
Package: float 2001/11/08 v1.3d Float enhancements (AL)
\c@float@type=\count193
\float@exts=\toks17
\float@box=\box50
\@float@everytoks=\toks18
\@floatcapt=\box51
) (/usr/share/texlive/texmf-dist/tex/latex/tools/verbatim.sty
Package: verbatim 2020-07-07 v1.5u LaTeX2e package for verbatim enhancements
\every@verbatim=\toks19
\verbatim@line=\toks20
\verbatim@in@stream=\read2
) (/usr/share/texlive/texmf-dist/tex/latex/xcolor/xcolor.sty
Package: xcolor 2021/10/31 v2.13 LaTeX color extensions (UK)
(/usr/share/texlive/texmf-dist/tex/latex/graphics-cfg/color.cfg
File: color.cfg 2016/01/02 v1.6 sample color configuration
)
Package xcolor Info: Driver file: xetex.def on input line 227.
(/usr/share/texlive/texmf-dist/tex/latex/graphics-def/xetex.def
File: xetex.def 2021/03/18 v5.0k Graphics/color driver for xetex
) (/usr/share/texlive/texmf-dist/tex/latex/colortbl/colortbl.sty
Package: colortbl 2020/01/04 v1.0e Color table columns (DPC)
\everycr=\toks21
\minrowclearance=\skip54
)
\rownum=\count194
Package xcolor Info: Model `cmy' substituted by `cmy0' on input line 1352.
Package xcolor Info: Model `RGB' extended on input line 1368.
Package xcolor Info: Model `HTML' substituted by `rgb' on input line 1370.
Package xcolor Info: Model `Hsb' substituted by `hsb' on input line 1371.
Package xcolor Info: Model `tHsb' substituted by `hsb' on input line 1372.
Package xcolor Info: Model `HSB' substituted by `hsb' on input line 1373.
Package xcolor Info: Model `Gray' substituted by `gray' on input line 1374.
Package xcolor Info: Model `wave' substituted by `hsb' on input line 1375.
) (./longtable_doxygen.sty
Package: longtable_doxygen 2014/10/28 v4.11 Multi-page Table package (DPC) - fr
ozen version for doxygen
\LTleft=\skip55
\LTright=\skip56
\LTpre=\skip57
\LTpost=\skip58
\LTchunksize=\count195
\LTcapwidth=\dimen143
\LT@head=\box52
\LT@firsthead=\box53
\LT@foot=\box54
\LT@lastfoot=\box55
\LT@cols=\count196
\LT@rows=\count197
\c@LT@tables=\count198
\c@LT@chunks=\count199
\LT@p@ftn=\toks22
) (./tabu_doxygen.sty
Package: tabu_doxygen 2011/02/26 v2.8 - flexible LaTeX tabulars (FC), frozen ve
rsion for doxygen
(/usr/share/texlive/texmf-dist/tex/latex/varwidth/varwidth.sty
Package: varwidth 2009/03/30 ver 0.92;  Variable-width minipages
\@vwid@box=\box56
\sift@deathcycles=\count266
\@vwid@loff=\dimen144
\@vwid@roff=\dimen145
)
\c@taburow=\count267
\tabu@nbcols=\count268
\tabu@cnt=\count269
\tabu@Xcol=\count270
\tabu@alloc=\count271
\tabu@nested=\count272
\tabu@target=\dimen146
\tabu@spreadtarget=\dimen147
\tabu@naturalX=\dimen148
\tabucolX=\dimen149
\tabu@Xsum=\dimen150
\extrarowdepth=\dimen151
\abovetabulinesep=\dimen152
\belowtabulinesep=\dimen153
\tabustrutrule=\dimen154
\tabu@thebody=\toks23
\tabu@footnotes=\toks24
\tabu@box=\box57
\tabu@arstrutbox=\box58
\tabu@hleads=\box59
\tabu@vleads=\box60
\tabu@cellskip=\skip59
) (/usr/share/texlive/texmf-dist/tex/latex/fancyvrb/fancyvrb.sty
Package: fancyvrb 2021/12/21 4.1b verbatim text (tvz,hv)
(/usr/share/texlive/texmf-dist/tex/latex/graphics/keyval.sty
Package: keyval 2014/10/28 v1.15 key=value parser (DPC)
\KV@toks@=\toks25
)
\FV@CodeLineNo=\count273
\FV@InFile=\read3
\FV@TabBox=\box61
\c@FancyVerbLine=\count274
\FV@StepNumber=\count275
\FV@OutFile=\write3
) (/usr/share/texlive/texmf-dist/tex/latex/tools/tabularx.sty
Package: tabularx 2020/01/15 v2.11c `tabularx' package (DPC)
\TX@col@width=\dimen155
\TX@old@table=\dimen156
\TX@old@col=\dimen157
\TX@target=\dimen158
\TX@delta=\dimen159
\TX@cols=\count276
\TX@ftn=\toks26
) (/usr/share/texlive/texmf-dist/tex/latex/tools/multicol.sty
Package: multicol 2021/10/28 v1.9b multicolumn formatting (FMi)
\c@tracingmulticols=\count277
\mult@box=\box62
\multicol@leftmargin=\dimen160
\c@unbalance=\count278
\c@collectmore=\count279
\doublecol@number=\count280
\multicoltolerance=\count281
\multicolpretolerance=\count282
\full@width=\dimen161
\page@free=\dimen162
\premulticols=\dimen163
\postmulticols=\dimen164
\multicolsep=\skip60
\multicolbaselineskip=\skip61
\partial@page=\box63
\last@line=\box64
\maxbalancingoverflow=\dimen165
\mult@rightbox=\box65
\mult@grightbox=\box66
\mult@firstbox=\box67
\mult@gfirstbox=\box68
\@tempa=\box69
\@tempa=\box70
\@tempa=\box71
\@tempa=\box72
\@tempa=\box73
\@tempa=\box74
\@tempa=\box75
\@tempa=\box76
\@tempa=\box77
\@tempa=\box78
\@tempa=\box79
\@tempa=\box80
\@tempa=\box81
\@tempa=\box82
\@tempa=\box83
\@tempa=\box84
\@tempa=\box85
\@tempa=\box86
\@tempa=\box87
\@tempa=\box88
\@tempa=\box89
\@tempa=\box90
\@tempa=\box91
\@tempa=\box92
\@tempa=\box93
\@tempa=\box94
\@tempa=\box95
\@tempa=\box96
\@tempa=\box97
\@tempa=\box98
\@tempa=\box99
\@tempa=\box100
\@tempa=\box101
\@tempa=\box102
\@tempa=\box103
\@tempa=\box104
\c@minrows=\count283
\c@columnbadness=\count284
\c@finalcolumnbadness=\count285
\last@try=\dimen166
\multicolovershoot=\dimen167
\multicolundershoot=\dimen168
\mult@nat@firstbox=\box105
\colbreak@box=\box106
\mc@col@check@num=\count286
) (/usr/share/texlive/texmf-dist/tex/latex/multirow/multirow.sty
Package: multirow 2021/03/15 v2.8 Span multiple rows of a table
\multirow@colwidth=\skip62
\multirow@cntb=\count287
\multirow@dima=\skip63
\bigstrutjot=\dimen169
) (/usr/share/texlive/texmf-dist/tex/latex/hanging/hanging.sty
Package: hanging 2009/09/02 v1.2b hanging paragraphs and punctuation
\h@ngcommawd=\skip64
\h@ngfstopwd=\skip65
\h@ngquotewd=\skip66
\h@ngdquotewd=\skip67
\h@ngquerywd=\skip68
\h@ngexclwd=\skip69
\h@ngcolonwd=\skip70
\h@ngscolonwd=\skip71
) (/usr/share/texlive/texmf-dist/tex/generic/iftex/ifpdf.sty
Package: ifpdf 2019/10/25 v3.4 ifpdf legacy package. Use iftex instead.
(/usr/share/texlive/texmf-dist/tex/generic/iftex/iftex.sty
Package: iftex 2020/03/06 v1.0d TeX engine tests
)) (/usr/share/texlive/texmf-dist/tex/latex/adjustbox/adjustbox.sty
Package: adjustbox 2020/08/19 v1.3 Adjusting TeX boxes (trim, clip, ...)
(/usr/share/texlive/texmf-dist/tex/latex/xkeyval/xkeyval.sty
Package: xkeyval 2020/11/20 v2.8 package option processing (HA)
(/usr/share/texlive/texmf-dist/tex/generic/xkeyval/xkeyval.tex (/usr/share/texl
ive/texmf-dist/tex/generic/xkeyval/xkvutils.tex
\XKV@toks=\toks27
\XKV@tempa@toks=\toks28
)
\XKV@depth=\count288
File: xkeyval.tex 2014/12/03 v2.7a key=value parser (HA)
)) (/usr/share/texlive/texmf-dist/tex/latex/adjustbox/adjcalc.sty
Package: adjcalc 2012/05/16 v1.1 Provides advanced setlength with multiple back
-ends (calc, etex, pgfmath)
) (/usr/share/texlive/texmf-dist/tex/latex/adjustbox/trimclip.sty
Package: trimclip 2020/08/19 v1.2 Trim and clip general TeX material
(/usr/share/texlive/texmf-dist/tex/latex/graphics/graphicx.sty
Package: graphicx 2021/09/16 v1.2d Enhanced LaTeX Graphics (DPC,SPQR)
(/usr/share/texlive/texmf-dist/tex/latex/graphics/graphics.sty
Package: graphics 2021/03/04 v1.4d Standard LaTeX Graphics (DPC,SPQR)
(/usr/share/texlive/texmf-dist/tex/latex/graphics/trig.sty
Package: trig 2021/08/11 v1.11 sin cos tan (DPC)
) (/usr/share/texlive/texmf-dist/tex/latex/graphics-cfg/graphics.cfg
File: graphics.cfg 2016/06/04 v1.11 sample graphics configuration
)
Package graphics Info: Driver file: xetex.def on input line 107.
)
\Gin@req@height=\dimen170
\Gin@req@width=\dimen171
) (/usr/share/texlive/texmf-dist/tex/latex/collectbox/collectbox.sty
Package: collectbox 2012/05/17 v0.4b Collect macro arguments as boxes
\collectedbox=\box107
)
\tc@llx=\dimen172
\tc@lly=\dimen173
\tc@urx=\dimen174
\tc@ury=\dimen175
Package trimclip Info: Using driver 'tc-xetex.def'.
(/usr/share/texlive/texmf-dist/tex/latex/adjustbox/tc-xetex.def
File: tc-xetex.def 2019/01/04 v2.2 Clipping driver for xetex
))
\adjbox@Width=\dimen176
\adjbox@Height=\dimen177
\adjbox@Depth=\dimen178
\adjbox@Totalheight=\dimen179
\adjbox@pwidth=\dimen180
\adjbox@pheight=\dimen181
\adjbox@pdepth=\dimen182
\adjbox@ptotalheight=\dimen183
(/usr/share/texlive/texmf-dist/tex/latex/ifoddpage/ifoddpage.sty
Package: ifoddpage 2016/04/23 v1.1 Conditionals for odd/even page detection
\c@checkoddpage=\count289
)) (/usr/share/texlive/texmf-dist/tex/latex/amsfonts/amssymb.sty
Package: amssymb 2013/01/14 v3.01 AMS font symbols
(/usr/share/texlive/texmf-dist/tex/latex/amsfonts/amsfonts.sty
Package: amsfonts 2013/01/14 v3.01 Basic AMSFonts support
\@emptytoks=\toks29
\symAMSa=\mathgroup4
\symAMSb=\mathgroup5
LaTeX Font Info:    Redeclaring math symbol \hbar on input line 98.
LaTeX Font Info:    Overwriting math alphabet `\mathfrak' in version `bold'
(Font)                  U/euf/m/n --> U/euf/b/n on input line 106.
)) (/usr/share/texlive/texmf-dist/tex/latex/stackengine/stackengine.sty
Package: stackengine 2021/07/22 v4.11\ Stacking text and objects in convenient 
ways
(/usr/share/texlive/texmf-dist/tex/latex/etoolbox/etoolbox.sty
Package: etoolbox 2020/10/05 v2.5k e-TeX tools for LaTeX (JAW)
\etb@tempcnta=\count290
) (/usr/share/texlive/texmf-dist/tex/generic/listofitems/listofitems.sty (/usr/
share/texlive/texmf-dist/tex/generic/listofitems/listofitems.tex
Invalid UTF-8 byte or sequence at line 50 replaced by U+FFFD.
Invalid UTF-8 byte or sequence at line 50 replaced by U+FFFD.
Invalid UTF-8 byte or sequence at line 52 replaced by U+FFFD.
Invalid UTF-8 byte or sequence at line 52 replaced by U+FFFD.
Invalid UTF-8 byte or sequence at line 52 replaced by U+FFFD.
Invalid UTF-8 byte or sequence at line 96 replaced by U+FFFD.
Invalid UTF-8 byte or sequence at line 96 replaced by U+FFFD.
Invalid UTF-8 byte or sequence at line 104 replaced by U+FFFD.
Invalid UTF-8 byte or sequence at line 105 replaced by U+FFFD.
\loi_cnt_foreach_nest=\count291
Invalid UTF-8 byte or sequence at line 139 replaced by U+FFFD.
Invalid UTF-8 byte or sequence at line 146 replaced by U+FFFD.
Invalid UTF-8 byte or sequence at line 192 replaced by U+FFFD.
Invalid UTF-8 byte or sequence at line 209 replaced by U+FFFD.
Invalid UTF-8 byte or sequence at line 209 replaced by U+FFFD.
Invalid UTF-8 byte or sequence at line 222 replaced by U+FFFD.
Invalid UTF-8 byte or sequence at line 222 replaced by U+FFFD.
Invalid UTF-8 byte or sequence at line 223 replaced by U+FFFD.
Invalid UTF-8 byte or sequence at line 223 replaced by U+FFFD.
Invalid UTF-8 byte or sequence at line 224 replaced by U+FFFD.
Invalid UTF-8 byte or sequence at line 226 replaced by U+FFFD.
Invalid UTF-8 byte or sequence at line 226 replaced by U+FFFD.
Invalid UTF-8 byte or sequence at line 238 replaced by U+FFFD.
Invalid UTF-8 byte or sequence at line 243 replaced by U+FFFD.
Invalid UTF-8 byte or sequence at line 243 replaced by U+FFFD.
Invalid UTF-8 byte or sequence at line 260 replaced by U+FFFD.
Invalid UTF-8 byte or sequence at line 284 replaced by U+FFFD.
Invalid UTF-8 byte or sequence at line 310 replaced by U+FFFD.
Invalid UTF-8 byte or sequence at line 310 replaced by U+FFFD.
Invalid UTF-8 byte or sequence at line 324 replaced by U+FFFD.
Invalid UTF-8 byte or sequence at line 337 replaced by U+FFFD.
Invalid UTF-8 byte or sequence at line 337 replaced by U+FFFD.
Invalid UTF-8 byte or sequence at line 339 replaced by U+FFFD.
Invalid UTF-8 byte or sequence at line 350 replaced by U+FFFD.
Invalid UTF-8 byte or sequence at line 350 replaced by U+FFFD.
Invalid UTF-8 byte or sequence at line 350 replaced by U+FFFD.
Invalid UTF-8 byte or sequence at line 354 replaced by U+FFFD.
\loi_nestcnt=\count292
Invalid UTF-8 byte or sequence at line 367 replaced by U+FFFD.
Invalid UTF-8 byte or sequence at line 367 replaced by U+FFFD.
Invalid UTF-8 byte or sequence at line 367 replaced by U+FFFD.
Invalid UTF-8 byte or sequence at line 367 replaced by U+FFFD.
Invalid UTF-8 byte or sequence at line 375 replaced by U+FFFD.
Invalid UTF-8 byte or sequence at line 375 replaced by U+FFFD.
Invalid UTF-8 byte or sequence at line 375 replaced by U+FFFD.
Invalid UTF-8 byte or sequence at line 375 replaced by U+FFFD.
Invalid UTF-8 byte or sequence at line 377 replaced by U+FFFD.
Invalid UTF-8 byte or sequence at line 378 replaced by U+FFFD.
Invalid UTF-8 byte or sequence at line 398 replaced by U+FFFD.
Invalid UTF-8 byte or sequence at line 398 replaced by U+FFFD.
Invalid UTF-8 byte or sequence at line 399 replaced by U+FFFD.
Invalid UTF-8 byte or sequence at line 399 replaced by U+FFFD.
Invalid UTF-8 byte or sequence at line 399 replaced by U+FFFD.
Invalid UTF-8 byte or sequence at line 399 replaced by U+FFFD.
Invalid UTF-8 byte or sequence at line 399 replaced by U+FFFD.
Invalid UTF-8 byte or sequence at line 399 replaced by U+FFFD.
Invalid UTF-8 byte or sequence at line 409 replaced by U+FFFD.
Invalid UTF-8 byte or sequence at line 410 replaced by U+FFFD.
Invalid UTF-8 byte or sequence at line 410 replaced by U+FFFD.
Invalid UTF-8 byte or sequence at line 410 replaced by U+FFFD.
Invalid UTF-8 byte or sequence at line 410 replaced by U+FFFD.
Invalid UTF-8 byte or sequence at line 411 replaced by U+FFFD.
Invalid UTF-8 byte or sequence at line 411 replaced by U+FFFD.
Invalid UTF-8 byte or sequence at line 411 replaced by U+FFFD.
Invalid UTF-8 byte or sequence at line 411 replaced by U+FFFD.
Invalid UTF-8 byte or sequence at line 411 replaced by U+FFFD.
Invalid UTF-8 byte or sequence at line 411 replaced by U+FFFD.
Invalid UTF-8 byte or sequence at line 414 replaced by U+FFFD.
Invalid UTF-8 byte or sequence at line 422 replaced by U+FFFD.
Invalid UTF-8 byte or sequence at line 422 replaced by U+FFFD.
Invalid UTF-8 byte or sequence at line 426 replaced by U+FFFD.
Invalid UTF-8 byte or sequence at line 428 replaced by U+FFFD.
Invalid UTF-8 byte or sequence at line 433 replaced by U+FFFD.
Invalid UTF-8 byte or sequence at line 433 replaced by U+FFFD.
Invalid UTF-8 byte or sequence at line 441 replaced by U+FFFD.
Invalid UTF-8 byte or sequence at line 441 replaced by U+FFFD.
Invalid UTF-8 byte or sequence at line 442 replaced by U+FFFD.
Invalid UTF-8 byte or sequence at line 443 replaced by U+FFFD.
Invalid UTF-8 byte or sequence at line 443 replaced by U+FFFD.
Invalid UTF-8 byte or sequence at line 443 replaced by U+FFFD.
Invalid UTF-8 byte or sequence at line 446 replaced by U+FFFD.
Invalid UTF-8 byte or sequence at line 446 replaced by U+FFFD.
Invalid UTF-8 byte or sequence at line 446 replaced by U+FFFD.
Invalid UTF-8 byte or sequence at line 448 replaced by U+FFFD.
Invalid UTF-8 byte or sequence at line 448 replaced by U+FFFD.
Invalid UTF-8 byte or sequence at line 451 replaced by U+FFFD.
Invalid UTF-8 byte or sequence at line 455 replaced by U+FFFD.
Invalid UTF-8 byte or sequence at line 455 replaced by U+FFFD.
Invalid UTF-8 byte or sequence at line 458 replaced by U+FFFD.
Invalid UTF-8 byte or sequence at line 458 replaced by U+FFFD.
Invalid UTF-8 byte or sequence at line 472 replaced by U+FFFD.
Invalid UTF-8 byte or sequence at line 475 replaced by U+FFFD.
Invalid UTF-8 byte or sequence at line 492 replaced by U+FFFD.
Invalid UTF-8 byte or sequence at line 508 replaced by U+FFFD.
Invalid UTF-8 byte or sequence at line 508 replaced by U+FFFD.
Invalid UTF-8 byte or sequence at line 509 replaced by U+FFFD.
Invalid UTF-8 byte or sequence at line 509 replaced by U+FFFD.
Invalid UTF-8 byte or sequence at line 519 replaced by U+FFFD.
Invalid UTF-8 byte or sequence at line 541 replaced by U+FFFD.
Invalid UTF-8 byte or sequence at line 541 replaced by U+FFFD.
)
Package: listofitems 2019/08/21 v1.63 Grab items in lists using user-specified 
sep char (CT)
)
\c@@stackindex=\count293
\@boxshift=\skip72
\stack@tmplength=\skip73
\temp@stkl=\skip74
\@stackedboxwidth=\skip75
\@addedbox=\box108
\@anchorbox=\box109
\@insetbox=\box110
\se@backgroundbox=\box111
\stackedbox=\box112
\@centerbox=\box113
\c@ROWcellindex@=\count294
) (/usr/share/texlive/texmf-dist/tex/generic/ulem/ulem.sty
\UL@box=\box114
\UL@hyphenbox=\box115
\UL@skip=\skip76
\UL@hook=\toks30
\UL@height=\dimen184
\UL@pe=\count295
\UL@pixel=\dimen185
\ULC@box=\box116
Package: ulem 2019/11/18
\ULdepth=\dimen186
)
\xrefbox=\box117
\xreflength=\skip77
\CodeWidthChar=\skip78
\CodeHeightChar=\skip79
\DoxyCodeWidth=\skip80
) (/usr/share/texlive/texmf-dist/tex/latex/base/inputenc.sty
Package: inputenc 2021/02/14 v1.3d Input encoding file
\inpenc@prehook=\toks31
\inpenc@posthook=\toks32

Package inputenc Warning: inputenc package ignored with utf8 based engines.

) (/usr/share/texlive/texmf-dist/tex/latex/base/makeidx.sty
Package: makeidx 2021/10/04 v1.0m Standard LaTeX package
) (/usr/share/texlive/texmf-dist/tex/latex/base/textcomp.sty
Package: textcomp 2020/02/02 v2.0n Standard LaTeX package
) (/usr/share/texlive/texmf-dist/tex/latex/wasysym/wasysym.sty
Package: wasysym 2020/01/19 v2.4 Wasy-2 symbol support package
\symwasy=\mathgroup6
LaTeX Font Info:    Overwriting symbol font `wasy' in version `bold'
(Font)                  U/wasy/m/n --> U/wasy/b/n on input line 93.
) (/usr/share/texlive/texmf-dist/tex/generic/iftex/ifxetex.sty
Package: ifxetex 2019/10/25 v0.7 ifxetex legacy package. Use iftex instead.
) (/usr/share/texmf/tex/latex/CJK/CJKutf8.sty
Package: CJKutf8 2015/04/18 4.8.4
(/usr/share/texmf/tex/latex/CJK/CJK.sty
Package: CJK 2015/04/18 4.8.4
(/usr/share/texmf/tex/latex/CJK/mule/MULEenc.sty
Package: MULEenc 2015/04/18 4.8.4
) (/usr/share/texmf/tex/latex/CJK/CJK.enc
File: CJK.enc 2015/04/18 4.8.4
)
LaTeX Info: Redefining \selectfont on input line 755.
\CJK@indent=\box118
) (/usr/share/texlive/texmf-dist/tex/latex/base/fontenc.sty
Package: fontenc 2021/04/29 v2.0v Standard LaTeX package
)) (/usr/share/texlive/texmf-dist/tex/latex/psnfss/helvet.sty
Package: helvet 2020/03/25 PSNFSS-v9.3 (WaS) 
) (/usr/share/texlive/texmf-dist/tex/latex/psnfss/courier.sty
Package: courier 2020/03/25 PSNFSS-v9.3 (WaS) 
) (/usr/share/texlive/texmf-dist/tex/latex/sectsty/sectsty.sty
Package: sectsty 2002/02/25 v2.0.2 Commands to change all sectional heading sty
les

LaTeX Warning: Command \underbar  has changed.
               Check if current package is valid.


LaTeX Warning: Command \underline  has changed.
               Check if current package is valid.

) (/usr/share/texlive/texmf-dist/tex/latex/geometry/geometry.sty
Package: geometry 2020/01/02 v5.9 Page Geometry
(/usr/share/texlive/texmf-dist/tex/generic/iftex/ifvtex.sty
Package: ifvtex 2019/10/25 v1.7 ifvtex legacy package. Use iftex instead.
)
\Gm@cnth=\count296
\Gm@cntv=\count297
\c@Gm@tempcnt=\count298
\Gm@bindingoffset=\dimen187
\Gm@wd@mp=\dimen188
\Gm@odd@mp=\dimen189
\Gm@even@mp=\dimen190
\Gm@layoutwidth=\dimen191
\Gm@layoutheight=\dimen192
\Gm@layouthoffset=\dimen193
\Gm@layoutvoffset=\dimen194
\Gm@dimlist=\toks33
) (/usr/share/texlive/texmf-dist/tex/latex/fancyhdr/fancyhdr.sty
Package: fancyhdr 2021/01/28 v4.0.1 Extensive control of page headers and foote
rs
\f@nch@headwidth=\skip81
\f@nch@O@elh=\skip82
\f@nch@O@erh=\skip83
\f@nch@O@olh=\skip84
\f@nch@O@orh=\skip85
\f@nch@O@elf=\skip86
\f@nch@O@erf=\skip87
\f@nch@O@olf=\skip88
\f@nch@O@orf=\skip89
) (/usr/share/texlive/texmf-dist/tex/latex/natbib/natbib.sty
Package: natbib 2010/09/13 8.31b (PWD, AO)
\bibhang=\skip90
\bibsep=\skip91
LaTeX Info: Redefining \cite on input line 694.
\c@NAT@ctr=\count299
) (/usr/share/texlive/texmf-dist/tex/latex/tocloft/tocloft.sty
Package: tocloft 2017/08/31 v2.3i parameterised ToC, etc., typesetting
Package tocloft Info: The document has chapter divisions on input line 51.
\cftparskip=\skip92
\cftbeforetoctitleskip=\skip93
\cftaftertoctitleskip=\skip94
\cftbeforepartskip=\skip95
\cftpartnumwidth=\skip96
\cftpartindent=\skip97
\cftbeforechapskip=\skip98
\cftchapindent=\skip99
\cftchapnumwidth=\skip100
\cftbeforesecskip=\skip101
\cftsecindent=\skip102
\cftsecnumwidth=\skip103
\cftbeforesubsecskip=\skip104
\cftsubsecindent=\skip105
\cftsubsecnumwidth=\skip106
\cftbeforesubsubsecskip=\skip107
\cftsubsubsecindent=\skip108
\cftsubsubsecnumwidth=\skip109
\cftbeforeparaskip=\skip110
\cftparaindent=\skip111
\cftparanumwidth=\skip112
\cftbeforesubparaskip=\skip113
\cftsubparaindent=\skip114
\cftsubparanumwidth=\skip115
\cftbeforeloftitleskip=\skip116
\cftafterloftitleskip=\skip117
\cftbeforefigskip=\skip118
\cftfigindent=\skip119
\cftfignumwidth=\skip120
\c@lofdepth=\count300
\c@lotdepth=\count301
\cftbeforelottitleskip=\skip121
\cftafterlottitleskip=\skip122
\cftbeforetabskip=\skip123
\cfttabindent=\skip124
\cfttabnumwidth=\skip125
)
\@indexfile=\write4
\openout4 = `refman.idx'.

Writing index file refman.idx
(/usr/share/texlive/texmf-dist/tex/latex/newunicodechar/newunicodechar.sty
Package: newunicodechar 2018/04/08 v1.2 Defining Unicode characters
) (/usr/share/texlive/texmf-dist/tex/latex/hyperref/hyperref.sty
Package: hyperref 2021-06-07 v7.00m Hypertext links for LaTeX
(/usr/share/texlive/texmf-dist/tex/generic/ltxcmds/ltxcmds.sty
Package: ltxcmds 2020-05-10 v1.25 LaTeX kernel commands for general use (HO)
) (/usr/share/texlive/texmf-dist/tex/generic/pdftexcmds/pdftexcmds.sty
Package: pdftexcmds 2020-06-27 v0.33 Utility functions of pdfTeX for LuaTeX (HO
)
(/usr/share/texlive/texmf-dist/tex/generic/infwarerr/infwarerr.sty
Package: infwarerr 2019/12/03 v1.5 Providing info/warning/error messages (HO)
)
Package pdftexcmds Info: \pdf@primitive is available.
Package pdftexcmds Info: \pdf@ifprimitive is available.
Package pdftexcmds Info: \pdfdraftmode not found.
) (/usr/share/texlive/texmf-dist/tex/generic/kvsetkeys/kvsetkeys.sty
Package: kvsetkeys 2019/12/15 v1.18 Key value parser (HO)
) (/usr/share/texlive/texmf-dist/tex/generic/kvdefinekeys/kvdefinekeys.sty
Package: kvdefinekeys 2019-12-19 v1.6 Define keys (HO)
) (/usr/share/texlive/texmf-dist/tex/generic/pdfescape/pdfescape.sty
Package: pdfescape 2019/12/09 v1.15 Implements pdfTeX's escape features (HO)
) (/usr/share/texlive/texmf-dist/tex/latex/hycolor/hycolor.sty
Package: hycolor 2020-01-27 v1.10 Color options for hyperref/bookmark (HO)
) (/usr/share/texlive/texmf-dist/tex/latex/letltxmacro/letltxmacro.sty
Package: letltxmacro 2019/12/03 v1.6 Let assignment for LaTeX macros (HO)
) (/usr/share/texlive/texmf-dist/tex/latex/auxhook/auxhook.sty
Package: auxhook 2019-12-17 v1.6 Hooks for auxiliary files (HO)
) (/usr/share/texlive/texmf-dist/tex/latex/kvoptions/kvoptions.sty
Package: kvoptions 2020-10-07 v3.14 Key value format for package options (HO)
)
\@linkdim=\dimen195
\Hy@linkcounter=\count302
\Hy@pagecounter=\count303
(/usr/share/texlive/texmf-dist/tex/latex/hyperref/pd1enc.def
File: pd1enc.def 2021-06-07 v7.00m Hyperref: PDFDocEncoding definition (HO)
) (/usr/share/texlive/texmf-dist/tex/latex/hyperref/hyperref-langpatches.def
File: hyperref-langpatches.def 2021-06-07 v7.00m Hyperref: patches for babel la
nguages
) (/usr/share/texlive/texmf-dist/tex/generic/intcalc/intcalc.sty
Package: intcalc 2019/12/15 v1.3 Expandable calculations with integers (HO)
) (/usr/share/texlive/texmf-dist/tex/generic/etexcmds/etexcmds.sty
Package: etexcmds 2019/12/15 v1.7 Avoid name clashes with e-TeX commands (HO)
)
\Hy@SavedSpaceFactor=\count304
(/usr/share/texlive/texmf-dist/tex/latex/hyperref/puenc.def
File: puenc.def 2021-06-07 v7.00m Hyperref: PDF Unicode definition (HO)
)
Package hyperref Info: Hyper figures OFF on input line 4192.
Package hyperref Info: Link nesting OFF on input line 4197.
Package hyperref Info: Hyper index ON on input line 4200.
Package hyperref Info: Plain pages OFF on input line 4207.
Package hyperref Info: Backreferencing ON on input line 4210.
Package hyperref Info: Implicit mode ON; LaTeX internals redefined.
Package hyperref Info: Bookmarks ON on input line 4445.
(/usr/share/texlive/texmf-dist/tex/latex/hyperref/backref.sty
Package: backref 2021/02/04 v1.41 Bibliographical back referencing
(/usr/share/texlive/texmf-dist/tex/latex/rerunfilecheck/rerunfilecheck.sty
Package: rerunfilecheck 2019/12/05 v1.9 Rerun checks for auxiliary files (HO)
(/usr/share/texlive/texmf-dist/tex/latex/base/atveryend-ltx.sty
Package: atveryend-ltx 2020/08/19 v1.0a Emulation of the original atveryend pac
kage
with kernel methods
) (/usr/share/texlive/texmf-dist/tex/generic/uniquecounter/uniquecounter.sty
Package: uniquecounter 2019/12/15 v1.4 Provide unlimited unique counter (HO)
(/usr/share/texlive/texmf-dist/tex/generic/bigintcalc/bigintcalc.sty
Package: bigintcalc 2019/12/15 v1.5 Expandable calculations on big integers (HO
)
))
Package uniquecounter Info: New unique counter `rerunfilecheck' on input line 2
86.
))
\c@Hy@tempcnt=\count305
(/usr/share/texlive/texmf-dist/tex/latex/url/url.sty
\Urlmuskip=\muskip16
Package: url 2013/09/16  ver 3.4  Verb mode for urls, etc.
)
LaTeX Info: Redefining \url on input line 4804.
\XeTeXLinkMargin=\dimen196
(/usr/share/texlive/texmf-dist/tex/generic/bitset/bitset.sty
Package: bitset 2019/12/09 v1.3 Handle bit-vector datatype (HO)
)
\Fld@menulength=\count306
\Field@Width=\dimen197
\Fld@charsize=\dimen198
Package hyperref Info: Hyper figures OFF on input line 6076.
Package hyperref Info: Link nesting OFF on input line 6081.
Package hyperref Info: Hyper index ON on input line 6084.
Package hyperref Info: backreferencing ON on input line 6089.
Package hyperref Info: Link coloring OFF on input line 6096.
Package hyperref Info: Link coloring with OCG OFF on input line 6101.
Package hyperref Info: PDF/A mode OFF on input line 6106.
LaTeX Info: Redefining \ref on input line 6146.
LaTeX Info: Redefining \pageref on input line 6150.
(/usr/share/texlive/texmf-dist/tex/latex/base/atbegshi-ltx.sty
Package: atbegshi-ltx 2021/01/10 v1.0c Emulation of the original atbegshi
package with kernel methods
)
\Hy@abspage=\count307
\c@Item=\count308
\c@Hfootnote=\count309

LaTeX Warning: Command \LT@p@ftntext  has changed.
               Check if current package is valid.

)
Package hyperref Info: Driver (autodetected): hxetex.
(/usr/share/texlive/texmf-dist/tex/latex/hyperref/hxetex.def
File: hxetex.def 2021-06-07 v7.00m Hyperref driver for XeTeX
(/usr/share/texlive/texmf-dist/tex/generic/stringenc/stringenc.sty
Package: stringenc 2019/11/29 v1.12 Convert strings between diff. encodings (HO
)
)
\pdfm@box=\box119
\c@Hy@AnnotLevel=\count310
\HyField@AnnotCount=\count311
\Fld@listcount=\count312
\c@bookmark@seq@number=\count313
\Hy@SectionHShift=\skip126
)
Package hyperref Info: Option `colorlinks' set `true' on input line 137.
Package hyperref Info: Option `unicode' set `true' on input line 137.
(/usr/share/texlive/texmf-dist/tex/latex/caption/caption.sty
Package: caption 2020/10/26 v3.5g Customizing captions (AR)
(/usr/share/texlive/texmf-dist/tex/latex/caption/caption3.sty
Package: caption3 2020/10/21 v2.2e caption3 kernel (AR)
\captionmargin=\dimen199
\captionmargin@=\dimen256
\captionwidth=\dimen257
\caption@tempdima=\dimen258
\caption@indent=\dimen259
\caption@parindent=\dimen260
\caption@hangindent=\dimen261
Package caption Info: Standard document class detected.
)
\c@caption@flags=\count314
\c@continuedfloat=\count315
Package caption Info: float package is loaded.
Package caption Info: hyperref package is loaded.
Package caption Info: longtable package is loaded.
(/usr/share/texlive/texmf-dist/tex/latex/caption/ltcaption.sty
Package: ltcaption 2020/05/30 v1.4b longtable captions (AR)
)) (/usr/share/texlive/texmf-dist/tex/latex/etoc/etoc.sty
Package: etoc 2021/09/23 v1.09e Completely customisable TOCs (JFB)
\Etoc@toctoks=\toks34
\c@etoc@tocid=\count316
\c@etoc@tocdepth=\count317
\etoc@framed@titlebox=\box120
\etoc@framed@contentsbox=\box121
)
LaTeX Font Info:    Trying to load font information for TU+phv on input line 15
2.
LaTeX Font Info:    No file TUphv.fd. on input line 152.

LaTeX Font Warning: Font shape `TU/phv/m/n' undefined
(Font)              using `TU/lmr/m/n' instead on input line 152.

(/usr/share/texlive/texmf-dist/tex/latex/l3backend/l3backend-xetex.def
File: l3backend-xetex.def 2022-01-12 L3 backend support: XeTeX
(|extractbb --version)
\c__kernel_sys_dvipdfmx_version_int=\count318
\l__color_backend_stack_int=\count319
\g__color_backend_stack_int=\count320
\g__graphics_track_int=\count321
\l__pdf_internal_box=\box122
\g__pdf_backend_object_int=\count322
\g__pdf_backend_annotation_int=\count323
\g__pdf_backend_link_int=\count324
)
No file refman.aux.
\openout1 = `refman.aux'.

LaTeX Font Info:    Checking defaults for OML/cmm/m/it on input line 152.
LaTeX Font Info:    ... okay on input line 152.
LaTeX Font Info:    Checking defaults for OMS/cmsy/m/n on input line 152.
LaTeX Font Info:    ... okay on input line 152.
LaTeX Font Info:    Checking defaults for OT1/cmr/m/n on input line 152.
LaTeX Font Info:    ... okay on input line 152.
LaTeX Font Info:    Checking defaults for T1/cmr/m/n on input line 152.
LaTeX Font Info:    ... okay on input line 152.
LaTeX Font Info:    Checking defaults for TS1/cmr/m/n on input line 152.
LaTeX Font Info:    Trying to load font information for TS1+cmr on input line 1
52.
(/usr/share/texlive/texmf-dist/tex/latex/base/ts1cmr.fd
File: ts1cmr.fd 2019/12/16 v2.5j Standard LaTeX font definitions
)
LaTeX Font Info:    ... okay on input line 152.
LaTeX Font Info:    Checking defaults for TU/lmr/m/n on input line 152.
LaTeX Font Info:    ... okay on input line 152.
LaTeX Font Info:    Checking defaults for OMX/cmex/m/n on input line 152.
LaTeX Font Info:    ... okay on input line 152.
LaTeX Font Info:    Checking defaults for U/cmr/m/n on input line 152.
LaTeX Font Info:    ... okay on input line 152.
LaTeX Font Info:    Checking defaults for C00/song/m/n on input line 152.
LaTeX Font Info:    ... okay on input line 152.
LaTeX Font Info:    Checking defaults for C05/song/m/n on input line 152.
LaTeX Font Info:    ... okay on input line 152.
LaTeX Font Info:    Checking defaults for C09/song/m/n on input line 152.
LaTeX Font Info:    ... okay on input line 152.
LaTeX Font Info:    Checking defaults for C10/song/m/n on input line 152.
LaTeX Font Info:    ... okay on input line 152.
LaTeX Font Info:    Checking defaults for C20/song/m/n on input line 152.
LaTeX Font Info:    ... okay on input line 152.
LaTeX Font Info:    Checking defaults for C19/song/m/n on input line 152.
LaTeX Font Info:    ... okay on input line 152.
LaTeX Font Info:    Checking defaults for C40/song/m/n on input line 152.
LaTeX Font Info:    ... okay on input line 152.
LaTeX Font Info:    Checking defaults for C42/song/m/n on input line 152.
LaTeX Font Info:    ... okay on input line 152.
LaTeX Font Info:    Checking defaults for C43/song/m/n on input line 152.
LaTeX Font Info:    ... okay on input line 152.
LaTeX Font Info:    Checking defaults for C50/song/m/n on input line 152.
LaTeX Font Info:    ... okay on input line 152.
LaTeX Font Info:    Checking defaults for C52/song/m/n on input line 152.
LaTeX Font Info:    ... okay on input line 152.
LaTeX Font Info:    Checking defaults for C49/song/m/n on input line 152.
LaTeX Font Info:    ... okay on input line 152.
LaTeX Font Info:    Checking defaults for C60/mj/m/n on input line 152.
LaTeX Font Info:    ... okay on input line 152.
LaTeX Font Info:    Checking defaults for C61/mj/m/n on input line 152.
LaTeX Font Info:    ... okay on input line 152.
LaTeX Font Info:    Checking defaults for C63/mj/m/n on input line 152.
LaTeX Font Info:    ... okay on input line 152.
LaTeX Font Info:    Checking defaults for C64/mj/m/n on input line 152.
LaTeX Font Info:    ... okay on input line 152.
LaTeX Font Info:    Checking defaults for C65/mj/m/n on input line 152.
LaTeX Font Info:    ... okay on input line 152.
LaTeX Font Info:    Checking defaults for C70/song/m/n on input line 152.
LaTeX Font Info:    ... okay on input line 152.
LaTeX Font Info:    Checking defaults for C31/song/m/n on input line 152.
LaTeX Font Info:    ... okay on input line 152.
LaTeX Font Info:    Checking defaults for C32/song/m/n on input line 152.
LaTeX Font Info:    ... okay on input line 152.
LaTeX Font Info:    Checking defaults for C33/song/m/n on input line 152.
LaTeX Font Info:    ... okay on input line 152.
LaTeX Font Info:    Checking defaults for C34/song/m/n on input line 152.
LaTeX Font Info:    ... okay on input line 152.
LaTeX Font Info:    Checking defaults for C35/song/m/n on input line 152.
LaTeX Font Info:    ... okay on input line 152.
LaTeX Font Info:    Checking defaults for C36/song/m/n on input line 152.
LaTeX Font Info:    ... okay on input line 152.
LaTeX Font Info:    Checking defaults for C37/song/m/n on input line 152.
LaTeX Font Info:    ... okay on input line 152.
LaTeX Font Info:    Checking defaults for C80/song/m/n on input line 152.
LaTeX Font Info:    ... okay on input line 152.
LaTeX Font Info:    Checking defaults for C81/song/m/n on input line 152.
LaTeX Font Info:    ... okay on input line 152.
LaTeX Font Info:    Checking defaults for C01/song/m/n on input line 152.
LaTeX Font Info:    ... okay on input line 152.
LaTeX Font Info:    Checking defaults for C11/song/m/n on input line 152.
LaTeX Font Info:    ... okay on input line 152.
LaTeX Font Info:    Checking defaults for C21/song/m/n on input line 152.
LaTeX Font Info:    ... okay on input line 152.
LaTeX Font Info:    Checking defaults for C41/song/m/n on input line 152.
LaTeX Font Info:    ... okay on input line 152.
LaTeX Font Info:    Checking defaults for C62/song/m/n on input line 152.
LaTeX Font Info:    ... okay on input line 152.
LaTeX Font Info:    Checking defaults for PD1/pdf/m/n on input line 152.
LaTeX Font Info:    ... okay on input line 152.
LaTeX Font Info:    Checking defaults for PU/pdf/m/n on input line 152.
LaTeX Font Info:    ... okay on input line 152.
*geometry* driver: auto-detecting
*geometry* detected driver: xetex
*geometry* verbose mode - [ preamble ] result:
* driver: xetex
* paper: a4paper
* layout: <same size as paper>
* layoutoffset:(h,v)=(0.0pt,0.0pt)
* modes: twoside 
* h-part:(L,W,R)=(71.13188pt, 455.24411pt, 71.13188pt)
* v-part:(T,H,B)=(71.13188pt, 702.78308pt, 71.13188pt)
* \paperwidth=597.50787pt
* \paperheight=845.04684pt
* \textwidth=455.24411pt
* \textheight=702.78308pt
* \oddsidemargin=-1.1381pt
* \evensidemargin=-1.1381pt
* \topmargin=-31.2056pt
* \headheight=12.0pt
* \headsep=18.06749pt
* \topskip=10.0pt
* \footskip=25.29494pt
* \marginparwidth=125.0pt
* \marginparsep=7.0pt
* \columnsep=10.0pt
* \skip\footins=9.0pt plus 4.0pt minus 2.0pt
* \hoffset=0.0pt
* \voffset=0.0pt
* \mag=1000
* \@twocolumnfalse
* \@twosidetrue
* \@mparswitchtrue
* \@reversemarginfalse
* (1in=72.27pt=25.4mm, 1cm=28.453pt)

Package hyperref Info: Link coloring ON on input line 152.
(/usr/share/texlive/texmf-dist/tex/latex/hyperref/nameref.sty
Package: nameref 2021-04-02 v2.47 Cross-referencing by name of section
(/usr/share/texlive/texmf-dist/tex/latex/refcount/refcount.sty
Package: refcount 2019/12/15 v3.6 Data extraction from label references (HO)
) (/usr/share/texlive/texmf-dist/tex/generic/gettitlestring/gettitlestring.sty
Package: gettitlestring 2019/12/15 v1.6 Cleanup title references (HO)
)
\c@section@level=\count325
)
LaTeX Info: Redefining \ref on input line 152.
LaTeX Info: Redefining \pageref on input line 152.
LaTeX Info: Redefining \nameref on input line 152.
\@outlinefile=\write5
\openout5 = `refman.out'.


Package hyperref Warning: Rerun to get /PageLabels entry.

Package backref Info: ** backref set up for natbib ** on input line 152.
Package caption Info: Begin \AtBeginDocument code.
Package caption Info: End \AtBeginDocument code.
No file refman.toc.
(/usr/share/texmf/tex/latex/CJK/UTF8/UTF8.bdg
File: UTF8.bdg 2015/04/18 4.8.4
) (/usr/share/texmf/tex/latex/CJK/UTF8/UTF8.enc
File: UTF8.enc 2015/04/18 4.8.4
) (/usr/share/texmf/tex/latex/CJK/UTF8/UTF8.chr
File: UTF8.chr 2015/04/18 4.8.4
)
LaTeX Font Info:    Trying to load font information for U+msa on input line 161
.
(/usr/share/texlive/texmf-dist/tex/latex/amsfonts/umsa.fd
File: umsa.fd 2013/01/14 v3.01 AMS symbols A
)
LaTeX Font Info:    Trying to load font information for U+msb on input line 161
.
(/usr/share/texlive/texmf-dist/tex/latex/amsfonts/umsb.fd
File: umsb.fd 2013/01/14 v3.01 AMS symbols B
)
LaTeX Font Info:    Trying to load font information for U+wasy on input line 16
1.
(/usr/share/texlive/texmf-dist/tex/latex/wasysym/uwasy.fd
File: uwasy.fd 2020/01/19 v2.4 Wasy-2 symbol font definitions
)
Missing character: There is no 制 (U+5236) in font [lmroman12-regular]:mapping=t
ex-text;!
Missing character: There is no 作 (U+4F5C) in font [lmroman12-regular]:mapping=t
ex-text;!
Missing character: There is no 者 (U+8005) in font [lmroman12-regular]:mapping=t
ex-text;!
[1


] [2

]
\tf@toc=\write6
\openout6 = `refman.toc'.

Chapter 1.
(./index.tex
Missing character: There is no 是 (U+662F) in font [lmroman10-regular]:mapping=t
ex-text;!
Missing character: There is no 一 (U+4E00) in font [lmroman10-regular]:mapping=t
ex-text;!
Missing character: There is no 个 (U+4E2A) in font [lmroman10-regular]:mapping=t
ex-text;!
Missing character: There is no 用 (U+7528) in font [lmroman10-regular]:mapping=t
ex-text;!
Missing character: There is no 于 (U+4E8E) in font [lmroman10-regular]:mapping=t
ex-text;!
Missing character: There is no 机 (U+673A) in font [lmroman10-regular]:mapping=t
ex-text;!
Missing character: There is no 械 (U+68B0) in font [lmroman10-regular]:mapping=t
ex-text;!
Missing character: There is no 臂 (U+81C2) in font [lmroman10-regular]:mapping=t
ex-text;!
Missing character: There is no 远 (U+8FDC) in font [lmroman10-regular]:mapping=t
ex-text;!
Missing character: There is no 程 (U+7A0B) in font [lmroman10-regular]:mapping=t
ex-text;!
Missing character: There is no 控 (U+63A7) in font [lmroman10-regular]:mapping=t
ex-text;!
Missing character: There is no 制 (U+5236) in font [lmroman10-regular]:mapping=t
ex-text;!
Missing character: There is no 的 (U+7684) in font [lmroman10-regular]:mapping=t
ex-text;!
Missing character: There is no 跨 (U+8DE8) in font [lmroman10-regular]:mapping=t
ex-text;!
Missing character: There is no 平 (U+5E73) in font [lmroman10-regular]:mapping=t
ex-text;!
Missing character: There is no 台 (U+53F0) in font [lmroman10-regular]:mapping=t
ex-text;!
Missing character: There is no 开 (U+5F00) in font [lmroman10-regular]:mapping=t
ex-text;!
Missing character: There is no 发 (U+53D1) in font [lmroman10-regular]:mapping=t
ex-text;!
Missing character: There is no 工 (U+5DE5) in font [lmroman10-regular]:mapping=t
ex-text;!
Missing character: There is no 具 (U+5177) in font [lmroman10-regular]:mapping=t
ex-text;!
Missing character: There is no 包 (U+5305) in font [lmroman10-regular]:mapping=t
ex-text;!
Missing character: There is no 。 (U+3002) in font [lmroman10-regular]:mapping=t
ex-text;!
Missing character: There is no 它 (U+5B83) in font [lmroman10-regular]:mapping=t
ex-text;!
Missing character: There is no 通 (U+901A) in font [lmroman10-regular]:mapping=t
ex-text;!
Missing character: There is no 过 (U+8FC7) in font [lmroman10-regular]:mapping=t
ex-text;!
Missing character: There is no 通 (U+901A) in font [lmroman10-regular]:mapping=t
ex-text;!
Missing character: There is no 信 (U+4FE1) in font [lmroman10-regular]:mapping=t
ex-text;!
Missing character: There is no 协 (U+534F) in font [lmroman10-regular]:mapping=t
ex-text;!
Missing character: There is no 议 (U+8BAE) in font [lmroman10-regular]:mapping=t
ex-text;!
Missing character: There is no 实 (U+5B9E) in font [lmroman10-regular]:mapping=t
ex-text;!
Missing character: There is no 现 (U+73B0) in font [lmroman10-regular]:mapping=t
ex-text;!
Missing character: There is no 与 (U+4E0E) in font [lmroman10-regular]:mapping=t
ex-text;!
Missing character: There is no 机 (U+673A) in font [lmroman10-regular]:mapping=t
ex-text;!
Missing character: There is no 器 (U+5668) in font [lmroman10-regular]:mapping=t
ex-text;!
Missing character: There is no 人 (U+4EBA) in font [lmroman10-regular]:mapping=t
ex-text;!
Missing character: There is no 的 (U+7684) in font [lmroman10-regular]:mapping=t
ex-text;!
Missing character: There is no 交 (U+4EA4) in font [lmroman10-regular]:mapping=t
ex-text;!
Missing character: There is no 互 (U+4E92) in font [lmroman10-regular]:mapping=t
ex-text;!
Missing character: There is no ， (U+FF0C) in font [lmroman10-regular]:mapping=t
ex-text;!
Missing character: There is no 涵 (U+6DB5) in font [lmroman10-regular]:mapping=t
ex-text;!
Missing character: There is no 盖 (U+76D6) in font [lmroman10-regular]:mapping=t
ex-text;!
Missing character: There is no 了 (U+4E86) in font [lmroman10-regular]:mapping=t
ex-text;!
Missing character: There is no 运 (U+8FD0) in font [lmroman10-regular]:mapping=t
ex-text;!
Missing character: There is no 动 (U+52A8) in font [lmroman10-regular]:mapping=t
ex-text;!
Missing character: There is no 控 (U+63A7) in font [lmroman10-regular]:mapping=t
ex-text;!
Missing character: There is no 制 (U+5236) in font [lmroman10-regular]:mapping=t
ex-text;!
Missing character: There is no （ (U+FF08) in font [lmroman10-regular]:mapping=t
ex-text;!
Missing character: There is no ） (U+FF09) in font [lmroman10-regular]:mapping=t
ex-text;!
Missing character: There is no 、 (U+3001) in font [lmroman10-regular]:mapping=t
ex-text;!
Missing character: There is no 管 (U+7BA1) in font [lmroman10-regular]:mapping=t
ex-text;!
Missing character: There is no 理 (U+7406) in font [lmroman10-regular]:mapping=t
ex-text;!
Missing character: There is no 、 (U+3001) in font [lmroman10-regular]:mapping=t
ex-text;!
Missing character: There is no 寄 (U+5BC4) in font [lmroman10-regular]:mapping=t
ex-text;!
Missing character: There is no 存 (U+5B58) in font [lmroman10-regular]:mapping=t
ex-text;!
Missing character: There is no 器 (U+5668) in font [lmroman10-regular]:mapping=t
ex-text;!
Missing character: There is no 操 (U+64CD) in font [lmroman10-regular]:mapping=t
ex-text;!
Missing character: There is no 作 (U+4F5C) in font [lmroman10-regular]:mapping=t
ex-text;!
Missing character: There is no 、 (U+3001) in font [lmroman10-regular]:mapping=t
ex-text;!
Missing character: There is no 数 (U+6570) in font [lmroman10-regular]:mapping=t
ex-text;!
Missing character: There is no 据 (U+636E) in font [lmroman10-regular]:mapping=t
ex-text;!
Missing character: There is no 流 (U+6D41) in font [lmroman10-regular]:mapping=t
ex-text;!
Missing character: There is no 订 (U+8BA2) in font [lmroman10-regular]:mapping=t
ex-text;!
Missing character: There is no 阅 (U+9605) in font [lmroman10-regular]:mapping=t
ex-text;!
Missing character: There is no 及 (U+53CA) in font [lmroman10-regular]:mapping=t
ex-text;!
Missing character: There is no 实 (U+5B9E) in font [lmroman10-regular]:mapping=t
ex-text;!
Missing character: There is no 时 (U+65F6) in font [lmroman10-regular]:mapping=t
ex-text;!
Missing character: There is no 控 (U+63A7) in font [lmroman10-regular]:mapping=t
ex-text;!
Missing character: There is no 制 (U+5236) in font [lmroman10-regular]:mapping=t
ex-text;!
Missing character: There is no 等 (U+7B49) in font [lmroman10-regular]:mapping=t
ex-text;!
Missing character: There is no 核 (U+6838) in font [lmroman10-regular]:mapping=t
ex-text;!
Missing character: There is no 心 (U+5FC3) in font [lmroman10-regular]:mapping=t
ex-text;!
Missing character: There is no 功 (U+529F) in font [lmroman10-regular]:mapping=t
ex-text;!
Missing character: There is no 能 (U+80FD) in font [lmroman10-regular]:mapping=t
ex-text;!
Missing character: There is no 。 (U+3002) in font [lmroman10-regular]:mapping=t
ex-text;!
Missing character: There is no 🌟 (U+1F31F) in font [lmroman12-regular]:mapping=
tex-text;!
Missing character: There is no 特 (U+7279) in font [lmroman12-regular]:mapping=t
ex-text;!
Missing character: There is no 点 (U+70B9) in font [lmroman12-regular]:mapping=t
ex-text;!
Missing character: There is no 开 (U+5F00) in font [lmroman10-regular]:mapping=t
ex-text;!
Missing character: There is no 箱 (U+7BB1) in font [lmroman10-regular]:mapping=t
ex-text;!
Missing character: There is no 即 (U+5373) in font [lmroman10-regular]:mapping=t
ex-text;!
Missing character: There is no 用 (U+7528) in font [lmroman10-regular]:mapping=t
ex-text;!
Missing character: There is no ： (U+FF1A) in font [lmroman10-regular]:mapping=t
ex-text;!
Missing character: There is no 底 (U+5E95) in font [lmroman10-regular]:mapping=t
ex-text;!
Missing character: There is no 层 (U+5C42) in font [lmroman10-regular]:mapping=t
ex-text;!
Missing character: There is no 依 (U+4F9D) in font [lmroman10-regular]:mapping=t
ex-text;!
Missing character: There is no 赖 (U+8D56) in font [lmroman10-regular]:mapping=t
ex-text;!
Missing character: There is no 库 (U+5E93) in font [lmroman10-regular]:mapping=t
ex-text;!
Missing character: There is no （ (U+FF08) in font [lmroman10-regular]:mapping=t
ex-text;!
Missing character: There is no 和 (U+548C) in font [lmroman10-regular]:mapping=t
ex-text;!
Missing character: There is no ） (U+FF09) in font [lmroman10-regular]:mapping=t
ex-text;!
Missing character: There is no 已 (U+5DF2) in font [lmroman10-regular]:mapping=t
ex-text;!
Missing character: There is no 内 (U+5185) in font [lmroman10-regular]:mapping=t
ex-text;!
Missing character: There is no 置 (U+7F6E) in font [lmroman10-regular]:mapping=t
ex-text;!
Missing character: There is no 于 (U+4E8E) in font [lmroman10-regular]:mapping=t
ex-text;!
LaTeX Font Info:    Trying to load font information for TU+pcr on input line 6.

LaTeX Font Info:    No file TUpcr.fd. on input line 6.

LaTeX Font Warning: Font shape `TU/pcr/m/n' undefined
(Font)              using `TU/lmr/m/n' instead on input line 6.

Missing character: There is no 文 (U+6587) in font [lmroman10-regular]:mapping=t
ex-text;!
Missing character: There is no 件 (U+4EF6) in font [lmroman10-regular]:mapping=t
ex-text;!
Missing character: There is no 夹 (U+5939) in font [lmroman10-regular]:mapping=t
ex-text;!
Missing character: There is no 中 (U+4E2D) in font [lmroman10-regular]:mapping=t
ex-text;!
Missing character: There is no ， (U+FF0C) in font [lmroman10-regular]:mapping=t
ex-text;!
Missing character: There is no 克 (U+514B) in font [lmroman10-regular]:mapping=t
ex-text;!
Missing character: There is no 隆 (U+9686) in font [lmroman10-regular]:mapping=t
ex-text;!
Missing character: There is no 仓 (U+4ED3) in font [lmroman10-regular]:mapping=t
ex-text;!
Missing character: There is no 库 (U+5E93) in font [lmroman10-regular]:mapping=t
ex-text;!
Missing character: There is no 后 (U+540E) in font [lmroman10-regular]:mapping=t
ex-text;!
Missing character: There is no 无 (U+65E0) in font [lmroman10-regular]:mapping=t
ex-text;!
Missing character: There is no 需 (U+9700) in font [lmroman10-regular]:mapping=t
ex-text;!
Missing character: There is no 额 (U+989D) in font [lmroman10-regular]:mapping=t
ex-text;!
Missing character: There is no 外 (U+5916) in font [lmroman10-regular]:mapping=t
ex-text;!
Missing character: There is no 安 (U+5B89) in font [lmroman10-regular]:mapping=t
ex-text;!
Missing character: There is no 装 (U+88C5) in font [lmroman10-regular]:mapping=t
ex-text;!
Missing character: There is no 系 (U+7CFB) in font [lmroman10-regular]:mapping=t
ex-text;!
Missing character: There is no 统 (U+7EDF) in font [lmroman10-regular]:mapping=t
ex-text;!
Missing character: There is no 依 (U+4F9D) in font [lmroman10-regular]:mapping=t
ex-text;!
Missing character: There is no 赖 (U+8D56) in font [lmroman10-regular]:mapping=t
ex-text;!
Missing character: There is no 即 (U+5373) in font [lmroman10-regular]:mapping=t
ex-text;!
Missing character: There is no 可 (U+53EF) in font [lmroman10-regular]:mapping=t
ex-text;!
Missing character: There is no 直 (U+76F4) in font [lmroman10-regular]:mapping=t
ex-text;!
Missing character: There is no 接 (U+63A5) in font [lmroman10-regular]:mapping=t
ex-text;!
Missing character: There is no 编 (U+7F16) in font [lmroman10-regular]:mapping=t
ex-text;!
Missing character: There is no 译 (U+8BD1) in font [lmroman10-regular]:mapping=t
ex-text;!
Missing character: There is no 。 (U+3002) in font [lmroman10-regular]:mapping=t
ex-text;!
Missing character: There is no 双 (U+53CC) in font [lmroman10-regular]:mapping=t
ex-text;!
Missing character: There is no 通 (U+901A) in font [lmroman10-regular]:mapping=t
ex-text;!
Missing character: There is no 道 (U+9053) in font [lmroman10-regular]:mapping=t
ex-text;!
Missing character: There is no 架 (U+67B6) in font [lmroman10-regular]:mapping=t
ex-text;!
Missing character: There is no 构 (U+6784) in font [lmroman10-regular]:mapping=t
ex-text;!
Missing character: There is no ： (U+FF1A) in font [lmroman10-regular]:mapping=t
ex-text;!
Missing character: There is no 支 (U+652F) in font [lmroman10-regular]:mapping=t
ex-text;!
Missing character: There is no 持 (U+6301) in font [lmroman10-regular]:mapping=t
ex-text;!
Missing character: There is no 独 (U+72EC) in font [lmroman10-regular]:mapping=t
ex-text;!
Missing character: There is no 立 (U+7ACB) in font [lmroman10-regular]:mapping=t
ex-text;!
Missing character: There is no 的 (U+7684) in font [lmroman10-regular]:mapping=t
ex-text;!
Missing character: There is no 指 (U+6307) in font [lmroman10-regular]:mapping=t
ex-text;!
Missing character: There is no 令 (U+4EE4) in font [lmroman10-regular]:mapping=t
ex-text;!
Missing character: There is no 通 (U+901A) in font [lmroman10-regular]:mapping=t
ex-text;!
Missing character: There is no 道 (U+9053) in font [lmroman10-regular]:mapping=t
ex-text;!
Missing character: There is no 与 (U+4E0E) in font [lmroman10-regular]:mapping=t
ex-text;!
Missing character: There is no 状 (U+72B6) in font [lmroman10-regular]:mapping=t
ex-text;!
Missing character: There is no 态 (U+6001) in font [lmroman10-regular]:mapping=t
ex-text;!
Missing character: There is no 订 (U+8BA2) in font [lmroman10-regular]:mapping=t
ex-text;!
Missing character: There is no 阅 (U+9605) in font [lmroman10-regular]:mapping=t
ex-text;!
Missing character: There is no 通 (U+901A) in font [lmroman10-regular]:mapping=t
ex-text;!
Missing character: There is no 道 (U+9053) in font [lmroman10-regular]:mapping=t
ex-text;!
Missing character: There is no ， (U+FF0C) in font [lmroman10-regular]:mapping=t
ex-text;!
Missing character: There is no 确 (U+786E) in font [lmroman10-regular]:mapping=t
ex-text;!
Missing character: There is no 保 (U+4FDD) in font [lmroman10-regular]:mapping=t
ex-text;!
Missing character: There is no 高 (U+9AD8) in font [lmroman10-regular]:mapping=t
ex-text;!
Missing character: There is no 频 (U+9891) in font [lmroman10-regular]:mapping=t
ex-text;!
Missing character: There is no 运 (U+8FD0) in font [lmroman10-regular]:mapping=t
ex-text;!
Missing character: There is no 动 (U+52A8) in font [lmroman10-regular]:mapping=t
ex-text;!
Missing character: There is no 指 (U+6307) in font [lmroman10-regular]:mapping=t
ex-text;!
Missing character: There is no 令 (U+4EE4) in font [lmroman10-regular]:mapping=t
ex-text;!
Missing character: There is no 下 (U+4E0B) in font [lmroman10-regular]:mapping=t
ex-text;!
Missing character: There is no 发 (U+53D1) in font [lmroman10-regular]:mapping=t
ex-text;!
Missing character: There is no 与 (U+4E0E) in font [lmroman10-regular]:mapping=t
ex-text;!
Missing character: There is no 实 (U+5B9E) in font [lmroman10-regular]:mapping=t
ex-text;!
Missing character: There is no 时 (U+65F6) in font [lmroman10-regular]:mapping=t
ex-text;!
Missing character: There is no 状 (U+72B6) in font [lmroman10-regular]:mapping=t
ex-text;!
Missing character: There is no 态 (U+6001) in font [lmroman10-regular]:mapping=t
ex-text;!
Missing character: There is no 反 (U+53CD) in font [lmroman10-regular]:mapping=t
ex-text;!
Missing character: There is no 馈 (U+9988) in font [lmroman10-regular]:mapping=t
ex-text;!
Missing character: There is no 互 (U+4E92) in font [lmroman10-regular]:mapping=t
ex-text;!
Missing character: There is no 不 (U+4E0D) in font [lmroman10-regular]:mapping=t
ex-text;!
Missing character: There is no 干 (U+5E72) in font [lmroman10-regular]:mapping=t
ex-text;!
Missing character: There is no 扰 (U+6270) in font [lmroman10-regular]:mapping=t
ex-text;!
Missing character: There is no 。 (U+3002) in font [lmroman10-regular]:mapping=t
ex-text;!
Missing character: There is no 单 (U+5355) in font [lmroman10-regular]:mapping=t
ex-text;!
Missing character: There is no 位 (U+4F4D) in font [lmroman10-regular]:mapping=t
ex-text;!
Missing character: There is no 标 (U+6807) in font [lmroman10-regular]:mapping=t
ex-text;!
Missing character: There is no 准 (U+51C6) in font [lmroman10-regular]:mapping=t
ex-text;!
Missing character: There is no 化 (U+5316) in font [lmroman10-regular]:mapping=t
ex-text;!
Missing character: There is no ： (U+FF1A) in font [lmroman10-regular]:mapping=t
ex-text;!
Missing character: There is no 内 (U+5185) in font [lmroman10-regular]:mapping=t
ex-text;!
Missing character: There is no 部 (U+90E8) in font [lmroman10-regular]:mapping=t
ex-text;!
Missing character: There is no 已 (U+5DF2) in font [lmroman10-regular]:mapping=t
ex-text;!
Missing character: There is no 自 (U+81EA) in font [lmroman10-regular]:mapping=t
ex-text;!
Missing character: There is no 动 (U+52A8) in font [lmroman10-regular]:mapping=t
ex-text;!
Missing character: There is no 完 (U+5B8C) in font [lmroman10-regular]:mapping=t
ex-text;!
Missing character: There is no 成 (U+6210) in font [lmroman10-regular]:mapping=t
ex-text;!
Missing character: There is no 单 (U+5355) in font [lmroman10-regular]:mapping=t
ex-text;!
Missing character: There is no 位 (U+4F4D) in font [lmroman10-regular]:mapping=t
ex-text;!
Missing character: There is no 换 (U+6362) in font [lmroman10-regular]:mapping=t
ex-text;!
Missing character: There is no 算 (U+7B97) in font [lmroman10-regular]:mapping=t
ex-text;!
Missing character: There is no 。 (U+3002) in font [lmroman10-regular]:mapping=t
ex-text;!
Missing character: There is no 长 (U+957F) in font [lmroman10-regular]:mapping=t
ex-text;!
Missing character: There is no 度 (U+5EA6) in font [lmroman10-regular]:mapping=t
ex-text;!
Missing character: There is no 单 (U+5355) in font [lmroman10-regular]:mapping=t
ex-text;!
Missing character: There is no 位 (U+4F4D) in font [lmroman10-regular]:mapping=t
ex-text;!
Missing character: There is no ： (U+FF1A) in font [lmroman10-regular]:mapping=t
ex-text;!
Missing character: There is no 毫 (U+6BEB) in font [lmroman10-regular]:mapping=t
ex-text;!
Missing character: There is no 米 (U+7C73) in font [lmroman10-regular]:mapping=t
ex-text;!
Missing character: There is no 角 (U+89D2) in font [lmroman10-regular]:mapping=t
ex-text;!
Missing character: There is no 度 (U+5EA6) in font [lmroman10-regular]:mapping=t
ex-text;!
Missing character: There is no 单 (U+5355) in font [lmroman10-regular]:mapping=t
ex-text;!
Missing character: There is no 位 (U+4F4D) in font [lmroman10-regular]:mapping=t
ex-text;!
Missing character: There is no ： (U+FF1A) in font [lmroman10-regular]:mapping=t
ex-text;!
Missing character: There is no 角 (U+89D2) in font [lmroman10-regular]:mapping=t
ex-text;!
Missing character: There is no 度 (U+5EA6) in font [lmroman10-regular]:mapping=t
ex-text;!
Missing character: There is no （ (U+FF08) in font [lmroman10-regular]:mapping=t
ex-text;!
Missing character: There is no 机 (U+673A) in font [lmroman10-regular]:mapping=t
ex-text;!
Missing character: There is no 器 (U+5668) in font [lmroman10-regular]:mapping=t
ex-text;!
Missing character: There is no 人 (U+4EBA) in font [lmroman10-regular]:mapping=t
ex-text;!
Missing character: There is no 返 (U+8FD4) in font [lmroman10-regular]:mapping=t
ex-text;!
Missing character: There is no 回 (U+56DE) in font [lmroman10-regular]:mapping=t
ex-text;!
Missing character: There is no 的 (U+7684) in font [lmroman10-regular]:mapping=t
ex-text;!
Missing character: There is no 弧 (U+5F27) in font [lmroman10-regular]:mapping=t
ex-text;!
Missing character: There is no 度 (U+5EA6) in font [lmroman10-regular]:mapping=t
ex-text;!
Missing character: There is no 数 (U+6570) in font [lmroman10-regular]:mapping=t
ex-text;!
Missing character: There is no 据 (U+636E) in font [lmroman10-regular]:mapping=t
ex-text;!
Missing character: There is no 已 (U+5DF2) in font [lmroman10-regular]:mapping=t
ex-text;!
Missing character: There is no 在 (U+5728) in font [lmroman10-regular]:mapping=t
ex-text;!
Missing character: There is no 内 (U+5185) in font [lmroman10-regular]:mapping=t
ex-text;!
Missing character: There is no 部 (U+90E8) in font [lmroman10-regular]:mapping=t
ex-text;!
Missing character: There is no 自 (U+81EA) in font [lmroman10-regular]:mapping=t
ex-text;!
Missing character: There is no 动 (U+52A8) in font [lmroman10-regular]:mapping=t
ex-text;!
Missing character: There is no 转 (U+8F6C) in font [lmroman10-regular]:mapping=t
ex-text;!
Missing character: There is no 换 (U+6362) in font [lmroman10-regular]:mapping=t
ex-text;!
Missing character: There is no 为 (U+4E3A) in font [lmroman10-regular]:mapping=t
ex-text;!
Missing character: There is no 角 (U+89D2) in font [lmroman10-regular]:mapping=t
ex-text;!
Missing character: There is no 度 (U+5EA6) in font [lmroman10-regular]:mapping=t
ex-text;!
Missing character: There is no ， (U+FF0C) in font [lmroman10-regular]:mapping=t
ex-text;!
Missing character: There is no 并 (U+5E76) in font [lmroman10-regular]:mapping=t
ex-text;!
Missing character: There is no 保 (U+4FDD) in font [lmroman10-regular]:mapping=t
ex-text;!
Missing character: There is no 留 (U+7559) in font [lmroman10-regular]:mapping=t
ex-text;!
Missing character: There is no 位 (U+4F4D) in font [lmroman10-regular]:mapping=t
ex-text;!
Missing character: There is no 小 (U+5C0F) in font [lmroman10-regular]:mapping=t
ex-text;!
Missing character: There is no 数 (U+6570) in font [lmroman10-regular]:mapping=t
ex-text;!
Missing character: There is no ） (U+FF09) in font [lmroman10-regular]:mapping=t
ex-text;!
Missing character: There is no 。 (U+3002) in font [lmroman10-regular]:mapping=t
ex-text;!
Missing character: There is no 跨 (U+8DE8) in font [lmroman10-regular]:mapping=t
ex-text;!
Missing character: There is no 平 (U+5E73) in font [lmroman10-regular]:mapping=t
ex-text;!
Missing character: There is no 台 (U+53F0) in font [lmroman10-regular]:mapping=t
ex-text;!
Missing character: There is no 兼 (U+517C) in font [lmroman10-regular]:mapping=t
ex-text;!
Missing character: There is no 容 (U+5BB9) in font [lmroman10-regular]:mapping=t
ex-text;!
Missing character: There is no ： (U+FF1A) in font [lmroman10-regular]:mapping=t
ex-text;!
Missing character: There is no 完 (U+5B8C) in font [lmroman10-regular]:mapping=t
ex-text;!
Missing character: There is no 美 (U+7F8E) in font [lmroman10-regular]:mapping=t
ex-text;!
Missing character: There is no 支 (U+652F) in font [lmroman10-regular]:mapping=t
ex-text;!
Missing character: There is no 持 (U+6301) in font [lmroman10-regular]:mapping=t
ex-text;!
Missing character: There is no 与 (U+4E0E) in font [lmroman10-regular]:mapping=t
ex-text;!
Missing character: There is no 编 (U+7F16) in font [lmroman10-regular]:mapping=t
ex-text;!
Missing character: There is no 译 (U+8BD1) in font [lmroman10-regular]:mapping=t
ex-text;!
Missing character: There is no 环 (U+73AF) in font [lmroman10-regular]:mapping=t
ex-text;!
Missing character: There is no 境 (U+5883) in font [lmroman10-regular]:mapping=t
ex-text;!
Missing character: There is no 。 (U+3002) in font [lmroman10-regular]:mapping=t
ex-text;!
Missing character: There is no 📁 (U+1F4C1) in font [lmroman12-regular]:mapping=
tex-text;!
Missing character: There is no 项 (U+9879) in font [lmroman12-regular]:mapping=t
ex-text;!
Missing character: There is no 目 (U+76EE) in font [lmroman12-regular]:mapping=t
ex-text;!
Missing character: There is no 结 (U+7ED3) in font [lmroman12-regular]:mapping=t
ex-text;!
Missing character: There is no 构 (U+6784) in font [lmroman12-regular]:mapping=t
ex-text;!
Missing character: There is no 对 (U+5BF9) in font [lmroman10-regular]:mapping=t
ex-text;!
Missing character: There is no 外 (U+5916) in font [lmroman10-regular]:mapping=t
ex-text;!
Missing character: There is no 公 (U+516C) in font [lmroman10-regular]:mapping=t
ex-text;!
Missing character: There is no 开 (U+5F00) in font [lmroman10-regular]:mapping=t
ex-text;!
Missing character: There is no 接 (U+63A5) in font [lmroman10-regular]:mapping=t
ex-text;!
Missing character: There is no 口 (U+53E3) in font [lmroman10-regular]:mapping=t
ex-text;!
Missing character: There is no 头 (U+5934) in font [lmroman10-regular]:mapping=t
ex-text;!
Missing character: There is no 文 (U+6587) in font [lmroman10-regular]:mapping=t
ex-text;!
Missing character: There is no 件 (U+4EF6) in font [lmroman10-regular]:mapping=t
ex-text;!
Missing character: There is no 。 (U+3002) in font [lmroman10-regular]:mapping=t
ex-text;!
Missing character: There is no 核 (U+6838) in font [lmroman10-regular]:mapping=t
ex-text;!
Missing character: There is no 心 (U+5FC3) in font [lmroman10-regular]:mapping=t
ex-text;!
Missing character: There is no 逻 (U+903B) in font [lmroman10-regular]:mapping=t
ex-text;!
Missing character: There is no 辑 (U+8F91) in font [lmroman10-regular]:mapping=t
ex-text;!
Missing character: There is no 实 (U+5B9E) in font [lmroman10-regular]:mapping=t
ex-text;!
Missing character: There is no 现 (U+73B0) in font [lmroman10-regular]:mapping=t
ex-text;!
Missing character: There is no 源 (U+6E90) in font [lmroman10-regular]:mapping=t
ex-text;!
Missing character: There is no 代 (U+4EE3) in font [lmroman10-regular]:mapping=t
ex-text;!
Missing character: There is no 码 (U+7801) in font [lmroman10-regular]:mapping=t
ex-text;!
Missing character: There is no 。 (U+3002) in font [lmroman10-regular]:mapping=t
ex-text;!
Missing character: There is no 内 (U+5185) in font [lmroman10-regular]:mapping=t
ex-text;!
Missing character: There is no 置 (U+7F6E) in font [lmroman10-regular]:mapping=t
ex-text;!
Missing character: There is no 依 (U+4F9D) in font [lmroman10-regular]:mapping=t
ex-text;!
Missing character: There is no 赖 (U+8D56) in font [lmroman10-regular]:mapping=t
ex-text;!
Missing character: There is no 库 (U+5E93) in font [lmroman10-regular]:mapping=t
ex-text;!
Missing character: There is no （ (U+FF08) in font [lmroman10-regular]:mapping=t
ex-text;!
Missing character: There is no ） (U+FF09) in font [lmroman10-regular]:mapping=t
ex-text;!
Missing character: There is no 。 (U+3002) in font [lmroman10-regular]:mapping=t
ex-text;!
Missing character: There is no 功 (U+529F) in font [lmroman10-regular]:mapping=t
ex-text;!
Missing character: There is no 能 (U+80FD) in font [lmroman10-regular]:mapping=t
ex-text;!
Missing character: There is no 测 (U+6D4B) in font [lmroman10-regular]:mapping=t
ex-text;!
Missing character: There is no 试 (U+8BD5) in font [lmroman10-regular]:mapping=t
ex-text;!
Missing character: There is no 示 (U+793A) in font [lmroman10-regular]:mapping=t
ex-text;!
Missing character: There is no 例 (U+4F8B) in font [lmroman10-regular]:mapping=t
ex-text;!
Missing character: There is no （ (U+FF08) in font [lmroman10-regular]:mapping=t
ex-text;!
Missing character: There is no 点 (U+70B9) in font [lmroman10-regular]:mapping=t
ex-text;!
Missing character: There is no 动 (U+52A8) in font [lmroman10-regular]:mapping=t
ex-text;!
Missing character: There is no 、 (U+3001) in font [lmroman10-regular]:mapping=t
ex-text;!
Missing character: There is no 路 (U+8DEF) in font [lmroman10-regular]:mapping=t
ex-text;!
Missing character: There is no 径 (U+5F84) in font [lmroman10-regular]:mapping=t
ex-text;!
Missing character: There is no 运 (U+8FD0) in font [lmroman10-regular]:mapping=t
ex-text;!
Missing character: There is no 动 (U+52A8) in font [lmroman10-regular]:mapping=t
ex-text;!
Missing character: There is no 、 (U+3001) in font [lmroman10-regular]:mapping=t
ex-text;!
Missing character: There is no 测 (U+6D4B) in font [lmroman10-regular]:mapping=t
ex-text;!
Missing character: There is no 试 (U+8BD5) in font [lmroman10-regular]:mapping=t
ex-text;!
Missing character: There is no 、 (U+3001) in font [lmroman10-regular]:mapping=t
ex-text;!
Missing character: There is no 寄 (U+5BC4) in font [lmroman10-regular]:mapping=t
ex-text;!
Missing character: There is no 存 (U+5B58) in font [lmroman10-regular]:mapping=t
ex-text;!
Missing character: There is no 器 (U+5668) in font [lmroman10-regular]:mapping=t
ex-text;!
Missing character: There is no 测 (U+6D4B) in font [lmroman10-regular]:mapping=t
ex-text;!
Missing character: There is no 试 (U+8BD5) in font [lmroman10-regular]:mapping=t
ex-text;!
Missing character: There is no 等 (U+7B49) in font [lmroman10-regular]:mapping=t
ex-text;!
Missing character: There is no ） (U+FF09) in font [lmroman10-regular]:mapping=t
ex-text;!
Missing character: There is no 。 (U+3002) in font [lmroman10-regular]:mapping=t
ex-text;!
Missing character: There is no 一 (U+4E00) in font [lmroman10-regular]:mapping=t
ex-text;!
Missing character: There is no 键 (U+952E) in font [lmroman10-regular]:mapping=t
ex-text;!
Missing character: There is no 构 (U+6784) in font [lmroman10-regular]:mapping=t
ex-text;!
Missing character: There is no 建 (U+5EFA) in font [lmroman10-regular]:mapping=t
ex-text;!
Missing character: There is no 脚 (U+811A) in font [lmroman10-regular]:mapping=t
ex-text;!
Missing character: There is no 本 (U+672C) in font [lmroman10-regular]:mapping=t
ex-text;!
Missing character: There is no 。 (U+3002) in font [lmroman10-regular]:mapping=t
ex-text;!
Missing character: There is no 一 (U+4E00) in font [lmroman10-regular]:mapping=t
ex-text;!
Missing character: There is no 键 (U+952E) in font [lmroman10-regular]:mapping=t
ex-text;!
Missing character: There is no 构 (U+6784) in font [lmroman10-regular]:mapping=t
ex-text;!
Missing character: There is no 建 (U+5EFA) in font [lmroman10-regular]:mapping=t
ex-text;!
Missing character: There is no 脚 (U+811A) in font [lmroman10-regular]:mapping=t
ex-text;!
Missing character: There is no 本 (U+672C) in font [lmroman10-regular]:mapping=t
ex-text;!
Missing character: There is no 。 (U+3002) in font [lmroman10-regular]:mapping=t
ex-text;!
Missing character: There is no 🛠 (U+1F6E0) in font [lmroman12-regular]:mapping=
tex-text;!
Missing character: There is no ️ (U+FE0F) in font [lmroman12-regular]:mapping=t
ex-text;!
Missing character: There is no 构 (U+6784) in font [lmroman12-regular]:mapping=t
ex-text;!
Missing character: There is no 建 (U+5EFA) in font [lmroman12-regular]:mapping=t
ex-text;!
Missing character: There is no 指 (U+6307) in font [lmroman12-regular]:mapping=t
ex-text;!
Missing character: There is no 南 (U+5357) in font [lmroman12-regular]:mapping=t
ex-text;!
Missing character: There is no 编 (U+7F16) in font [lmroman12-regular]:mapping=t
ex-text;!
Missing character: There is no 译 (U+8BD1) in font [lmroman12-regular]:mapping=t
ex-text;!
Missing character: There is no 在 (U+5728) in font [lmroman10-regular]:mapping=t
ex-text;!
Missing character: There is no 项 (U+9879) in font [lmroman10-regular]:mapping=t
ex-text;!
Missing character: There is no 目 (U+76EE) in font [lmroman10-regular]:mapping=t
ex-text;!
Missing character: There is no 根 (U+6839) in font [lmroman10-regular]:mapping=t
ex-text;!
Missing character: There is no 目 (U+76EE) in font [lmroman10-regular]:mapping=t
ex-text;!
Missing character: There is no 录 (U+5F55) in font [lmroman10-regular]:mapping=t
ex-text;!
Missing character: There is no 下 (U+4E0B) in font [lmroman10-regular]:mapping=t
ex-text;!
Missing character: There is no 执 (U+6267) in font [lmroman10-regular]:mapping=t
ex-text;!
Missing character: There is no 行 (U+884C) in font [lmroman10-regular]:mapping=t
ex-text;!
Missing character: There is no 以 (U+4EE5) in font [lmroman10-regular]:mapping=t
ex-text;!
Missing character: There is no 下 (U+4E0B) in font [lmroman10-regular]:mapping=t
ex-text;!
Missing character: There is no 命 (U+547D) in font [lmroman10-regular]:mapping=t
ex-text;!
Missing character: There is no 令 (U+4EE4) in font [lmroman10-regular]:mapping=t
ex-text;!
Missing character: There is no ： (U+FF1A) in font [lmroman10-regular]:mapping=t
ex-text;!
Missing character: There is no 构 (U+6784) in font [lmroman10-regular]:mapping=t
ex-text;!
Missing character: There is no 建 (U+5EFA) in font [lmroman10-regular]:mapping=t
ex-text;!
Missing character: There is no 产 (U+4EA7) in font [lmroman10-regular]:mapping=t
ex-text;!
Missing character: There is no 物 (U+7269) in font [lmroman10-regular]:mapping=t
ex-text;!
Missing character: There is no ： (U+FF1A) in font [lmroman10-regular]:mapping=t
ex-text;!
Missing character: There is no 动 (U+52A8) in font [lmroman10-regular]:mapping=t
ex-text;!
Missing character: There is no 态 (U+6001) in font [lmroman10-regular]:mapping=t
ex-text;!
Missing character: There is no 库 (U+5E93) in font [lmroman10-regular]:mapping=t
ex-text;!
Missing character: There is no ： (U+FF1A) in font [lmroman10-regular]:mapping=t
ex-text;!
Missing character: There is no 示 (U+793A) in font [lmroman10-regular]:mapping=t
ex-text;!
Missing character: There is no 例 (U+4F8B) in font [lmroman10-regular]:mapping=t
ex-text;!
Missing character: There is no 程 (U+7A0B) in font [lmroman10-regular]:mapping=t
ex-text;!
Missing character: There is no 序 (U+5E8F) in font [lmroman10-regular]:mapping=t
ex-text;!
Missing character: There is no ： (U+FF1A) in font [lmroman10-regular]:mapping=t
ex-text;!
Missing character: There is no 位 (U+4F4D) in font [lmroman10-regular]:mapping=t
ex-text;!
Missing character: There is no 于 (U+4E8E) in font [lmroman10-regular]:mapping=t
ex-text;!
Missing character: There is no 目 (U+76EE) in font [lmroman10-regular]:mapping=t
ex-text;!
Missing character: There is no 录 (U+5F55) in font [lmroman10-regular]:mapping=t
ex-text;!
Missing character: There is no 下 (U+4E0B) in font [lmroman10-regular]:mapping=t
ex-text;!
Missing character: There is no 的 (U+7684) in font [lmroman10-regular]:mapping=t
ex-text;!
Missing character: There is no 各 (U+5404) in font [lmroman10-regular]:mapping=t
ex-text;!
Missing character: There is no 个 (U+4E2A) in font [lmroman10-regular]:mapping=t
ex-text;!
Missing character: There is no 可 (U+53EF) in font [lmroman10-regular]:mapping=t
ex-text;!
Missing character: There is no 执 (U+6267) in font [lmroman10-regular]:mapping=t
ex-text;!
Missing character: There is no 行 (U+884C) in font [lmroman10-regular]:mapping=t
ex-text;!
Missing character: There is no 文 (U+6587) in font [lmroman10-regular]:mapping=t
ex-text;!
Missing character: There is no 件 (U+4EF6) in font [lmroman10-regular]:mapping=t
ex-text;!
Missing character: There is no （ (U+FF08) in font [lmroman10-regular]:mapping=t
ex-text;!
Missing character: There is no 如 (U+5982) in font [lmroman10-regular]:mapping=t
ex-text;!
Missing character: There is no ） (U+FF09) in font [lmroman10-regular]:mapping=t
ex-text;!
Missing character: There is no 。 (U+3002) in font [lmroman10-regular]:mapping=t
ex-text;!
Missing character: There is no 运 (U+8FD0) in font [lmroman10-regular]:mapping=t
ex-text;!
Missing character: There is no 行 (U+884C) in font [lmroman10-regular]:mapping=t
ex-text;!
Missing character: There is no 示 (U+793A) in font [lmroman10-regular]:mapping=t
ex-text;!
Missing character: There is no 例 (U+4F8B) in font [lmroman10-regular]:mapping=t
ex-text;!
Missing character: There is no ： (U+FF1A) in font [lmroman10-regular]:mapping=t
ex-text;!
Missing character: There is no 制 (U+5236) in font [lmroman7-regular]:mapping=te
x-text;!
Missing character: There is no 作 (U+4F5C) in font [lmroman7-regular]:mapping=te
x-text;!
Missing character: There is no 者 (U+8005) in font [lmroman7-regular]:mapping=te
x-text;!
[1


]
Missing character: There is no 编 (U+7F16) in font [lmroman12-regular]:mapping=t
ex-text;!
Missing character: There is no 译 (U+8BD1) in font [lmroman12-regular]:mapping=t
ex-text;!
Missing character: There is no 在 (U+5728) in font [lmroman10-regular]:mapping=t
ex-text;!
Missing character: There is no 环 (U+73AF) in font [lmroman10-regular]:mapping=t
ex-text;!
Missing character: There is no 境 (U+5883) in font [lmroman10-regular]:mapping=t
ex-text;!
Missing character: There is no 下 (U+4E0B) in font [lmroman10-regular]:mapping=t
ex-text;!
Missing character: There is no ， (U+FF0C) in font [lmroman10-regular]:mapping=t
ex-text;!
Missing character: There is no 确 (U+786E) in font [lmroman10-regular]:mapping=t
ex-text;!
Missing character: There is no 保 (U+4FDD) in font [lmroman10-regular]:mapping=t
ex-text;!
Missing character: There is no 已 (U+5DF2) in font [lmroman10-regular]:mapping=t
ex-text;!
Missing character: There is no 安 (U+5B89) in font [lmroman10-regular]:mapping=t
ex-text;!
Missing character: There is no 装 (U+88C5) in font [lmroman10-regular]:mapping=t
ex-text;!
Missing character: There is no 和 (U+548C) in font [lmroman10-regular]:mapping=t
ex-text;!
Missing character: There is no ， (U+FF0C) in font [lmroman10-regular]:mapping=t
ex-text;!
Missing character: There is no 双 (U+53CC) in font [lmroman10-regular]:mapping=t
ex-text;!
Missing character: There is no 击 (U+51FB) in font [lmroman10-regular]:mapping=t
ex-text;!
Missing character: There is no 运 (U+8FD0) in font [lmroman10-regular]:mapping=t
ex-text;!
Missing character: There is no 行 (U+884C) in font [lmroman10-regular]:mapping=t
ex-text;!
Missing character: There is no ： (U+FF1A) in font [lmroman10-regular]:mapping=t
ex-text;!
Missing character: There is no 构 (U+6784) in font [lmroman10-regular]:mapping=t
ex-text;!
Missing character: There is no 建 (U+5EFA) in font [lmroman10-regular]:mapping=t
ex-text;!
Missing character: There is no 产 (U+4EA7) in font [lmroman10-regular]:mapping=t
ex-text;!
Missing character: There is no 物 (U+7269) in font [lmroman10-regular]:mapping=t
ex-text;!
Missing character: There is no ： (U+FF1A) in font [lmroman10-regular]:mapping=t
ex-text;!
Missing character: There is no 。 (U+3002) in font [lmroman10-regular]:mapping=t
ex-text;!
Missing character: There is no 关 (U+5173) in font [lmroman10-regular]:mapping=t
ex-text;!
Missing character: There is no 键 (U+952E) in font [lmroman10-regular]:mapping=t
ex-text;!
Missing character: There is no 文 (U+6587) in font [lmroman10-regular]:mapping=t
ex-text;!
Missing character: There is no 件 (U+4EF6) in font [lmroman10-regular]:mapping=t
ex-text;!
Missing character: There is no ： (U+FF1A) in font [lmroman10-regular]:mapping=t
ex-text;!
Missing character: There is no 运 (U+8FD0) in font [lmroman10-regular]:mapping=t
ex-text;!
Missing character: There is no 行 (U+884C) in font [lmroman10-regular]:mapping=t
ex-text;!
Missing character: There is no 时 (U+65F6) in font [lmroman10-regular]:mapping=t
ex-text;!
Missing character: There is no 必 (U+5FC5) in font [lmroman10-regular]:mapping=t
ex-text;!
Missing character: There is no 须 (U+987B) in font [lmroman10-regular]:mapping=t
ex-text;!
Missing character: There is no 编 (U+7F16) in font [lmroman10-regular]:mapping=t
ex-text;!
Missing character: There is no 译 (U+8BD1) in font [lmroman10-regular]:mapping=t
ex-text;!
Missing character: There is no 链 (U+94FE) in font [lmroman10-regular]:mapping=t
ex-text;!
Missing character: There is no 接 (U+63A5) in font [lmroman10-regular]:mapping=t
ex-text;!
Missing character: There is no 必 (U+5FC5) in font [lmroman10-regular]:mapping=t
ex-text;!
Missing character: There is no 须 (U+987B) in font [lmroman10-regular]:mapping=t
ex-text;!
Missing character: There is no 。 (U+3002) in font [lmroman10-regular]:mapping=t
ex-text;!
Missing character: There is no 💻 (U+1F4BB) in font [lmroman12-regular]:mapping=
tex-text;!
Missing character: There is no 如 (U+5982) in font [lmroman12-regular]:mapping=t
ex-text;!
Missing character: There is no 何 (U+4F55) in font [lmroman12-regular]:mapping=t
ex-text;!
Missing character: There is no 在 (U+5728) in font [lmroman12-regular]:mapping=t
ex-text;!
Missing character: There is no 您 (U+60A8) in font [lmroman12-regular]:mapping=t
ex-text;!
Missing character: There is no 的 (U+7684) in font [lmroman12-regular]:mapping=t
ex-text;!
Missing character: There is no 项 (U+9879) in font [lmroman12-regular]:mapping=t
ex-text;!
Missing character: There is no 目 (U+76EE) in font [lmroman12-regular]:mapping=t
ex-text;!
Missing character: There is no 中 (U+4E2D) in font [lmroman12-regular]:mapping=t
ex-text;!
Missing character: There is no 使 (U+4F7F) in font [lmroman12-regular]:mapping=t
ex-text;!
Missing character: There is no 用 (U+7528) in font [lmroman12-regular]:mapping=t
ex-text;!
Missing character: There is no 由 (U+7531) in font [lmroman10-regular]:mapping=t
ex-text;!
Missing character: There is no 于 (U+4E8E) in font [lmroman10-regular]:mapping=t
ex-text;!
Missing character: There is no 本 (U+672C) in font [lmroman10-regular]:mapping=t
ex-text;!
Missing character: There is no 未 (U+672A) in font [lmroman10-regular]:mapping=t
ex-text;!
Missing character: There is no 采 (U+91C7) in font [lmroman10-regular]:mapping=t
ex-text;!
Missing character: There is no 用 (U+7528) in font [lmroman10-regular]:mapping=t
ex-text;!
Missing character: There is no 模 (U+6A21) in font [lmroman10-regular]:mapping=t
ex-text;!
Missing character: There is no 式 (U+5F0F) in font [lmroman10-regular]:mapping=t
ex-text;!
Missing character: There is no 隐 (U+9690) in font [lmroman10-regular]:mapping=t
ex-text;!
Missing character: There is no 藏 (U+85CF) in font [lmroman10-regular]:mapping=t
ex-text;!
Missing character: There is no 底 (U+5E95) in font [lmroman10-regular]:mapping=t
ex-text;!
Missing character: There is no 层 (U+5C42) in font [lmroman10-regular]:mapping=t
ex-text;!
Missing character: There is no 依 (U+4F9D) in font [lmroman10-regular]:mapping=t
ex-text;!
Missing character: There is no 赖 (U+8D56) in font [lmroman10-regular]:mapping=t
ex-text;!
Missing character: There is no ， (U+FF0C) in font [lmroman10-regular]:mapping=t
ex-text;!
Missing character: There is no 在 (U+5728) in font [lmroman10-regular]:mapping=t
ex-text;!
Missing character: There is no 您 (U+60A8) in font [lmroman10-regular]:mapping=t
ex-text;!
Missing character: There is no 的 (U+7684) in font [lmroman10-regular]:mapping=t
ex-text;!
Missing character: There is no 第 (U+7B2C) in font [lmroman10-regular]:mapping=t
ex-text;!
Missing character: There is no 三 (U+4E09) in font [lmroman10-regular]:mapping=t
ex-text;!
Missing character: There is no 方 (U+65B9) in font [lmroman10-regular]:mapping=t
ex-text;!
Missing character: There is no 项 (U+9879) in font [lmroman10-regular]:mapping=t
ex-text;!
Missing character: There is no 目 (U+76EE) in font [lmroman10-regular]:mapping=t
ex-text;!
Missing character: There is no 中 (U+4E2D) in font [lmroman10-regular]:mapping=t
ex-text;!
Missing character: There is no 引 (U+5F15) in font [lmroman10-regular]:mapping=t
ex-text;!
Missing character: There is no 入 (U+5165) in font [lmroman10-regular]:mapping=t
ex-text;!
Missing character: There is no 本 (U+672C) in font [lmroman10-regular]:mapping=t
ex-text;!
Missing character: There is no 时 (U+65F6) in font [lmroman10-regular]:mapping=t
ex-text;!
Missing character: There is no ， (U+FF0C) in font [lmroman10-regular]:mapping=t
ex-text;!
Missing character: There is no 请 (U+8BF7) in font [lmroman10-regular]:mapping=t
ex-text;!
Missing character: There is no 务 (U+52A1) in font [lmroman10-regular]:mapping=t
ex-text;!
Missing character: There is no 必 (U+5FC5) in font [lmroman10-regular]:mapping=t
ex-text;!
Missing character: There is no 进 (U+8FDB) in font [lmroman10-regular]:mapping=t
ex-text;!
Missing character: There is no 行 (U+884C) in font [lmroman10-regular]:mapping=t
ex-text;!
Missing character: There is no 以 (U+4EE5) in font [lmroman10-regular]:mapping=t
ex-text;!
Missing character: There is no 下 (U+4E0B) in font [lmroman10-regular]:mapping=t
ex-text;!
Missing character: There is no 配 (U+914D) in font [lmroman10-regular]:mapping=t
ex-text;!
Missing character: There is no 置 (U+7F6E) in font [lmroman10-regular]:mapping=t
ex-text;!
Missing character: There is no ： (U+FF1A) in font [lmroman10-regular]:mapping=t
ex-text;!
Missing character: There is no 包 (U+5305) in font [lmroman10-regular]:mapping=t
ex-text;!
Missing character: There is no 含 (U+542B) in font [lmroman10-regular]:mapping=t
ex-text;!
Missing character: There is no 目 (U+76EE) in font [lmroman10-regular]:mapping=t
ex-text;!
Missing character: There is no 录 (U+5F55) in font [lmroman10-regular]:mapping=t
ex-text;!
Missing character: There is no 将 (U+5C06) in font [lmroman10-regular]:mapping=t
ex-text;!
Missing character: There is no 以 (U+4EE5) in font [lmroman10-regular]:mapping=t
ex-text;!
Missing character: There is no 下 (U+4E0B) in font [lmroman10-regular]:mapping=t
ex-text;!
Missing character: There is no 两 (U+4E24) in font [lmroman10-regular]:mapping=t
ex-text;!
Missing character: There is no 个 (U+4E2A) in font [lmroman10-regular]:mapping=t
ex-text;!
Missing character: There is no 路 (U+8DEF) in font [lmroman10-regular]:mapping=t
ex-text;!
Missing character: There is no 径 (U+5F84) in font [lmroman10-regular]:mapping=t
ex-text;!
Missing character: There is no 添 (U+6DFB) in font [lmroman10-regular]:mapping=t
ex-text;!
Missing character: There is no 加 (U+52A0) in font [lmroman10-regular]:mapping=t
ex-text;!
Missing character: There is no 到 (U+5230) in font [lmroman10-regular]:mapping=t
ex-text;!
Missing character: There is no 您 (U+60A8) in font [lmroman10-regular]:mapping=t
ex-text;!
Missing character: There is no 的 (U+7684) in font [lmroman10-regular]:mapping=t
ex-text;!
Missing character: There is no 项 (U+9879) in font [lmroman10-regular]:mapping=t
ex-text;!
Missing character: There is no 目 (U+76EE) in font [lmroman10-regular]:mapping=t
ex-text;!
Missing character: There is no 包 (U+5305) in font [lmroman10-regular]:mapping=t
ex-text;!
Missing character: There is no 含 (U+542B) in font [lmroman10-regular]:mapping=t
ex-text;!
Missing character: There is no 路 (U+8DEF) in font [lmroman10-regular]:mapping=t
ex-text;!
Missing character: There is no 径 (U+5F84) in font [lmroman10-regular]:mapping=t
ex-text;!
Missing character: There is no （ (U+FF08) in font [lmroman10-regular]:mapping=t
ex-text;!
Missing character: There is no ） (U+FF09) in font [lmroman10-regular]:mapping=t
ex-text;!
Missing character: There is no 中 (U+4E2D) in font [lmroman10-regular]:mapping=t
ex-text;!
Missing character: There is no ： (U+FF1A) in font [lmroman10-regular]:mapping=t
ex-text;!
Missing character: There is no 由 (U+7531) in font [lmroman10-regular]:mapping=t
ex-text;!
Missing character: There is no 于 (U+4E8E) in font [lmroman10-regular]:mapping=t
ex-text;!
Missing character: There is no 头 (U+5934) in font [lmroman10-regular]:mapping=t
ex-text;!
Missing character: There is no 文 (U+6587) in font [lmroman10-regular]:mapping=t
ex-text;!
Missing character: There is no 件 (U+4EF6) in font [lmroman10-regular]:mapping=t
ex-text;!
Missing character: There is no 嵌 (U+5D4C) in font [lmroman10-regular]:mapping=t
ex-text;!
Missing character: There is no 套 (U+5957) in font [lmroman10-regular]:mapping=t
ex-text;!
Missing character: There is no ， (U+FF0C) in font [lmroman10-regular]:mapping=t
ex-text;!
Missing character: There is no 必 (U+5FC5) in font [lmroman10-regular]:mapping=t
ex-text;!
Missing character: There is no 须 (U+987B) in font [lmroman10-regular]:mapping=t
ex-text;!
Missing character: There is no 包 (U+5305) in font [lmroman10-regular]:mapping=t
ex-text;!
Missing character: There is no 含 (U+542B) in font [lmroman10-regular]:mapping=t
ex-text;!
Missing character: There is no 此 (U+6B64) in font [lmroman10-regular]:mapping=t
ex-text;!
Missing character: There is no 路 (U+8DEF) in font [lmroman10-regular]:mapping=t
ex-text;!
Missing character: There is no 径 (U+5F84) in font [lmroman10-regular]:mapping=t
ex-text;!
Missing character: There is no ， (U+FF0C) in font [lmroman10-regular]:mapping=t
ex-text;!
Missing character: There is no 否 (U+5426) in font [lmroman10-regular]:mapping=t
ex-text;!
Missing character: There is no 则 (U+5219) in font [lmroman10-regular]:mapping=t
ex-text;!
Missing character: There is no 找 (U+627E) in font [lmroman10-regular]:mapping=t
ex-text;!
Missing character: There is no 不 (U+4E0D) in font [lmroman10-regular]:mapping=t
ex-text;!
Missing character: There is no 到 (U+5230) in font [lmroman10-regular]:mapping=t
ex-text;!
Missing character: There is no 预 (U+9884) in font [lmroman10-regular]:mapping=t
ex-text;!
Missing character: There is no 处 (U+5904) in font [lmroman10-regular]:mapping=t
ex-text;!
Missing character: There is no 理 (U+7406) in font [lmroman10-regular]:mapping=t
ex-text;!
Missing character: There is no 器 (U+5668) in font [lmroman10-regular]:mapping=t
ex-text;!
Missing character: There is no 定 (U+5B9A) in font [lmroman10-regular]:mapping=t
ex-text;!
Missing character: There is no 义 (U+4E49) in font [lmroman10-regular]:mapping=t
ex-text;!
Missing character: There is no 必 (U+5FC5) in font [lmroman10-regular]:mapping=t
ex-text;!
Missing character: There is no 须 (U+987B) in font [lmroman10-regular]:mapping=t
ex-text;!
Missing character: There is no 添 (U+6DFB) in font [lmroman10-regular]:mapping=t
ex-text;!
Missing character: There is no 加 (U+52A0) in font [lmroman10-regular]:mapping=t
ex-text;!
Missing character: There is no 以 (U+4EE5) in font [lmroman10-regular]:mapping=t
ex-text;!
Missing character: There is no 下 (U+4E0B) in font [lmroman10-regular]:mapping=t
ex-text;!
Missing character: There is no 宏 (U+5B8F) in font [lmroman10-regular]:mapping=t
ex-text;!
Missing character: There is no 定 (U+5B9A) in font [lmroman10-regular]:mapping=t
ex-text;!
Missing character: There is no 义 (U+4E49) in font [lmroman10-regular]:mapping=t
ex-text;!
Missing character: There is no ： (U+FF1A) in font [lmroman10-regular]:mapping=t
ex-text;!
Missing character: There is no 告 (U+544A) in font [lmroman10-regular]:mapping=t
ex-text;!
Missing character: There is no 诉 (U+8BC9) in font [lmroman10-regular]:mapping=t
ex-text;!
Missing character: There is no 使 (U+4F7F) in font [lmroman10-regular]:mapping=t
ex-text;!
Missing character: There is no 用 (U+7528) in font [lmroman10-regular]:mapping=t
ex-text;!
Missing character: There is no 标 (U+6807) in font [lmroman10-regular]:mapping=t
ex-text;!
Missing character: There is no 准 (U+51C6) in font [lmroman10-regular]:mapping=t
ex-text;!
Missing character: There is no 版 (U+7248) in font [lmroman10-regular]:mapping=t
ex-text;!
Missing character: There is no 而 (U+800C) in font [lmroman10-regular]:mapping=t
ex-text;!
Missing character: There is no 非 (U+975E) in font [lmroman10-regular]:mapping=t
ex-text;!
Missing character: There is no 版 (U+7248) in font [lmroman10-regular]:mapping=t
ex-text;!
Missing character: There is no 环 (U+73AF) in font [lmroman10-regular]:mapping=t
ex-text;!
Missing character: There is no 境 (U+5883) in font [lmroman10-regular]:mapping=t
ex-text;!
Missing character: There is no 额 (U+989D) in font [lmroman10-regular]:mapping=t
ex-text;!
Missing character: There is no 外 (U+5916) in font [lmroman10-regular]:mapping=t
ex-text;!
Missing character: There is no 配 (U+914D) in font [lmroman10-regular]:mapping=t
ex-text;!
Missing character: There is no 置 (U+7F6E) in font [lmroman10-regular]:mapping=t
ex-text;!
Missing character: There is no 链 (U+94FE) in font [lmroman10-regular]:mapping=t
ex-text;!
Missing character: There is no 接 (U+63A5) in font [lmroman10-regular]:mapping=t
ex-text;!
Missing character: There is no 库 (U+5E93) in font [lmroman10-regular]:mapping=t
ex-text;!
Missing character: There is no ： (U+FF1A) in font [lmroman10-regular]:mapping=t
ex-text;!
Missing character: There is no 将 (U+5C06) in font [lmroman10-regular]:mapping=t
ex-text;!
Missing character: There is no 添 (U+6DFB) in font [lmroman10-regular]:mapping=t
ex-text;!
Missing character: There is no 加 (U+52A0) in font [lmroman10-regular]:mapping=t
ex-text;!
Missing character: There is no 到 (U+5230) in font [lmroman10-regular]:mapping=t
ex-text;!
Missing character: There is no 链 (U+94FE) in font [lmroman10-regular]:mapping=t
ex-text;!
Missing character: There is no 接 (U+63A5) in font [lmroman10-regular]:mapping=t
ex-text;!
Missing character: There is no 器 (U+5668) in font [lmroman10-regular]:mapping=t
ex-text;!
Missing character: There is no 的 (U+7684) in font [lmroman10-regular]:mapping=t
ex-text;!
Missing character: There is no 附 (U+9644) in font [lmroman10-regular]:mapping=t
ex-text;!
Missing character: There is no 加 (U+52A0) in font [lmroman10-regular]:mapping=t
ex-text;!
Missing character: There is no 依 (U+4F9D) in font [lmroman10-regular]:mapping=t
ex-text;!
Missing character: There is no 赖 (U+8D56) in font [lmroman10-regular]:mapping=t
ex-text;!
Missing character: There is no 项 (U+9879) in font [lmroman10-regular]:mapping=t
ex-text;!
Missing character: There is no 。 (U+3002) in font [lmroman10-regular]:mapping=t
ex-text;!
Missing character: There is no 字 (U+5B57) in font [lmroman10-regular]:mapping=t
ex-text;!
Missing character: There is no 符 (U+7B26) in font [lmroman10-regular]:mapping=t
ex-text;!
Missing character: There is no 编 (U+7F16) in font [lmroman10-regular]:mapping=t
ex-text;!
Missing character: There is no 码 (U+7801) in font [lmroman10-regular]:mapping=t
ex-text;!
Missing character: There is no ： (U+FF1A) in font [lmroman10-regular]:mapping=t
ex-text;!
Missing character: There is no 建 (U+5EFA) in font [lmroman10-regular]:mapping=t
ex-text;!
Missing character: There is no 议 (U+8BAE) in font [lmroman10-regular]:mapping=t
ex-text;!
Missing character: There is no 开 (U+5F00) in font [lmroman10-regular]:mapping=t
ex-text;!
Missing character: There is no 启 (U+542F) in font [lmroman10-regular]:mapping=t
ex-text;!
Missing character: There is no 编 (U+7F16) in font [lmroman10-regular]:mapping=t
ex-text;!
Missing character: There is no 译 (U+8BD1) in font [lmroman10-regular]:mapping=t
ex-text;!
Missing character: There is no 选 (U+9009) in font [lmroman10-regular]:mapping=t
ex-text;!
Missing character: There is no 项 (U+9879) in font [lmroman10-regular]:mapping=t
ex-text;!
Missing character: There is no ， (U+FF0C) in font [lmroman10-regular]:mapping=t
ex-text;!
Missing character: There is no 以 (U+4EE5) in font [lmroman10-regular]:mapping=t
ex-text;!
Missing character: There is no 确 (U+786E) in font [lmroman10-regular]:mapping=t
ex-text;!
Missing character: There is no 保 (U+4FDD) in font [lmroman10-regular]:mapping=t
ex-text;!
Missing character: There is no 中 (U+4E2D) in font [lmroman10-regular]:mapping=t
ex-text;!
Missing character: There is no 文 (U+6587) in font [lmroman10-regular]:mapping=t
ex-text;!
Missing character: There is no 注 (U+6CE8) in font [lmroman10-regular]:mapping=t
ex-text;!
Missing character: There is no 释 (U+91CA) in font [lmroman10-regular]:mapping=t
ex-text;!
Missing character: There is no 不 (U+4E0D) in font [lmroman10-regular]:mapping=t
ex-text;!
Missing character: There is no 会 (U+4F1A) in font [lmroman10-regular]:mapping=t
ex-text;!
Missing character: There is no 引 (U+5F15) in font [lmroman10-regular]:mapping=t
ex-text;!
Missing character: There is no 起 (U+8D77) in font [lmroman10-regular]:mapping=t
ex-text;!
Missing character: There is no 编 (U+7F16) in font [lmroman10-regular]:mapping=t
ex-text;!
Missing character: There is no 译 (U+8BD1) in font [lmroman10-regular]:mapping=t
ex-text;!
Missing character: There is no 语 (U+8BED) in font [lmroman10-regular]:mapping=t
ex-text;!
Missing character: There is no 法 (U+6CD5) in font [lmroman10-regular]:mapping=t
ex-text;!
Missing character: There is no 错 (U+9519) in font [lmroman10-regular]:mapping=t
ex-text;!
Missing character: There is no 误 (U+8BEF) in font [lmroman10-regular]:mapping=t
ex-text;!
Missing character: There is no 。 (U+3002) in font [lmroman10-regular]:mapping=t
ex-text;!
Missing character: There is no 运 (U+8FD0) in font [lmroman10-regular]:mapping=t
ex-text;!
Missing character: There is no 行 (U+884C) in font [lmroman10-regular]:mapping=t
ex-text;!
Missing character: There is no 时 (U+65F6) in font [lmroman10-regular]:mapping=t
ex-text;!
Missing character: There is no ： (U+FF1A) in font [lmroman10-regular]:mapping=t
ex-text;!
Missing character: There is no 程 (U+7A0B) in font [lmroman10-regular]:mapping=t
ex-text;!
Missing character: There is no 序 (U+5E8F) in font [lmroman10-regular]:mapping=t
ex-text;!
Missing character: There is no 运 (U+8FD0) in font [lmroman10-regular]:mapping=t
ex-text;!
Missing character: There is no 行 (U+884C) in font [lmroman10-regular]:mapping=t
ex-text;!
Missing character: There is no 时 (U+65F6) in font [lmroman10-regular]:mapping=t
ex-text;!
Missing character: There is no 必 (U+5FC5) in font [lmroman10-regular]:mapping=t
ex-text;!
Missing character: There is no 须 (U+987B) in font [lmroman10-regular]:mapping=t
ex-text;!
Missing character: There is no 将 (U+5C06) in font [lmroman10-regular]:mapping=t
ex-text;!
Missing character: There is no 放 (U+653E) in font [lmroman10-regular]:mapping=t
ex-text;!
Missing character: There is no 置 (U+7F6E) in font [lmroman10-regular]:mapping=t
ex-text;!
Missing character: There is no 在 (U+5728) in font [lmroman10-regular]:mapping=t
ex-text;!
Missing character: There is no 与 (U+4E0E) in font [lmroman10-regular]:mapping=t
ex-text;!
Missing character: There is no 文 (U+6587) in font [lmroman10-regular]:mapping=t
ex-text;!
Missing character: There is no 件 (U+4EF6) in font [lmroman10-regular]:mapping=t
ex-text;!
Missing character: There is no 相 (U+76F8) in font [lmroman10-regular]:mapping=t
ex-text;!
Missing character: There is no 同 (U+540C) in font [lmroman10-regular]:mapping=t
ex-text;!
Missing character: There is no 的 (U+7684) in font [lmroman10-regular]:mapping=t
ex-text;!
Missing character: There is no 目 (U+76EE) in font [lmroman10-regular]:mapping=t
ex-text;!
Missing character: There is no 录 (U+5F55) in font [lmroman10-regular]:mapping=t
ex-text;!
Missing character: There is no 下 (U+4E0B) in font [lmroman10-regular]:mapping=t
ex-text;!
Missing character: There is no 。 (U+3002) in font [lmroman10-regular]:mapping=t
ex-text;!
Missing character: There is no 🚀 (U+1F680) in font [lmroman12-regular]:mapping=
tex-text;!
Missing character: There is no 快 (U+5FEB) in font [lmroman12-regular]:mapping=t
ex-text;!
Missing character: There is no 速 (U+901F) in font [lmroman12-regular]:mapping=t
ex-text;!
Missing character: There is no 上 (U+4E0A) in font [lmroman12-regular]:mapping=t
ex-text;!
Missing character: There is no 手 (U+624B) in font [lmroman12-regular]:mapping=t
ex-text;!
Missing character: There is no 示 (U+793A) in font [lmroman12-regular]:mapping=t
ex-text;!
Missing character: There is no 例 (U+4F8B) in font [lmroman12-regular]:mapping=t
ex-text;!
Missing character: There is no 连 (U+8FDE) in font [lmroman7-regular]:mapping=te
x-text;!
Missing character: There is no 接 (U+63A5) in font [lmroman7-regular]:mapping=te
x-text;!
Missing character: There is no 机 (U+673A) in font [lmroman7-regular]:mapping=te
x-text;!
Missing character: There is no 器 (U+5668) in font [lmroman7-regular]:mapping=te
x-text;!
Missing character: There is no 人 (U+4EBA) in font [lmroman7-regular]:mapping=te
x-text;!
Missing character: There is no 默 (U+9ED8) in font [lmroman7-regular]:mapping=te
x-text;!
Missing character: There is no 认 (U+8BA4) in font [lmroman7-regular]:mapping=te
x-text;!
Missing character: There is no 端 (U+7AEF) in font [lmroman7-regular]:mapping=te
x-text;!
Missing character: There is no 口 (U+53E3) in font [lmroman7-regular]:mapping=te
x-text;!
Missing character: There is no 获 (U+83B7) in font [lmroman7-regular]:mapping=te
x-text;!
Missing character: There is no 取 (U+53D6) in font [lmroman7-regular]:mapping=te
x-text;!
Missing character: There is no 当 (U+5F53) in font [lmroman7-regular]:mapping=te
x-text;!
Missing character: There is no 前 (U+524D) in font [lmroman7-regular]:mapping=te
x-text;!
Missing character: There is no 笛 (U+7B1B) in font [lmroman7-regular]:mapping=te
x-text;!
Missing character: There is no 卡 (U+5361) in font [lmroman7-regular]:mapping=te
x-text;!
Missing character: There is no 尔 (U+5C14) in font [lmroman7-regular]:mapping=te
x-text;!
Missing character: There is no 位 (U+4F4D) in font [lmroman7-regular]:mapping=te
x-text;!
Missing character: There is no 姿 (U+59FF) in font [lmroman7-regular]:mapping=te
x-text;!
Missing character: There is no 单 (U+5355) in font [lmroman7-regular]:mapping=te
x-text;!
Missing character: There is no 位 (U+4F4D) in font [lmroman7-regular]:mapping=te
x-text;!
Missing character: There is no 制 (U+5236) in font [lmroman7-regular]:mapping=te
x-text;!
Missing character: There is no 作 (U+4F5C) in font [lmroman7-regular]:mapping=te
x-text;!
Missing character: There is no 者 (U+8005) in font [lmroman7-regular]:mapping=te
x-text;!
[2]
Missing character: There is no 内 (U+5185) in font [lmroman7-regular]:mapping=te
x-text;!
Missing character: There is no 部 (U+90E8) in font [lmroman7-regular]:mapping=te
x-text;!
Missing character: There is no 已 (U+5DF2) in font [lmroman7-regular]:mapping=te
x-text;!
Missing character: There is no 自 (U+81EA) in font [lmroman7-regular]:mapping=te
x-text;!
Missing character: There is no 动 (U+52A8) in font [lmroman7-regular]:mapping=te
x-text;!
Missing character: There is no 同 (U+540C) in font [lmroman7-regular]:mapping=te
x-text;!
Missing character: There is no 步 (U+6B65) in font [lmroman7-regular]:mapping=te
x-text;!
Missing character: There is no 并 (U+5E76) in font [lmroman7-regular]:mapping=te
x-text;!
Missing character: There is no 跳 (U+8DF3) in font [lmroman7-regular]:mapping=te
x-text;!
Missing character: There is no 过 (U+8FC7) in font [lmroman7-regular]:mapping=te
x-text;!
Missing character: There is no 初 (U+521D) in font [lmroman7-regular]:mapping=te
x-text;!
Missing character: There is no 始 (U+59CB) in font [lmroman7-regular]:mapping=te
x-text;!
Missing character: There is no 零 (U+96F6) in font [lmroman7-regular]:mapping=te
x-text;!
Missing character: There is no 位 (U+4F4D) in font [lmroman7-regular]:mapping=te
x-text;!
Missing character: There is no 包 (U+5305) in font [lmroman7-regular]:mapping=te
x-text;!
Missing character: There is no 关 (U+5173) in font [lmroman7-regular]:mapping=te
x-text;!
Missing character: There is no 节 (U+8282) in font [lmroman7-regular]:mapping=te
x-text;!
Missing character: There is no 运 (U+8FD0) in font [lmroman7-regular]:mapping=te
x-text;!
Missing character: There is no 动 (U+52A8) in font [lmroman7-regular]:mapping=te
x-text;!
Missing character: There is no 目 (U+76EE) in font [lmroman7-regular]:mapping=te
x-text;!
Missing character: There is no 标 (U+6807) in font [lmroman7-regular]:mapping=te
x-text;!
Missing character: There is no ： (U+FF1A) in font [lmroman7-regular]:mapping=te
x-text;!
Missing character: There is no 关 (U+5173) in font [lmroman7-regular]:mapping=te
x-text;!
Missing character: There is no 节 (U+8282) in font [lmroman7-regular]:mapping=te
x-text;!
Missing character: There is no 角 (U+89D2) in font [lmroman7-regular]:mapping=te
x-text;!
Missing character: There is no 度 (U+5EA6) in font [lmroman7-regular]:mapping=te
x-text;!
Missing character: There is no 断 (U+65AD) in font [lmroman7-regular]:mapping=te
x-text;!
Missing character: There is no 开 (U+5F00) in font [lmroman7-regular]:mapping=te
x-text;!
Missing character: There is no 连 (U+8FDE) in font [lmroman7-regular]:mapping=te
x-text;!
Missing character: There is no 接 (U+63A5) in font [lmroman7-regular]:mapping=te
x-text;!
Missing character: There is no ⚠ (U+26A0) in font [lmroman12-regular]:mapping=t
ex-text;!
Missing character: There is no ️ (U+FE0F) in font [lmroman12-regular]:mapping=t
ex-text;!
Missing character: There is no 注 (U+6CE8) in font [lmroman12-regular]:mapping=t
ex-text;!
Missing character: There is no 意 (U+610F) in font [lmroman12-regular]:mapping=t
ex-text;!
Missing character: There is no 事 (U+4E8B) in font [lmroman12-regular]:mapping=t
ex-text;!
Missing character: There is no 项 (U+9879) in font [lmroman12-regular]:mapping=t
ex-text;!
Missing character: There is no 状 (U+72B6) in font [lmroman10-regular]:mapping=t
ex-text;!
Missing character: There is no 态 (U+6001) in font [lmroman10-regular]:mapping=t
ex-text;!
Missing character: There is no 同 (U+540C) in font [lmroman10-regular]:mapping=t
ex-text;!
Missing character: There is no 步 (U+6B65) in font [lmroman10-regular]:mapping=t
ex-text;!
Missing character: There is no 延 (U+5EF6) in font [lmroman10-regular]:mapping=t
ex-text;!
Missing character: There is no 迟 (U+8FDF) in font [lmroman10-regular]:mapping=t
ex-text;!
Missing character: There is no ： (U+FF1A) in font [lmroman10-regular]:mapping=t
ex-text;!
Missing character: There is no 受 (U+53D7) in font [lmroman10-regular]:mapping=t
ex-text;!
Missing character: There is no 限 (U+9650) in font [lmroman10-regular]:mapping=t
ex-text;!
Missing character: There is no 于 (U+4E8E) in font [lmroman10-regular]:mapping=t
ex-text;!
Missing character: There is no 机 (U+673A) in font [lmroman10-regular]:mapping=t
ex-text;!
Missing character: There is no 器 (U+5668) in font [lmroman10-regular]:mapping=t
ex-text;!
Missing character: There is no 人 (U+4EBA) in font [lmroman10-regular]:mapping=t
ex-text;!
Missing character: There is no 端 (U+7AEF) in font [lmroman10-regular]:mapping=t
ex-text;!
Missing character: There is no 状 (U+72B6) in font [lmroman10-regular]:mapping=t
ex-text;!
Missing character: There is no 态 (U+6001) in font [lmroman10-regular]:mapping=t
ex-text;!
Missing character: There is no 推 (U+63A8) in font [lmroman10-regular]:mapping=t
ex-text;!
Missing character: There is no 送 (U+9001) in font [lmroman10-regular]:mapping=t
ex-text;!
Missing character: There is no 固 (U+56FA) in font [lmroman10-regular]:mapping=t
ex-text;!
Missing character: There is no 定 (U+5B9A) in font [lmroman10-regular]:mapping=t
ex-text;!
Missing character: There is no 为 (U+4E3A) in font [lmroman10-regular]:mapping=t
ex-text;!
Missing character: There is no 秒 (U+79D2) in font [lmroman10-regular]:mapping=t
ex-text;!
Missing character: There is no 次 (U+6B21) in font [lmroman10-regular]:mapping=t
ex-text;!
Missing character: There is no ， (U+FF0C) in font [lmroman10-regular]:mapping=t
ex-text;!
Missing character: There is no 系 (U+7CFB) in font [lmroman10-regular]:mapping=t
ex-text;!
Missing character: There is no 列 (U+5217) in font [lmroman10-regular]:mapping=t
ex-text;!
Missing character: There is no 阻 (U+963B) in font [lmroman10-regular]:mapping=t
ex-text;!
Missing character: There is no 塞 (U+585E) in font [lmroman10-regular]:mapping=t
ex-text;!
Missing character: There is no 函 (U+51FD) in font [lmroman10-regular]:mapping=t
ex-text;!
Missing character: There is no 数 (U+6570) in font [lmroman10-regular]:mapping=t
ex-text;!
Missing character: There is no 在 (U+5728) in font [lmroman10-regular]:mapping=t
ex-text;!
Missing character: There is no 判 (U+5224) in font [lmroman10-regular]:mapping=t
ex-text;!
Missing character: There is no 断 (U+65AD) in font [lmroman10-regular]:mapping=t
ex-text;!
Missing character: There is no 机 (U+673A) in font [lmroman10-regular]:mapping=t
ex-text;!
Missing character: There is no 器 (U+5668) in font [lmroman10-regular]:mapping=t
ex-text;!
Missing character: There is no 人 (U+4EBA) in font [lmroman10-regular]:mapping=t
ex-text;!
Missing character: There is no 停 (U+505C) in font [lmroman10-regular]:mapping=t
ex-text;!
Missing character: There is no 止 (U+6B62) in font [lmroman10-regular]:mapping=t
ex-text;!
Missing character: There is no 时 (U+65F6) in font [lmroman10-regular]:mapping=t
ex-text;!
Missing character: There is no 可 (U+53EF) in font [lmroman10-regular]:mapping=t
ex-text;!
Missing character: There is no 能 (U+80FD) in font [lmroman10-regular]:mapping=t
ex-text;!
Missing character: There is no 会 (U+4F1A) in font [lmroman10-regular]:mapping=t
ex-text;!
Missing character: There is no 存 (U+5B58) in font [lmroman10-regular]:mapping=t
ex-text;!
Missing character: There is no 在 (U+5728) in font [lmroman10-regular]:mapping=t
ex-text;!
Missing character: There is no 最 (U+6700) in font [lmroman10-regular]:mapping=t
ex-text;!
Missing character: There is no 高 (U+9AD8) in font [lmroman10-regular]:mapping=t
ex-text;!
Missing character: There is no 秒 (U+79D2) in font [lmroman10-regular]:mapping=t
ex-text;!
Missing character: There is no 的 (U+7684) in font [lmroman10-regular]:mapping=t
ex-text;!
Missing character: There is no 自 (U+81EA) in font [lmroman10-regular]:mapping=t
ex-text;!
Missing character: There is no 然 (U+7136) in font [lmroman10-regular]:mapping=t
ex-text;!
Missing character: There is no 同 (U+540C) in font [lmroman10-regular]:mapping=t
ex-text;!
Missing character: There is no 步 (U+6B65) in font [lmroman10-regular]:mapping=t
ex-text;!
Missing character: There is no 延 (U+5EF6) in font [lmroman10-regular]:mapping=t
ex-text;!
Missing character: There is no 迟 (U+8FDF) in font [lmroman10-regular]:mapping=t
ex-text;!
Missing character: There is no 。 (U+3002) in font [lmroman10-regular]:mapping=t
ex-text;!
Missing character: There is no 空 (U+7A7A) in font [lmroman10-regular]:mapping=t
ex-text;!
Missing character: There is no 数 (U+6570) in font [lmroman10-regular]:mapping=t
ex-text;!
Missing character: There is no 组 (U+7EC4) in font [lmroman10-regular]:mapping=t
ex-text;!
Missing character: There is no 崩 (U+5D29) in font [lmroman10-regular]:mapping=t
ex-text;!
Missing character: There is no 溃 (U+6E83) in font [lmroman10-regular]:mapping=t
ex-text;!
Missing character: There is no 预 (U+9884) in font [lmroman10-regular]:mapping=t
ex-text;!
Missing character: There is no 防 (U+9632) in font [lmroman10-regular]:mapping=t
ex-text;!
Missing character: There is no ： (U+FF1A) in font [lmroman10-regular]:mapping=t
ex-text;!
Missing character: There is no 内 (U+5185) in font [lmroman10-regular]:mapping=t
ex-text;!
Missing character: There is no 部 (U+90E8) in font [lmroman10-regular]:mapping=t
ex-text;!
Missing character: There is no 实 (U+5B9E) in font [lmroman10-regular]:mapping=t
ex-text;!
Missing character: There is no 现 (U+73B0) in font [lmroman10-regular]:mapping=t
ex-text;!
Missing character: There is no 了 (U+4E86) in font [lmroman10-regular]:mapping=t
ex-text;!
Missing character: There is no 防 (U+9632) in font [lmroman10-regular]:mapping=t
ex-text;!
Missing character: There is no 御 (U+5FA1) in font [lmroman10-regular]:mapping=t
ex-text;!
Missing character: There is no 性 (U+6027) in font [lmroman10-regular]:mapping=t
ex-text;!
Missing character: There is no 编 (U+7F16) in font [lmroman10-regular]:mapping=t
ex-text;!
Missing character: There is no 程 (U+7A0B) in font [lmroman10-regular]:mapping=t
ex-text;!
Missing character: There is no ， (U+FF0C) in font [lmroman10-regular]:mapping=t
ex-text;!
Missing character: There is no 发 (U+53D1) in font [lmroman10-regular]:mapping=t
ex-text;!
Missing character: There is no 送 (U+9001) in font [lmroman10-regular]:mapping=t
ex-text;!
Missing character: There is no 指 (U+6307) in font [lmroman10-regular]:mapping=t
ex-text;!
Missing character: There is no 令 (U+4EE4) in font [lmroman10-regular]:mapping=t
ex-text;!
Missing character: There is no 时 (U+65F6) in font [lmroman10-regular]:mapping=t
ex-text;!
Missing character: There is no 会 (U+4F1A) in font [lmroman10-regular]:mapping=t
ex-text;!
Missing character: There is no 自 (U+81EA) in font [lmroman10-regular]:mapping=t
ex-text;!
Missing character: There is no 动 (U+52A8) in font [lmroman10-regular]:mapping=t
ex-text;!
Missing character: There is no 剔 (U+5254) in font [lmroman10-regular]:mapping=t
ex-text;!
Missing character: There is no 除 (U+9664) in font [lmroman10-regular]:mapping=t
ex-text;!
Missing character: There is no 空 (U+7A7A) in font [lmroman10-regular]:mapping=t
ex-text;!
Missing character: There is no 的 (U+7684) in font [lmroman10-regular]:mapping=t
ex-text;!
Missing character: There is no 或 (U+6216) in font [lmroman10-regular]:mapping=t
ex-text;!
Missing character: There is no 数 (U+6570) in font [lmroman10-regular]:mapping=t
ex-text;!
Missing character: There is no 组 (U+7EC4) in font [lmroman10-regular]:mapping=t
ex-text;!
Missing character: There is no 字 (U+5B57) in font [lmroman10-regular]:mapping=t
ex-text;!
Missing character: There is no 段 (U+6BB5) in font [lmroman10-regular]:mapping=t
ex-text;!
Missing character: There is no ， (U+FF0C) in font [lmroman10-regular]:mapping=t
ex-text;!
Missing character: There is no 以 (U+4EE5) in font [lmroman10-regular]:mapping=t
ex-text;!
Missing character: There is no 规 (U+89C4) in font [lmroman10-regular]:mapping=t
ex-text;!
Missing character: There is no 避 (U+907F) in font [lmroman10-regular]:mapping=t
ex-text;!
Missing character: There is no 机 (U+673A) in font [lmroman10-regular]:mapping=t
ex-text;!
Missing character: There is no 器 (U+5668) in font [lmroman10-regular]:mapping=t
ex-text;!
Missing character: There is no 人 (U+4EBA) in font [lmroman10-regular]:mapping=t
ex-text;!
Missing character: There is no 后 (U+540E) in font [lmroman10-regular]:mapping=t
ex-text;!
Missing character: There is no 端 (U+7AEF) in font [lmroman10-regular]:mapping=t
ex-text;!
Missing character: There is no 处 (U+5904) in font [lmroman10-regular]:mapping=t
ex-text;!
Missing character: There is no 理 (U+7406) in font [lmroman10-regular]:mapping=t
ex-text;!
Missing character: There is no 空 (U+7A7A) in font [lmroman10-regular]:mapping=t
ex-text;!
Missing character: There is no 数 (U+6570) in font [lmroman10-regular]:mapping=t
ex-text;!
Missing character: There is no 组 (U+7EC4) in font [lmroman10-regular]:mapping=t
ex-text;!
Missing character: There is no 时 (U+65F6) in font [lmroman10-regular]:mapping=t
ex-text;!
Missing character: There is no 的 (U+7684) in font [lmroman10-regular]:mapping=t
ex-text;!
Missing character: There is no 崩 (U+5D29) in font [lmroman10-regular]:mapping=t
ex-text;!
Missing character: There is no 溃 (U+6E83) in font [lmroman10-regular]:mapping=t
ex-text;!
Missing character: There is no 。 (U+3002) in font [lmroman10-regular]:mapping=t
ex-text;!
Missing character: There is no 多 (U+591A) in font [lmroman10-regular]:mapping=t
ex-text;!
Missing character: There is no 线 (U+7EBF) in font [lmroman10-regular]:mapping=t
ex-text;!
Missing character: There is no 程 (U+7A0B) in font [lmroman10-regular]:mapping=t
ex-text;!
Missing character: There is no 安 (U+5B89) in font [lmroman10-regular]:mapping=t
ex-text;!
Missing character: There is no 全 (U+5168) in font [lmroman10-regular]:mapping=t
ex-text;!
Missing character: There is no ： (U+FF1A) in font [lmroman10-regular]:mapping=t
ex-text;!
Missing character: There is no 内 (U+5185) in font [lmroman10-regular]:mapping=t
ex-text;!
Missing character: There is no 部 (U+90E8) in font [lmroman10-regular]:mapping=t
ex-text;!
Missing character: There is no 已 (U+5DF2) in font [lmroman10-regular]:mapping=t
ex-text;!
Missing character: There is no 通 (U+901A) in font [lmroman10-regular]:mapping=t
ex-text;!
Missing character: There is no 过 (U+8FC7) in font [lmroman10-regular]:mapping=t
ex-text;!
Missing character: There is no 加 (U+52A0) in font [lmroman10-regular]:mapping=t
ex-text;!
Missing character: There is no 锁 (U+9501) in font [lmroman10-regular]:mapping=t
ex-text;!
Missing character: There is no 。 (U+3002) in font [lmroman10-regular]:mapping=t
ex-text;!
Missing character: There is no 支 (U+652F) in font [lmroman10-regular]:mapping=t
ex-text;!
Missing character: There is no 持 (U+6301) in font [lmroman10-regular]:mapping=t
ex-text;!
Missing character: There is no 在 (U+5728) in font [lmroman10-regular]:mapping=t
ex-text;!
Missing character: There is no 多 (U+591A) in font [lmroman10-regular]:mapping=t
ex-text;!
Missing character: There is no 线 (U+7EBF) in font [lmroman10-regular]:mapping=t
ex-text;!
Missing character: There is no 程 (U+7A0B) in font [lmroman10-regular]:mapping=t
ex-text;!
Missing character: There is no 环 (U+73AF) in font [lmroman10-regular]:mapping=t
ex-text;!
Missing character: There is no 境 (U+5883) in font [lmroman10-regular]:mapping=t
ex-text;!
Missing character: There is no 下 (U+4E0B) in font [lmroman10-regular]:mapping=t
ex-text;!
Missing character: There is no 并 (U+5E76) in font [lmroman10-regular]:mapping=t
ex-text;!
Missing character: There is no 发 (U+53D1) in font [lmroman10-regular]:mapping=t
ex-text;!
Missing character: There is no 调 (U+8C03) in font [lmroman10-regular]:mapping=t
ex-text;!
Missing character: There is no 用 (U+7528) in font [lmroman10-regular]:mapping=t
ex-text;!
Missing character: There is no 非 (U+975E) in font [lmroman10-regular]:mapping=t
ex-text;!
Missing character: There is no 阻 (U+963B) in font [lmroman10-regular]:mapping=t
ex-text;!
Missing character: There is no 塞 (U+585E) in font [lmroman10-regular]:mapping=t
ex-text;!
Missing character: There is no 运 (U+8FD0) in font [lmroman10-regular]:mapping=t
ex-text;!
Missing character: There is no 动 (U+52A8) in font [lmroman10-regular]:mapping=t
ex-text;!
Missing character: There is no 指 (U+6307) in font [lmroman10-regular]:mapping=t
ex-text;!
Missing character: There is no 令 (U+4EE4) in font [lmroman10-regular]:mapping=t
ex-text;!
Missing character: There is no ， (U+FF0C) in font [lmroman10-regular]:mapping=t
ex-text;!
Missing character: There is no 但 (U+4F46) in font [lmroman10-regular]:mapping=t
ex-text;!
Missing character: There is no 建 (U+5EFA) in font [lmroman10-regular]:mapping=t
ex-text;!
Missing character: There is no 议 (U+8BAE) in font [lmroman10-regular]:mapping=t
ex-text;!
Missing character: There is no 在 (U+5728) in font [lmroman10-regular]:mapping=t
ex-text;!
Missing character: There is no 同 (U+540C) in font [lmroman10-regular]:mapping=t
ex-text;!
Missing character: There is no 一 (U+4E00) in font [lmroman10-regular]:mapping=t
ex-text;!
Missing character: There is no 时 (U+65F6) in font [lmroman10-regular]:mapping=t
ex-text;!
Missing character: There is no 刻 (U+523B) in font [lmroman10-regular]:mapping=t
ex-text;!
Missing character: There is no 只 (U+53EA) in font [lmroman10-regular]:mapping=t
ex-text;!
Missing character: There is no 由 (U+7531) in font [lmroman10-regular]:mapping=t
ex-text;!
Missing character: There is no 一 (U+4E00) in font [lmroman10-regular]:mapping=t
ex-text;!
Missing character: There is no 个 (U+4E2A) in font [lmroman10-regular]:mapping=t
ex-text;!
Missing character: There is no 线 (U+7EBF) in font [lmroman10-regular]:mapping=t
ex-text;!
Missing character: There is no 程 (U+7A0B) in font [lmroman10-regular]:mapping=t
ex-text;!
Missing character: There is no 控 (U+63A7) in font [lmroman10-regular]:mapping=t
ex-text;!
Missing character: There is no 制 (U+5236) in font [lmroman10-regular]:mapping=t
ex-text;!
Missing character: There is no 机 (U+673A) in font [lmroman10-regular]:mapping=t
ex-text;!
Missing character: There is no 器 (U+5668) in font [lmroman10-regular]:mapping=t
ex-text;!
Missing character: There is no 人 (U+4EBA) in font [lmroman10-regular]:mapping=t
ex-text;!
Missing character: There is no 运 (U+8FD0) in font [lmroman10-regular]:mapping=t
ex-text;!
Missing character: There is no 动 (U+52A8) in font [lmroman10-regular]:mapping=t
ex-text;!
Missing character: There is no 。 (U+3002) in font [lmroman10-regular]:mapping=t
ex-text;!
Missing character: There is no 单 (U+5355) in font [lmroman10-regular]:mapping=t
ex-text;!
Missing character: There is no 位 (U+4F4D) in font [lmroman10-regular]:mapping=t
ex-text;!
Missing character: There is no 验 (U+9A8C) in font [lmroman10-regular]:mapping=t
ex-text;!
Missing character: There is no 证 (U+8BC1) in font [lmroman10-regular]:mapping=t
ex-text;!
Missing character: There is no ： (U+FF1A) in font [lmroman10-regular]:mapping=t
ex-text;!
Missing character: There is no 请 (U+8BF7) in font [lmroman10-regular]:mapping=t
ex-text;!
Missing character: There is no 注 (U+6CE8) in font [lmroman10-regular]:mapping=t
ex-text;!
Missing character: There is no 意 (U+610F) in font [lmroman10-regular]:mapping=t
ex-text;!
Missing character: There is no ， (U+FF0C) in font [lmroman10-regular]:mapping=t
ex-text;!
Missing character: There is no 机 (U+673A) in font [lmroman10-regular]:mapping=t
ex-text;!
Missing character: There is no 器 (U+5668) in font [lmroman10-regular]:mapping=t
ex-text;!
Missing character: There is no 人 (U+4EBA) in font [lmroman10-regular]:mapping=t
ex-text;!
Missing character: There is no 推 (U+63A8) in font [lmroman10-regular]:mapping=t
ex-text;!
Missing character: There is no 送 (U+9001) in font [lmroman10-regular]:mapping=t
ex-text;!
Missing character: There is no 的 (U+7684) in font [lmroman10-regular]:mapping=t
ex-text;!
Missing character: There is no 数 (U+6570) in font [lmroman10-regular]:mapping=t
ex-text;!
Missing character: There is no 据 (U+636E) in font [lmroman10-regular]:mapping=t
ex-text;!
Missing character: There is no 在 (U+5728) in font [lmroman10-regular]:mapping=t
ex-text;!
Missing character: There is no 内 (U+5185) in font [lmroman10-regular]:mapping=t
ex-text;!
Missing character: There is no 部 (U+90E8) in font [lmroman10-regular]:mapping=t
ex-text;!
Missing character: There is no 被 (U+88AB) in font [lmroman10-regular]:mapping=t
ex-text;!
Missing character: There is no 视 (U+89C6) in font [lmroman10-regular]:mapping=t
ex-text;!
Missing character: There is no 为 (U+4E3A) in font [lmroman10-regular]:mapping=t
ex-text;!
Missing character: There is no 角 (U+89D2) in font [lmroman10-regular]:mapping=t
ex-text;!
Missing character: There is no 度 (U+5EA6) in font [lmroman10-regular]:mapping=t
ex-text;!
Missing character: There is no （ (U+FF08) in font [lmroman10-regular]:mapping=t
ex-text;!
Missing character: There is no ） (U+FF09) in font [lmroman10-regular]:mapping=t
ex-text;!
Missing character: There is no 。 (U+3002) in font [lmroman10-regular]:mapping=t
ex-text;!
Missing character: There is no 若 (U+82E5) in font [lmroman10-regular]:mapping=t
ex-text;!
Missing character: There is no 您 (U+60A8) in font [lmroman10-regular]:mapping=t
ex-text;!
Missing character: There is no 的 (U+7684) in font [lmroman10-regular]:mapping=t
ex-text;!
Missing character: There is no 机 (U+673A) in font [lmroman10-regular]:mapping=t
ex-text;!
Missing character: There is no 器 (U+5668) in font [lmroman10-regular]:mapping=t
ex-text;!
Missing character: There is no 人 (U+4EBA) in font [lmroman10-regular]:mapping=t
ex-text;!
Missing character: There is no 固 (U+56FA) in font [lmroman10-regular]:mapping=t
ex-text;!
Missing character: There is no 件 (U+4EF6) in font [lmroman10-regular]:mapping=t
ex-text;!
Missing character: There is no 返 (U+8FD4) in font [lmroman10-regular]:mapping=t
ex-text;!
Missing character: There is no 回 (U+56DE) in font [lmroman10-regular]:mapping=t
ex-text;!
Missing character: There is no 的 (U+7684) in font [lmroman10-regular]:mapping=t
ex-text;!
Missing character: There is no 是 (U+662F) in font [lmroman10-regular]:mapping=t
ex-text;!
Missing character: There is no 弧 (U+5F27) in font [lmroman10-regular]:mapping=t
ex-text;!
Missing character: There is no 度 (U+5EA6) in font [lmroman10-regular]:mapping=t
ex-text;!
Missing character: There is no ， (U+FF0C) in font [lmroman10-regular]:mapping=t
ex-text;!
Missing character: There is no 将 (U+5C06) in font [lmroman10-regular]:mapping=t
ex-text;!
Missing character: There is no 按 (U+6309) in font [lmroman10-regular]:mapping=t
ex-text;!
Missing character: There is no 照 (U+7167) in font [lmroman10-regular]:mapping=t
ex-text;!
Missing character: There is no ≈ (U+2248) in font [lmroman10-regular]:mapping=t
ex-text;!
Missing character: There is no 进 (U+8FDB) in font [lmroman10-regular]:mapping=t
ex-text;!
Missing character: There is no 行 (U+884C) in font [lmroman10-regular]:mapping=t
ex-text;!
Missing character: There is no 自 (U+81EA) in font [lmroman10-regular]:mapping=t
ex-text;!
Missing character: There is no 动 (U+52A8) in font [lmroman10-regular]:mapping=t
ex-text;!
Missing character: There is no 转 (U+8F6C) in font [lmroman10-regular]:mapping=t
ex-text;!
Missing character: There is no 换 (U+6362) in font [lmroman10-regular]:mapping=t
ex-text;!
Missing character: There is no 。 (U+3002) in font [lmroman10-regular]:mapping=t
ex-text;!
)
Missing character: There is no 🚀 (U+1F680) in font [lmroman10-regular]:mapping=
tex-text;!
Missing character: There is no 快 (U+5FEB) in font [lmroman10-regular]:mapping=t
ex-text;!
Missing character: There is no 速 (U+901F) in font [lmroman10-regular]:mapping=t
ex-text;!
Missing character: There is no 上 (U+4E0A) in font [lmroman10-regular]:mapping=t
ex-text;!
Missing character: There is no 手 (U+624B) in font [lmroman10-regular]:mapping=t
ex-text;!
Missing character: There is no 示 (U+793A) in font [lmroman10-regular]:mapping=t
ex-text;!
Missing character: There is no 例 (U+4F8B) in font [lmroman10-regular]:mapping=t
ex-text;!
Missing character: There is no 制 (U+5236) in font [lmroman7-regular]:mapping=te
x-text;!
Missing character: There is no 作 (U+4F5C) in font [lmroman7-regular]:mapping=te
x-text;!
Missing character: There is no 者 (U+8005) in font [lmroman7-regular]:mapping=te
x-text;!
[3]
Missing character: There is no 制 (U+5236) in font [lmroman7-regular]:mapping=te
x-text;!
Missing character: There is no 作 (U+4F5C) in font [lmroman7-regular]:mapping=te
x-text;!
Missing character: There is no 者 (U+8005) in font [lmroman7-regular]:mapping=te
x-text;!
[4

]
Chapter 2.
Missing character: There is no 继 (U+7EE7) in font [lmroman17-regular]:mapping=t
ex-text;!
Missing character: There is no 承 (U+627F) in font [lmroman17-regular]:mapping=t
ex-text;!
Missing character: There is no 关 (U+5173) in font [lmroman17-regular]:mapping=t
ex-text;!
Missing character: There is no 系 (U+7CFB) in font [lmroman17-regular]:mapping=t
ex-text;!
Missing character: There is no 索 (U+7D22) in font [lmroman17-regular]:mapping=t
ex-text;!
Missing character: There is no 引 (U+5F15) in font [lmroman17-regular]:mapping=t
ex-text;!
(./hierarchy.tex
Missing character: There is no 类 (U+7C7B) in font [lmroman12-regular]:mapping=t
ex-text;!
Missing character: There is no 继 (U+7EE7) in font [lmroman12-regular]:mapping=t
ex-text;!
Missing character: There is no 承 (U+627F) in font [lmroman12-regular]:mapping=t
ex-text;!
Missing character: There is no 关 (U+5173) in font [lmroman12-regular]:mapping=t
ex-text;!
Missing character: There is no 系 (U+7CFB) in font [lmroman12-regular]:mapping=t
ex-text;!
Missing character: There is no 此 (U+6B64) in font [lmroman10-regular]:mapping=t
ex-text;!
Missing character: There is no 继 (U+7EE7) in font [lmroman10-regular]:mapping=t
ex-text;!
Missing character: There is no 承 (U+627F) in font [lmroman10-regular]:mapping=t
ex-text;!
Missing character: There is no 关 (U+5173) in font [lmroman10-regular]:mapping=t
ex-text;!
Missing character: There is no 系 (U+7CFB) in font [lmroman10-regular]:mapping=t
ex-text;!
Missing character: There is no 列 (U+5217) in font [lmroman10-regular]:mapping=t
ex-text;!
Missing character: There is no 表 (U+8868) in font [lmroman10-regular]:mapping=t
ex-text;!
Missing character: There is no 按 (U+6309) in font [lmroman10-regular]:mapping=t
ex-text;!
Missing character: There is no 字 (U+5B57) in font [lmroman10-regular]:mapping=t
ex-text;!
Missing character: There is no 典 (U+5178) in font [lmroman10-regular]:mapping=t
ex-text;!
Missing character: There is no 顺 (U+987A) in font [lmroman10-regular]:mapping=t
ex-text;!
Missing character: There is no 序 (U+5E8F) in font [lmroman10-regular]:mapping=t
ex-text;!
Missing character: There is no 粗 (U+7C97) in font [lmroman10-regular]:mapping=t
ex-text;!
Missing character: There is no 略 (U+7565) in font [lmroman10-regular]:mapping=t
ex-text;!
Missing character: There is no 的 (U+7684) in font [lmroman10-regular]:mapping=t
ex-text;!
Missing character: There is no 排 (U+6392) in font [lmroman10-regular]:mapping=t
ex-text;!
Missing character: There is no 序 (U+5E8F) in font [lmroman10-regular]:mapping=t
ex-text;!

LaTeX Warning: Reference `classCodroid_1_1CodroidControlInterface' on page 5 un
defined on input line 3.


LaTeX Warning: Reference `classCodroid_1_1CodroidSubscriber' on page 5 undefine
d on input line 4.


LaTeX Warning: Reference `structCodroid_1_1FKParams' on page 5 undefined on inp
ut line 5.


LaTeX Warning: Reference `structCodroid_1_1IKParams' on page 5 undefined on inp
ut line 6.


LaTeX Warning: Reference `structCodroid_1_1IOInfo' on page 5 undefined on input
 line 7.


LaTeX Warning: Reference `structCodroid_1_1JogParams' on page 5 undefined on in
put line 8.


LaTeX Warning: Reference `structCodroid_1_1MoveInstruction' on page 5 undefined
 on input line 9.


LaTeX Warning: Reference `structCodroid_1_1MoveToParams' on page 5 undefined on
 input line 10.


LaTeX Warning: Reference `structCodroid_1_1MoveToTarget' on page 5 undefined on
 input line 11.


LaTeX Warning: Reference `structCodroid_1_1ProjectState' on page 5 undefined on
 input line 12.


LaTeX Warning: Reference `structCodroid_1_1RegisterInfo' on page 5 undefined on
 input line 13.


LaTeX Warning: Reference `structCodroid_1_1RelativePoseParams' on page 5 undefi
ned on input line 14.


LaTeX Warning: Reference `structCodroid_1_1Response' on page 5 undefined on inp
ut line 15.


LaTeX Warning: Reference `structCodroid_1_1RobotPosture' on page 5 undefined on
 input line 16.


LaTeX Warning: Reference `structCodroid_1_1RobotStatus' on page 5 undefined on 
input line 17.


LaTeX Warning: Reference `classCodroid_1_1CodroidException' on page 5 undefined
 on input line 19.


LaTeX Warning: Reference `structCodroid_1_1Variable' on page 5 undefined on inp
ut line 21.

)
Missing character: There is no 制 (U+5236) in font [lmroman7-regular]:mapping=te
x-text;!
Missing character: There is no 作 (U+4F5C) in font [lmroman7-regular]:mapping=te
x-text;!
Missing character: There is no 者 (U+8005) in font [lmroman7-regular]:mapping=te
x-text;!
[5]
Missing character: There is no 继 (U+7EE7) in font [lmroman10-regular]:mapping=t
ex-text;!
Missing character: There is no 承 (U+627F) in font [lmroman10-regular]:mapping=t
ex-text;!
Missing character: There is no 关 (U+5173) in font [lmroman10-regular]:mapping=t
ex-text;!
Missing character: There is no 系 (U+7CFB) in font [lmroman10-regular]:mapping=t
ex-text;!
Missing character: There is no 索 (U+7D22) in font [lmroman10-regular]:mapping=t
ex-text;!
Missing character: There is no 引 (U+5F15) in font [lmroman10-regular]:mapping=t
ex-text;!
Missing character: There is no 制 (U+5236) in font [lmroman7-regular]:mapping=te
x-text;!
Missing character: There is no 作 (U+4F5C) in font [lmroman7-regular]:mapping=te
x-text;!
Missing character: There is no 者 (U+8005) in font [lmroman7-regular]:mapping=te
x-text;!
[6

]
Chapter 3.
Missing character: There is no 类 (U+7C7B) in font [lmroman17-regular]:mapping=t
ex-text;!
Missing character: There is no 索 (U+7D22) in font [lmroman17-regular]:mapping=t
ex-text;!
Missing character: There is no 引 (U+5F15) in font [lmroman17-regular]:mapping=t
ex-text;!
(./annotated.tex
Missing character: There is no 类 (U+7C7B) in font [lmroman12-regular]:mapping=t
ex-text;!
Missing character: There is no 列 (U+5217) in font [lmroman12-regular]:mapping=t
ex-text;!
Missing character: There is no 表 (U+8868) in font [lmroman12-regular]:mapping=t
ex-text;!
Missing character: There is no 这 (U+8FD9) in font [lmroman10-regular]:mapping=t
ex-text;!
Missing character: There is no 里 (U+91CC) in font [lmroman10-regular]:mapping=t
ex-text;!
Missing character: There is no 列 (U+5217) in font [lmroman10-regular]:mapping=t
ex-text;!
Missing character: There is no 出 (U+51FA) in font [lmroman10-regular]:mapping=t
ex-text;!
Missing character: There is no 了 (U+4E86) in font [lmroman10-regular]:mapping=t
ex-text;!
Missing character: There is no 所 (U+6240) in font [lmroman10-regular]:mapping=t
ex-text;!
Missing character: There is no 有 (U+6709) in font [lmroman10-regular]:mapping=t
ex-text;!
Missing character: There is no 类 (U+7C7B) in font [lmroman10-regular]:mapping=t
ex-text;!
Missing character: There is no 、 (U+3001) in font [lmroman10-regular]:mapping=t
ex-text;!
Missing character: There is no 结 (U+7ED3) in font [lmroman10-regular]:mapping=t
ex-text;!
Missing character: There is no 构 (U+6784) in font [lmroman10-regular]:mapping=t
ex-text;!
Missing character: There is no 、 (U+3001) in font [lmroman10-regular]:mapping=t
ex-text;!
Missing character: There is no 联 (U+8054) in font [lmroman10-regular]:mapping=t
ex-text;!
Missing character: There is no 合 (U+5408) in font [lmroman10-regular]:mapping=t
ex-text;!
Missing character: There is no 以 (U+4EE5) in font [lmroman10-regular]:mapping=t
ex-text;!
Missing character: There is no 及 (U+53CA) in font [lmroman10-regular]:mapping=t
ex-text;!
Missing character: There is no 接 (U+63A5) in font [lmroman10-regular]:mapping=t
ex-text;!
Missing character: There is no 口 (U+53E3) in font [lmroman10-regular]:mapping=t
ex-text;!
Missing character: There is no 定 (U+5B9A) in font [lmroman10-regular]:mapping=t
ex-text;!
Missing character: There is no 义 (U+4E49) in font [lmroman10-regular]:mapping=t
ex-text;!
Missing character: There is no 等 (U+7B49) in font [lmroman10-regular]:mapping=t
ex-text;!
Missing character: There is no ， (U+FF0C) in font [lmroman10-regular]:mapping=t
ex-text;!
Missing character: There is no 并 (U+5E76) in font [lmroman10-regular]:mapping=t
ex-text;!
Missing character: There is no 附 (U+9644) in font [lmroman10-regular]:mapping=t
ex-text;!
Missing character: There is no 带 (U+5E26) in font [lmroman10-regular]:mapping=t
ex-text;!
Missing character: There is no 简 (U+7B80) in font [lmroman10-regular]:mapping=t
ex-text;!
Missing character: There is no 要 (U+8981) in font [lmroman10-regular]:mapping=t
ex-text;!
Missing character: There is no 说 (U+8BF4) in font [lmroman10-regular]:mapping=t
ex-text;!
Missing character: There is no 明 (U+660E) in font [lmroman10-regular]:mapping=t
ex-text;!

LaTeX Warning: Reference `classCodroid_1_1CodroidControlInterface' on page 7 un
defined on input line 3.

Missing character: There is no 专 (U+4E13) in font [lmroman10-regular]:mapping=t
ex-text;!
Missing character: There is no 用 (U+7528) in font [lmroman10-regular]:mapping=t
ex-text;!
Missing character: There is no 异 (U+5F02) in font [lmroman10-regular]:mapping=t
ex-text;!
Missing character: There is no 常 (U+5E38) in font [lmroman10-regular]:mapping=t
ex-text;!
Missing character: There is no 类 (U+7C7B) in font [lmroman10-regular]:mapping=t
ex-text;!

LaTeX Warning: Reference `classCodroid_1_1CodroidException' on page 7 undefined
 on input line 4.

Missing character: There is no 用 (U+7528) in font [lmroman10-regular]:mapping=t
ex-text;!
Missing character: There is no 于 (U+4E8E) in font [lmroman10-regular]:mapping=t
ex-text;!
Missing character: There is no 通 (U+901A) in font [lmroman10-regular]:mapping=t
ex-text;!
Missing character: There is no 过 (U+8FC7) in font [lmroman10-regular]:mapping=t
ex-text;!
Missing character: There is no 独 (U+72EC) in font [lmroman10-regular]:mapping=t
ex-text;!
Missing character: There is no 立 (U+7ACB) in font [lmroman10-regular]:mapping=t
ex-text;!
Missing character: There is no 通 (U+901A) in font [lmroman10-regular]:mapping=t
ex-text;!
Missing character: There is no 道 (U+9053) in font [lmroman10-regular]:mapping=t
ex-text;!
Missing character: There is no 进 (U+8FDB) in font [lmroman10-regular]:mapping=t
ex-text;!
Missing character: There is no 行 (U+884C) in font [lmroman10-regular]:mapping=t
ex-text;!
Missing character: There is no 异 (U+5F02) in font [lmroman10-regular]:mapping=t
ex-text;!
Missing character: There is no 步 (U+6B65) in font [lmroman10-regular]:mapping=t
ex-text;!
Missing character: There is no 数 (U+6570) in font [lmroman10-regular]:mapping=t
ex-text;!
Missing character: There is no 据 (U+636E) in font [lmroman10-regular]:mapping=t
ex-text;!
Missing character: There is no 订 (U+8BA2) in font [lmroman10-regular]:mapping=t
ex-text;!
Missing character: There is no 阅 (U+9605) in font [lmroman10-regular]:mapping=t
ex-text;!
Missing character: There is no 的 (U+7684) in font [lmroman10-regular]:mapping=t
ex-text;!
Missing character: There is no 专 (U+4E13) in font [lmroman10-regular]:mapping=t
ex-text;!
Missing character: There is no 用 (U+7528) in font [lmroman10-regular]:mapping=t
ex-text;!
Missing character: There is no 类 (U+7C7B) in font [lmroman10-regular]:mapping=t
ex-text;!
Missing character: There is no 。 (U+3002) in font [lmroman10-regular]:mapping=t
ex-text;!

LaTeX Warning: Reference `classCodroid_1_1CodroidSubscriber' on page 7 undefine
d on input line 5.

Missing character: There is no 正 (U+6B63) in font [lmroman10-regular]:mapping=t
ex-text;!
Missing character: There is no 解 (U+89E3) in font [lmroman10-regular]:mapping=t
ex-text;!
Missing character: There is no 参 (U+53C2) in font [lmroman10-regular]:mapping=t
ex-text;!
Missing character: There is no 数 (U+6570) in font [lmroman10-regular]:mapping=t
ex-text;!
Missing character: There is no 结 (U+7ED3) in font [lmroman10-regular]:mapping=t
ex-text;!
Missing character: There is no 构 (U+6784) in font [lmroman10-regular]:mapping=t
ex-text;!
Missing character: There is no 体 (U+4F53) in font [lmroman10-regular]:mapping=t
ex-text;!

LaTeX Warning: Reference `structCodroid_1_1FKParams' on page 7 undefined on inp
ut line 6.

Missing character: There is no 逆 (U+9006) in font [lmroman10-regular]:mapping=t
ex-text;!
Missing character: There is no 解 (U+89E3) in font [lmroman10-regular]:mapping=t
ex-text;!
Missing character: There is no 参 (U+53C2) in font [lmroman10-regular]:mapping=t
ex-text;!
Missing character: There is no 数 (U+6570) in font [lmroman10-regular]:mapping=t
ex-text;!
Missing character: There is no 结 (U+7ED3) in font [lmroman10-regular]:mapping=t
ex-text;!
Missing character: There is no 构 (U+6784) in font [lmroman10-regular]:mapping=t
ex-text;!
Missing character: There is no 体 (U+4F53) in font [lmroman10-regular]:mapping=t
ex-text;!

LaTeX Warning: Reference `structCodroid_1_1IKParams' on page 7 undefined on inp
ut line 7.

Missing character: There is no 信 (U+4FE1) in font [lmroman10-regular]:mapping=t
ex-text;!
Missing character: There is no 息 (U+606F) in font [lmroman10-regular]:mapping=t
ex-text;!
Missing character: There is no 结 (U+7ED3) in font [lmroman10-regular]:mapping=t
ex-text;!
Missing character: There is no 构 (U+6784) in font [lmroman10-regular]:mapping=t
ex-text;!
Missing character: There is no 体 (U+4F53) in font [lmroman10-regular]:mapping=t
ex-text;!

LaTeX Warning: Reference `structCodroid_1_1IOInfo' on page 7 undefined on input
 line 8.

Missing character: There is no 点 (U+70B9) in font [lmroman10-regular]:mapping=t
ex-text;!
Missing character: There is no 动 (U+52A8) in font [lmroman10-regular]:mapping=t
ex-text;!
Missing character: There is no 参 (U+53C2) in font [lmroman10-regular]:mapping=t
ex-text;!
Missing character: There is no 数 (U+6570) in font [lmroman10-regular]:mapping=t
ex-text;!
Missing character: There is no 结 (U+7ED3) in font [lmroman10-regular]:mapping=t
ex-text;!
Missing character: There is no 构 (U+6784) in font [lmroman10-regular]:mapping=t
ex-text;!
Missing character: There is no 体 (U+4F53) in font [lmroman10-regular]:mapping=t
ex-text;!

LaTeX Warning: Reference `structCodroid_1_1JogParams' on page 7 undefined on in
put line 9.

Missing character: There is no 单 (U+5355) in font [lmroman10-regular]:mapping=t
ex-text;!
Missing character: There is no 条 (U+6761) in font [lmroman10-regular]:mapping=t
ex-text;!
Missing character: There is no 运 (U+8FD0) in font [lmroman10-regular]:mapping=t
ex-text;!
Missing character: There is no 动 (U+52A8) in font [lmroman10-regular]:mapping=t
ex-text;!
Missing character: There is no 指 (U+6307) in font [lmroman10-regular]:mapping=t
ex-text;!
Missing character: There is no 令 (U+4EE4) in font [lmroman10-regular]:mapping=t
ex-text;!
Missing character: There is no 详 (U+8BE6) in font [lmroman10-regular]:mapping=t
ex-text;!
Missing character: There is no 情 (U+60C5) in font [lmroman10-regular]:mapping=t
ex-text;!

LaTeX Warning: Reference `structCodroid_1_1MoveInstruction' on page 7 undefined
 on input line 10.

Missing character: There is no 运 (U+8FD0) in font [lmroman10-regular]:mapping=t
ex-text;!
Missing character: There is no 动 (U+52A8) in font [lmroman10-regular]:mapping=t
ex-text;!
Missing character: There is no 参 (U+53C2) in font [lmroman10-regular]:mapping=t
ex-text;!
Missing character: There is no 数 (U+6570) in font [lmroman10-regular]:mapping=t
ex-text;!

LaTeX Warning: Reference `structCodroid_1_1MoveToParams' on page 7 undefined on
 input line 11.

Missing character: There is no 运 (U+8FD0) in font [lmroman10-regular]:mapping=t
ex-text;!
Missing character: There is no 动 (U+52A8) in font [lmroman10-regular]:mapping=t
ex-text;!
Missing character: There is no 目 (U+76EE) in font [lmroman10-regular]:mapping=t
ex-text;!
Missing character: There is no 标 (U+6807) in font [lmroman10-regular]:mapping=t
ex-text;!
Missing character: There is no 位 (U+4F4D) in font [lmroman10-regular]:mapping=t
ex-text;!
Missing character: There is no 置 (U+7F6E) in font [lmroman10-regular]:mapping=t
ex-text;!

LaTeX Warning: Reference `structCodroid_1_1MoveToTarget' on page 7 undefined on
 input line 12.

Missing character: There is no 工 (U+5DE5) in font [lmroman10-regular]:mapping=t
ex-text;!
Missing character: There is no 程 (U+7A0B) in font [lmroman10-regular]:mapping=t
ex-text;!
Missing character: There is no 执 (U+6267) in font [lmroman10-regular]:mapping=t
ex-text;!
Missing character: There is no 行 (U+884C) in font [lmroman10-regular]:mapping=t
ex-text;!
Missing character: There is no 状 (U+72B6) in font [lmroman10-regular]:mapping=t
ex-text;!
Missing character: There is no 态 (U+6001) in font [lmroman10-regular]:mapping=t
ex-text;!

LaTeX Warning: Reference `structCodroid_1_1ProjectState' on page 7 undefined on
 input line 13.

Missing character: There is no 寄 (U+5BC4) in font [lmroman10-regular]:mapping=t
ex-text;!
Missing character: There is no 存 (U+5B58) in font [lmroman10-regular]:mapping=t
ex-text;!
Missing character: There is no 器 (U+5668) in font [lmroman10-regular]:mapping=t
ex-text;!
Missing character: There is no 信 (U+4FE1) in font [lmroman10-regular]:mapping=t
ex-text;!
Missing character: There is no 息 (U+606F) in font [lmroman10-regular]:mapping=t
ex-text;!
Missing character: There is no 结 (U+7ED3) in font [lmroman10-regular]:mapping=t
ex-text;!
Missing character: There is no 构 (U+6784) in font [lmroman10-regular]:mapping=t
ex-text;!
Missing character: There is no 体 (U+4F53) in font [lmroman10-regular]:mapping=t
ex-text;!

LaTeX Warning: Reference `structCodroid_1_1RegisterInfo' on page 7 undefined on
 input line 14.

Missing character: There is no 相 (U+76F8) in font [lmroman10-regular]:mapping=t
ex-text;!
Missing character: There is no 对 (U+5BF9) in font [lmroman10-regular]:mapping=t
ex-text;!
Missing character: There is no 位 (U+4F4D) in font [lmroman10-regular]:mapping=t
ex-text;!
Missing character: There is no 姿 (U+59FF) in font [lmroman10-regular]:mapping=t
ex-text;!
Missing character: There is no 计 (U+8BA1) in font [lmroman10-regular]:mapping=t
ex-text;!
Missing character: There is no 算 (U+7B97) in font [lmroman10-regular]:mapping=t
ex-text;!
Missing character: There is no 参 (U+53C2) in font [lmroman10-regular]:mapping=t
ex-text;!
Missing character: There is no 数 (U+6570) in font [lmroman10-regular]:mapping=t
ex-text;!

LaTeX Warning: Reference `structCodroid_1_1RelativePoseParams' on page 7 undefi
ned on input line 15.

Missing character: There is no 标 (U+6807) in font [lmroman10-regular]:mapping=t
ex-text;!
Missing character: There is no 准 (U+51C6) in font [lmroman10-regular]:mapping=t
ex-text;!
Missing character: There is no 响 (U+54CD) in font [lmroman10-regular]:mapping=t
ex-text;!
Missing character: There is no 应 (U+5E94) in font [lmroman10-regular]:mapping=t
ex-text;!
Missing character: There is no 结 (U+7ED3) in font [lmroman10-regular]:mapping=t
ex-text;!
Missing character: There is no 构 (U+6784) in font [lmroman10-regular]:mapping=t
ex-text;!
Missing character: There is no 体 (U+4F53) in font [lmroman10-regular]:mapping=t
ex-text;!

LaTeX Warning: Reference `structCodroid_1_1Response' on page 7 undefined on inp
ut line 16.

Missing character: There is no 机 (U+673A) in font [lmroman10-regular]:mapping=t
ex-text;!
Missing character: There is no 器 (U+5668) in font [lmroman10-regular]:mapping=t
ex-text;!
Missing character: There is no 人 (U+4EBA) in font [lmroman10-regular]:mapping=t
ex-text;!
Missing character: There is no 实 (U+5B9E) in font [lmroman10-regular]:mapping=t
ex-text;!
Missing character: There is no 时 (U+65F6) in font [lmroman10-regular]:mapping=t
ex-text;!
Missing character: There is no 位 (U+4F4D) in font [lmroman10-regular]:mapping=t
ex-text;!
Missing character: There is no 姿 (U+59FF) in font [lmroman10-regular]:mapping=t
ex-text;!

LaTeX Warning: Reference `structCodroid_1_1RobotPosture' on page 7 undefined on
 input line 17.

Missing character: There is no 机 (U+673A) in font [lmroman10-regular]:mapping=t
ex-text;!
Missing character: There is no 器 (U+5668) in font [lmroman10-regular]:mapping=t
ex-text;!
Missing character: There is no 人 (U+4EBA) in font [lmroman10-regular]:mapping=t
ex-text;!
Missing character: There is no 运 (U+8FD0) in font [lmroman10-regular]:mapping=t
ex-text;!
Missing character: There is no 行 (U+884C) in font [lmroman10-regular]:mapping=t
ex-text;!
Missing character: There is no 状 (U+72B6) in font [lmroman10-regular]:mapping=t
ex-text;!
Missing character: There is no 态 (U+6001) in font [lmroman10-regular]:mapping=t
ex-text;!

LaTeX Warning: Reference `structCodroid_1_1RobotStatus' on page 7 undefined on 
input line 18.

Missing character: There is no 全 (U+5168) in font [lmroman10-regular]:mapping=t
ex-text;!
Missing character: There is no 局 (U+5C40) in font [lmroman10-regular]:mapping=t
ex-text;!
Missing character: There is no 变 (U+53D8) in font [lmroman10-regular]:mapping=t
ex-text;!
Missing character: There is no 量 (U+91CF) in font [lmroman10-regular]:mapping=t
ex-text;!
Missing character: There is no 信 (U+4FE1) in font [lmroman10-regular]:mapping=t
ex-text;!
Missing character: There is no 息 (U+606F) in font [lmroman10-regular]:mapping=t
ex-text;!
Missing character: There is no 结 (U+7ED3) in font [lmroman10-regular]:mapping=t
ex-text;!
Missing character: There is no 构 (U+6784) in font [lmroman10-regular]:mapping=t
ex-text;!

LaTeX Warning: Reference `structCodroid_1_1Variable' on page 7 undefined on inp
ut line 19.

)
Missing character: There is no 制 (U+5236) in font [lmroman7-regular]:mapping=te
x-text;!
Missing character: There is no 作 (U+4F5C) in font [lmroman7-regular]:mapping=te
x-text;!
Missing character: There is no 者 (U+8005) in font [lmroman7-regular]:mapping=te
x-text;!
[7]
Missing character: There is no 类 (U+7C7B) in font [lmroman10-regular]:mapping=t
ex-text;!
Missing character: There is no 索 (U+7D22) in font [lmroman10-regular]:mapping=t
ex-text;!
Missing character: There is no 引 (U+5F15) in font [lmroman10-regular]:mapping=t
ex-text;!
Missing character: There is no 制 (U+5236) in font [lmroman7-regular]:mapping=te
x-text;!
Missing character: There is no 作 (U+4F5C) in font [lmroman7-regular]:mapping=te
x-text;!
Missing character: There is no 者 (U+8005) in font [lmroman7-regular]:mapping=te
x-text;!
[8

]
Chapter 4.
Missing character: There is no 文 (U+6587) in font [lmroman17-regular]:mapping=t
ex-text;!
Missing character: There is no 件 (U+4EF6) in font [lmroman17-regular]:mapping=t
ex-text;!
Missing character: There is no 索 (U+7D22) in font [lmroman17-regular]:mapping=t
ex-text;!
Missing character: There is no 引 (U+5F15) in font [lmroman17-regular]:mapping=t
ex-text;!
(./files.tex
Missing character: There is no 文 (U+6587) in font [lmroman12-regular]:mapping=t
ex-text;!
Missing character: There is no 件 (U+4EF6) in font [lmroman12-regular]:mapping=t
ex-text;!
Missing character: There is no 列 (U+5217) in font [lmroman12-regular]:mapping=t
ex-text;!
Missing character: There is no 表 (U+8868) in font [lmroman12-regular]:mapping=t
ex-text;!
Missing character: There is no 这 (U+8FD9) in font [lmroman10-regular]:mapping=t
ex-text;!
Missing character: There is no 里 (U+91CC) in font [lmroman10-regular]:mapping=t
ex-text;!
Missing character: There is no 列 (U+5217) in font [lmroman10-regular]:mapping=t
ex-text;!
Missing character: There is no 出 (U+51FA) in font [lmroman10-regular]:mapping=t
ex-text;!
Missing character: There is no 了 (U+4E86) in font [lmroman10-regular]:mapping=t
ex-text;!
Missing character: There is no 所 (U+6240) in font [lmroman10-regular]:mapping=t
ex-text;!
Missing character: There is no 有 (U+6709) in font [lmroman10-regular]:mapping=t
ex-text;!
Missing character: There is no 文 (U+6587) in font [lmroman10-regular]:mapping=t
ex-text;!
Missing character: There is no 档 (U+6863) in font [lmroman10-regular]:mapping=t
ex-text;!
Missing character: There is no 化 (U+5316) in font [lmroman10-regular]:mapping=t
ex-text;!
Missing character: There is no 的 (U+7684) in font [lmroman10-regular]:mapping=t
ex-text;!
Missing character: There is no 文 (U+6587) in font [lmroman10-regular]:mapping=t
ex-text;!
Missing character: There is no 件 (U+4EF6) in font [lmroman10-regular]:mapping=t
ex-text;!
Missing character: There is no ， (U+FF0C) in font [lmroman10-regular]:mapping=t
ex-text;!
Missing character: There is no 并 (U+5E76) in font [lmroman10-regular]:mapping=t
ex-text;!
Missing character: There is no 附 (U+9644) in font [lmroman10-regular]:mapping=t
ex-text;!
Missing character: There is no 带 (U+5E26) in font [lmroman10-regular]:mapping=t
ex-text;!
Missing character: There is no 简 (U+7B80) in font [lmroman10-regular]:mapping=t
ex-text;!
Missing character: There is no 要 (U+8981) in font [lmroman10-regular]:mapping=t
ex-text;!
Missing character: There is no 说 (U+8BF4) in font [lmroman10-regular]:mapping=t
ex-text;!
Missing character: There is no 明 (U+660E) in font [lmroman10-regular]:mapping=t
ex-text;!
Missing character: There is no 控 (U+63A7) in font [lmroman10-regular]:mapping=t
ex-text;!
Missing character: There is no 制 (U+5236) in font [lmroman10-regular]:mapping=t
ex-text;!
Missing character: There is no 接 (U+63A5) in font [lmroman10-regular]:mapping=t
ex-text;!
Missing character: There is no 口 (U+53E3) in font [lmroman10-regular]:mapping=t
ex-text;!
Missing character: There is no 头 (U+5934) in font [lmroman10-regular]:mapping=t
ex-text;!
Missing character: There is no 文 (U+6587) in font [lmroman10-regular]:mapping=t
ex-text;!
Missing character: There is no 件 (U+4EF6) in font [lmroman10-regular]:mapping=t
ex-text;!

LaTeX Warning: Reference `CodroidControlInterface_8h' on page 9 undefined on in
put line 3.

Missing character: There is no 定 (U+5B9A) in font [lmroman10-regular]:mapping=t
ex-text;!
Missing character: There is no 义 (U+4E49) in font [lmroman10-regular]:mapping=t
ex-text;!
Missing character: There is no 文 (U+6587) in font [lmroman10-regular]:mapping=t
ex-text;!
Missing character: There is no 件 (U+4EF6) in font [lmroman10-regular]:mapping=t
ex-text;!

LaTeX Warning: Reference `CodroidDefine_8h' on page 9 undefined on input line 4
.


LaTeX Warning: Reference `CodroidExport_8h' on page 9 undefined on input line 5
.

Missing character: There is no 类 (U+7C7B) in font [lmroman10-regular]:mapping=t
ex-text;!
Missing character: There is no 的 (U+7684) in font [lmroman10-regular]:mapping=t
ex-text;!
Missing character: There is no 头 (U+5934) in font [lmroman10-regular]:mapping=t
ex-text;!
Missing character: There is no 文 (U+6587) in font [lmroman10-regular]:mapping=t
ex-text;!
Missing character: There is no 件 (U+4EF6) in font [lmroman10-regular]:mapping=t
ex-text;!

LaTeX Warning: Reference `CodroidSubscriber_8h' on page 9 undefined on input li
ne 6.

)
Missing character: There is no 制 (U+5236) in font [lmroman7-regular]:mapping=te
x-text;!
Missing character: There is no 作 (U+4F5C) in font [lmroman7-regular]:mapping=te
x-text;!
Missing character: There is no 者 (U+8005) in font [lmroman7-regular]:mapping=te
x-text;!
[9]
Missing character: There is no 文 (U+6587) in font [lmroman10-regular]:mapping=t
ex-text;!
Missing character: There is no 件 (U+4EF6) in font [lmroman10-regular]:mapping=t
ex-text;!
Missing character: There is no 索 (U+7D22) in font [lmroman10-regular]:mapping=t
ex-text;!
Missing character: There is no 引 (U+5F15) in font [lmroman10-regular]:mapping=t
ex-text;!
Missing character: There is no 制 (U+5236) in font [lmroman7-regular]:mapping=te
x-text;!
Missing character: There is no 作 (U+4F5C) in font [lmroman7-regular]:mapping=te
x-text;!
Missing character: There is no 者 (U+8005) in font [lmroman7-regular]:mapping=te
x-text;!
[10

]
Chapter 5.
Missing character: There is no 类 (U+7C7B) in font [lmroman17-regular]:mapping=t
ex-text;!
Missing character: There is no 说 (U+8BF4) in font [lmroman17-regular]:mapping=t
ex-text;!
Missing character: There is no 明 (U+660E) in font [lmroman17-regular]:mapping=t
ex-text;!
(./classCodroid_1_1CodroidControlInterface.tex
Missing character: There is no 类 (U+7C7B) in font [lmroman12-regular]:mapping=t
ex-text;!
Missing character: There is no 参 (U+53C2) in font [lmroman12-regular]:mapping=t
ex-text;!
Missing character: There is no 考 (U+8003) in font [lmroman12-regular]:mapping=t
ex-text;!
Missing character: There is no 成 (U+6210) in font [lmroman12-regular]:mapping=t
ex-text;!
Missing character: There is no 员 (U+5458) in font [lmroman12-regular]:mapping=t
ex-text;!
Missing character: There is no 函 (U+51FD) in font [lmroman12-regular]:mapping=t
ex-text;!
Missing character: There is no 数 (U+6570) in font [lmroman12-regular]:mapping=t
ex-text;!
Missing character: There is no 构 (U+6784) in font [lmroman9-regular]:mapping=te
x-text;!
Missing character: There is no 造 (U+9020) in font [lmroman9-regular]:mapping=te
x-text;!
Missing character: There is no 函 (U+51FD) in font [lmroman9-regular]:mapping=te
x-text;!
Missing character: There is no 数 (U+6570) in font [lmroman9-regular]:mapping=te
x-text;!
Missing character: There is no 析 (U+6790) in font [lmroman9-regular]:mapping=te
x-text;!
Missing character: There is no 构 (U+6784) in font [lmroman9-regular]:mapping=te
x-text;!
Missing character: There is no 函 (U+51FD) in font [lmroman9-regular]:mapping=te
x-text;!
Missing character: There is no 数 (U+6570) in font [lmroman9-regular]:mapping=te
x-text;!
Missing character: There is no 连 (U+8FDE) in font [lmroman9-regular]:mapping=te
x-text;!
Missing character: There is no 接 (U+63A5) in font [lmroman9-regular]:mapping=te
x-text;!
Missing character: There is no 机 (U+673A) in font [lmroman9-regular]:mapping=te
x-text;!
Missing character: There is no 器 (U+5668) in font [lmroman9-regular]:mapping=te
x-text;!
Missing character: There is no 人 (U+4EBA) in font [lmroman9-regular]:mapping=te
x-text;!
Missing character: There is no 断 (U+65AD) in font [lmroman9-regular]:mapping=te
x-text;!
Missing character: There is no 开 (U+5F00) in font [lmroman9-regular]:mapping=te
x-text;!
Missing character: There is no 与 (U+4E0E) in font [lmroman9-regular]:mapping=te
x-text;!
Missing character: There is no 机 (U+673A) in font [lmroman9-regular]:mapping=te
x-text;!
Missing character: There is no 器 (U+5668) in font [lmroman9-regular]:mapping=te
x-text;!
Missing character: There is no 人 (U+4EBA) in font [lmroman9-regular]:mapping=te
x-text;!
Missing character: There is no 的 (U+7684) in font [lmroman9-regular]:mapping=te
x-text;!
Missing character: There is no 连 (U+8FDE) in font [lmroman9-regular]:mapping=te
x-text;!
Missing character: There is no 接 (U+63A5) in font [lmroman9-regular]:mapping=te
x-text;!
Missing character: There is no 向 (U+5411) in font [lmroman9-regular]:mapping=te
x-text;!
Missing character: There is no 机 (U+673A) in font [lmroman9-regular]:mapping=te
x-text;!
Missing character: There is no 器 (U+5668) in font [lmroman9-regular]:mapping=te
x-text;!
Missing character: There is no 人 (U+4EBA) in font [lmroman9-regular]:mapping=te
x-text;!
Missing character: There is no 发 (U+53D1) in font [lmroman9-regular]:mapping=te
x-text;!
Missing character: There is no 送 (U+9001) in font [lmroman9-regular]:mapping=te
x-text;!
Missing character: There is no 指 (U+6307) in font [lmroman9-regular]:mapping=te
x-text;!
Missing character: There is no 令 (U+4EE4) in font [lmroman9-regular]:mapping=te
x-text;!
Missing character: There is no 在 (U+5728) in font [lmroman9-regular]:mapping=te
x-text;!
Missing character: There is no 机 (U+673A) in font [lmroman9-regular]:mapping=te
x-text;!
Missing character: There is no 器 (U+5668) in font [lmroman9-regular]:mapping=te
x-text;!
Missing character: There is no 人 (U+4EBA) in font [lmroman9-regular]:mapping=te
x-text;!
Missing character: There is no 上 (U+4E0A) in font [lmroman9-regular]:mapping=te
x-text;!
Missing character: There is no 运 (U+8FD0) in font [lmroman9-regular]:mapping=te
x-text;!
Missing character: There is no 行 (U+884C) in font [lmroman9-regular]:mapping=te
x-text;!
Missing character: There is no 脚 (U+811A) in font [lmroman9-regular]:mapping=te
x-text;!
Missing character: There is no 本 (U+672C) in font [lmroman9-regular]:mapping=te
x-text;!
Missing character: There is no 在 (U+5728) in font [lmroman9-regular]:mapping=te
x-text;!
Missing character: There is no 机 (U+673A) in font [lmroman9-regular]:mapping=te
x-text;!
Missing character: There is no 器 (U+5668) in font [lmroman9-regular]:mapping=te
x-text;!
Missing character: There is no 人 (U+4EBA) in font [lmroman9-regular]:mapping=te
x-text;!
Missing character: There is no 上 (U+4E0A) in font [lmroman9-regular]:mapping=te
x-text;!
Missing character: There is no 进 (U+8FDB) in font [lmroman9-regular]:mapping=te
x-text;!
Missing character: There is no 入 (U+5165) in font [lmroman9-regular]:mapping=te
x-text;!
Missing character: There is no 远 (U+8FDC) in font [lmroman9-regular]:mapping=te
x-text;!
Missing character: There is no 程 (U+7A0B) in font [lmroman9-regular]:mapping=te
x-text;!
Missing character: There is no 脚 (U+811A) in font [lmroman9-regular]:mapping=te
x-text;!
Missing character: There is no 本 (U+672C) in font [lmroman9-regular]:mapping=te
x-text;!
Missing character: There is no 模 (U+6A21) in font [lmroman9-regular]:mapping=te
x-text;!
Missing character: There is no 式 (U+5F0F) in font [lmroman9-regular]:mapping=te
x-text;!
Missing character: There is no 在 (U+5728) in font [lmroman9-regular]:mapping=te
x-text;!
Missing character: There is no 机 (U+673A) in font [lmroman9-regular]:mapping=te
x-text;!
Missing character: There is no 器 (U+5668) in font [lmroman9-regular]:mapping=te
x-text;!
Missing character: There is no 人 (U+4EBA) in font [lmroman9-regular]:mapping=te
x-text;!
Missing character: There is no 上 (U+4E0A) in font [lmroman9-regular]:mapping=te
x-text;!
Missing character: There is no 通 (U+901A) in font [lmroman9-regular]:mapping=te
x-text;!
Missing character: There is no 过 (U+8FC7) in font [lmroman9-regular]:mapping=te
x-text;!
Missing character: There is no 工 (U+5DE5) in font [lmroman9-regular]:mapping=te
x-text;!
Missing character: There is no 程 (U+7A0B) in font [lmroman9-regular]:mapping=te
x-text;!
Missing character: There is no 运 (U+8FD0) in font [lmroman9-regular]:mapping=te
x-text;!
Missing character: There is no 行 (U+884C) in font [lmroman9-regular]:mapping=te
x-text;!
Missing character: There is no 工 (U+5DE5) in font [lmroman9-regular]:mapping=te
x-text;!
Missing character: There is no 程 (U+7A0B) in font [lmroman9-regular]:mapping=te
x-text;!
Missing character: There is no 在 (U+5728) in font [lmroman9-regular]:mapping=te
x-text;!
Missing character: There is no 机 (U+673A) in font [lmroman9-regular]:mapping=te
x-text;!
Missing character: There is no 器 (U+5668) in font [lmroman9-regular]:mapping=te
x-text;!
Missing character: There is no 人 (U+4EBA) in font [lmroman9-regular]:mapping=te
x-text;!
Missing character: There is no 上 (U+4E0A) in font [lmroman9-regular]:mapping=te
x-text;!
Missing character: There is no 通 (U+901A) in font [lmroman9-regular]:mapping=te
x-text;!
Missing character: There is no 过 (U+8FC7) in font [lmroman9-regular]:mapping=te
x-text;!
Missing character: There is no 索 (U+7D22) in font [lmroman9-regular]:mapping=te
x-text;!
Missing character: There is no 引 (U+5F15) in font [lmroman9-regular]:mapping=te
x-text;!
Missing character: There is no 运 (U+8FD0) in font [lmroman9-regular]:mapping=te
x-text;!
Missing character: There is no 行 (U+884C) in font [lmroman9-regular]:mapping=te
x-text;!
Missing character: There is no 工 (U+5DE5) in font [lmroman9-regular]:mapping=te
x-text;!
Missing character: There is no 程 (U+7A0B) in font [lmroman9-regular]:mapping=te
x-text;!
Missing character: There is no 在 (U+5728) in font [lmroman9-regular]:mapping=te
x-text;!
Missing character: There is no 机 (U+673A) in font [lmroman9-regular]:mapping=te
x-text;!
Missing character: There is no 器 (U+5668) in font [lmroman9-regular]:mapping=te
x-text;!
Missing character: There is no 人 (U+4EBA) in font [lmroman9-regular]:mapping=te
x-text;!
Missing character: There is no 上 (U+4E0A) in font [lmroman9-regular]:mapping=te
x-text;!
Missing character: There is no 单 (U+5355) in font [lmroman9-regular]:mapping=te
x-text;!
Missing character: There is no 步 (U+6B65) in font [lmroman9-regular]:mapping=te
x-text;!
Missing character: There is no 运 (U+8FD0) in font [lmroman9-regular]:mapping=te
x-text;!
Missing character: There is no 行 (U+884C) in font [lmroman9-regular]:mapping=te
x-text;!
Missing character: There is no 工 (U+5DE5) in font [lmroman9-regular]:mapping=te
x-text;!
Missing character: There is no 程 (U+7A0B) in font [lmroman9-regular]:mapping=te
x-text;!
Missing character: There is no 暂 (U+6682) in font [lmroman9-regular]:mapping=te
x-text;!
Missing character: There is no 停 (U+505C) in font [lmroman9-regular]:mapping=te
x-text;!
Missing character: There is no 机 (U+673A) in font [lmroman9-regular]:mapping=te
x-text;!
Missing character: There is no 器 (U+5668) in font [lmroman9-regular]:mapping=te
x-text;!
Missing character: There is no 人 (U+4EBA) in font [lmroman9-regular]:mapping=te
x-text;!
Missing character: There is no 上 (U+4E0A) in font [lmroman9-regular]:mapping=te
x-text;!
Missing character: There is no 正 (U+6B63) in font [lmroman9-regular]:mapping=te
x-text;!
Missing character: There is no 在 (U+5728) in font [lmroman9-regular]:mapping=te
x-text;!
Missing character: There is no 运 (U+8FD0) in font [lmroman9-regular]:mapping=te
x-text;!
Missing character: There is no 行 (U+884C) in font [lmroman9-regular]:mapping=te
x-text;!
Missing character: There is no 的 (U+7684) in font [lmroman9-regular]:mapping=te
x-text;!
Missing character: There is no 工 (U+5DE5) in font [lmroman9-regular]:mapping=te
x-text;!
Missing character: There is no 程 (U+7A0B) in font [lmroman9-regular]:mapping=te
x-text;!
Missing character: There is no 恢 (U+6062) in font [lmroman9-regular]:mapping=te
x-text;!
Missing character: There is no 复 (U+590D) in font [lmroman9-regular]:mapping=te
x-text;!
Missing character: There is no 机 (U+673A) in font [lmroman9-regular]:mapping=te
x-text;!
Missing character: There is no 器 (U+5668) in font [lmroman9-regular]:mapping=te
x-text;!
Missing character: There is no 人 (U+4EBA) in font [lmroman9-regular]:mapping=te
x-text;!
Missing character: There is no 上 (U+4E0A) in font [lmroman9-regular]:mapping=te
x-text;!
Missing character: There is no 暂 (U+6682) in font [lmroman9-regular]:mapping=te
x-text;!
Missing character: There is no 停 (U+505C) in font [lmroman9-regular]:mapping=te
x-text;!
Missing character: There is no 的 (U+7684) in font [lmroman9-regular]:mapping=te
x-text;!
Missing character: There is no 工 (U+5DE5) in font [lmroman9-regular]:mapping=te
x-text;!
Missing character: There is no 程 (U+7A0B) in font [lmroman9-regular]:mapping=te
x-text;!
Missing character: There is no 停 (U+505C) in font [lmroman9-regular]:mapping=te
x-text;!
Missing character: There is no 止 (U+6B62) in font [lmroman9-regular]:mapping=te
x-text;!
Missing character: There is no 机 (U+673A) in font [lmroman9-regular]:mapping=te
x-text;!
Missing character: There is no 器 (U+5668) in font [lmroman9-regular]:mapping=te
x-text;!
Missing character: There is no 人 (U+4EBA) in font [lmroman9-regular]:mapping=te
x-text;!
Missing character: There is no 上 (U+4E0A) in font [lmroman9-regular]:mapping=te
x-text;!
Missing character: There is no 正 (U+6B63) in font [lmroman9-regular]:mapping=te
x-text;!
Missing character: There is no 在 (U+5728) in font [lmroman9-regular]:mapping=te
x-text;!
Missing character: There is no 运 (U+8FD0) in font [lmroman9-regular]:mapping=te
x-text;!
Missing character: There is no 行 (U+884C) in font [lmroman9-regular]:mapping=te
x-text;!
Missing character: There is no 的 (U+7684) in font [lmroman9-regular]:mapping=te
x-text;!
Missing character: There is no 工 (U+5DE5) in font [lmroman9-regular]:mapping=te
x-text;!
Missing character: There is no 程 (U+7A0B) in font [lmroman9-regular]:mapping=te
x-text;!
Missing character: There is no 设 (U+8BBE) in font [lmroman9-regular]:mapping=te
x-text;!
Missing character: There is no 置 (U+7F6E) in font [lmroman9-regular]:mapping=te
x-text;!
Missing character: There is no 机 (U+673A) in font [lmroman9-regular]:mapping=te
x-text;!
Missing character: There is no 器 (U+5668) in font [lmroman9-regular]:mapping=te
x-text;!
Missing character: There is no 人 (U+4EBA) in font [lmroman9-regular]:mapping=te
x-text;!
Missing character: There is no 上 (U+4E0A) in font [lmroman9-regular]:mapping=te
x-text;!
Missing character: There is no 工 (U+5DE5) in font [lmroman9-regular]:mapping=te
x-text;!
Missing character: There is no 程 (U+7A0B) in font [lmroman9-regular]:mapping=te
x-text;!
Missing character: There is no 执 (U+6267) in font [lmroman9-regular]:mapping=te
x-text;!
Missing character: There is no 行 (U+884C) in font [lmroman9-regular]:mapping=te
x-text;!
Missing character: There is no 的 (U+7684) in font [lmroman9-regular]:mapping=te
x-text;!
Missing character: There is no 启 (U+542F) in font [lmroman9-regular]:mapping=te
x-text;!
Missing character: There is no 动 (U+52A8) in font [lmroman9-regular]:mapping=te
x-text;!
Missing character: There is no 行 (U+884C) in font [lmroman9-regular]:mapping=te
x-text;!
Missing character: There is no 清 (U+6E05) in font [lmroman9-regular]:mapping=te
x-text;!
Missing character: There is no 除 (U+9664) in font [lmroman9-regular]:mapping=te
x-text;!
Missing character: There is no 机 (U+673A) in font [lmroman9-regular]:mapping=te
x-text;!
Missing character: There is no 器 (U+5668) in font [lmroman9-regular]:mapping=te
x-text;!
Missing character: There is no 人 (U+4EBA) in font [lmroman9-regular]:mapping=te
x-text;!
Missing character: There is no 上 (U+4E0A) in font [lmroman9-regular]:mapping=te
x-text;!
Missing character: There is no 工 (U+5DE5) in font [lmroman9-regular]:mapping=te
x-text;!
Missing character: There is no 程 (U+7A0B) in font [lmroman9-regular]:mapping=te
x-text;!
Missing character: There is no 执 (U+6267) in font [lmroman9-regular]:mapping=te
x-text;!
Missing character: There is no 行 (U+884C) in font [lmroman9-regular]:mapping=te
x-text;!
Missing character: There is no 的 (U+7684) in font [lmroman9-regular]:mapping=te
x-text;!
Missing character: There is no 启 (U+542F) in font [lmroman9-regular]:mapping=te
x-text;!
Missing character: There is no 动 (U+52A8) in font [lmroman9-regular]:mapping=te
x-text;!
Missing character: There is no 行 (U+884C) in font [lmroman9-regular]:mapping=te
x-text;!
Missing character: There is no 设 (U+8BBE) in font [lmroman9-regular]:mapping=te
x-text;!
Missing character: There is no 置 (U+7F6E) in font [lmroman9-regular]:mapping=te
x-text;!
Missing character: There is no 获 (U+83B7) in font [lmroman9-regular]:mapping=te
x-text;!
Missing character: There is no 取 (U+53D6) in font [lmroman9-regular]:mapping=te
x-text;!
Missing character: There is no 机 (U+673A) in font [lmroman9-regular]:mapping=te
x-text;!
Missing character: There is no 器 (U+5668) in font [lmroman9-regular]:mapping=te
x-text;!
Missing character: There is no 人 (U+4EBA) in font [lmroman9-regular]:mapping=te
x-text;!
Missing character: There is no 上 (U+4E0A) in font [lmroman9-regular]:mapping=te
x-text;!
Missing character: There is no 的 (U+7684) in font [lmroman9-regular]:mapping=te
x-text;!
Missing character: There is no 全 (U+5168) in font [lmroman9-regular]:mapping=te
x-text;!
Missing character: There is no 局 (U+5C40) in font [lmroman9-regular]:mapping=te
x-text;!
Missing character: There is no 变 (U+53D8) in font [lmroman9-regular]:mapping=te
x-text;!
Missing character: There is no 量 (U+91CF) in font [lmroman9-regular]:mapping=te
x-text;!
Missing character: There is no 列 (U+5217) in font [lmroman9-regular]:mapping=te
x-text;!
Missing character: There is no 表 (U+8868) in font [lmroman9-regular]:mapping=te
x-text;!
Missing character: There is no 将 (U+5C06) in font [lmroman9-regular]:mapping=te
x-text;!
Missing character: There is no 全 (U+5168) in font [lmroman9-regular]:mapping=te
x-text;!
Missing character: There is no 局 (U+5C40) in font [lmroman9-regular]:mapping=te
x-text;!
Missing character: There is no 变 (U+53D8) in font [lmroman9-regular]:mapping=te
x-text;!
Missing character: There is no 量 (U+91CF) in font [lmroman9-regular]:mapping=te
x-text;!
Missing character: There is no 列 (U+5217) in font [lmroman9-regular]:mapping=te
x-text;!
Missing character: There is no 表 (U+8868) in font [lmroman9-regular]:mapping=te
x-text;!
Missing character: There is no 保 (U+4FDD) in font [lmroman9-regular]:mapping=te
x-text;!
Missing character: There is no 存 (U+5B58) in font [lmroman9-regular]:mapping=te
x-text;!
Missing character: There is no 到 (U+5230) in font [lmroman9-regular]:mapping=te
x-text;!
Missing character: There is no 机 (U+673A) in font [lmroman9-regular]:mapping=te
x-text;!
Missing character: There is no 器 (U+5668) in font [lmroman9-regular]:mapping=te
x-text;!
Missing character: There is no 人 (U+4EBA) in font [lmroman9-regular]:mapping=te
x-text;!
Missing character: There is no 制 (U+5236) in font [lmroman7-regular]:mapping=te
x-text;!
Missing character: There is no 作 (U+4F5C) in font [lmroman7-regular]:mapping=te
x-text;!
Missing character: There is no 者 (U+8005) in font [lmroman7-regular]:mapping=te
x-text;!
[11]
Missing character: There is no 从 (U+4ECE) in font [lmroman9-regular]:mapping=te
x-text;!
Missing character: There is no 机 (U+673A) in font [lmroman9-regular]:mapping=te
x-text;!
Missing character: There is no 器 (U+5668) in font [lmroman9-regular]:mapping=te
x-text;!
Missing character: There is no 人 (U+4EBA) in font [lmroman9-regular]:mapping=te
x-text;!
Missing character: There is no 上 (U+4E0A) in font [lmroman9-regular]:mapping=te
x-text;!
Missing character: There is no 删 (U+5220) in font [lmroman9-regular]:mapping=te
x-text;!
Missing character: There is no 除 (U+9664) in font [lmroman9-regular]:mapping=te
x-text;!
Missing character: There is no 全 (U+5168) in font [lmroman9-regular]:mapping=te
x-text;!
Missing character: There is no 局 (U+5C40) in font [lmroman9-regular]:mapping=te
x-text;!
Missing character: There is no 变 (U+53D8) in font [lmroman9-regular]:mapping=te
x-text;!
Missing character: There is no 量 (U+91CF) in font [lmroman9-regular]:mapping=te
x-text;!
Missing character: There is no 从 (U+4ECE) in font [lmroman9-regular]:mapping=te
x-text;!
Missing character: There is no 机 (U+673A) in font [lmroman9-regular]:mapping=te
x-text;!
Missing character: There is no 器 (U+5668) in font [lmroman9-regular]:mapping=te
x-text;!
Missing character: There is no 人 (U+4EBA) in font [lmroman9-regular]:mapping=te
x-text;!
Missing character: There is no 上 (U+4E0A) in font [lmroman9-regular]:mapping=te
x-text;!
Missing character: There is no 获 (U+83B7) in font [lmroman9-regular]:mapping=te
x-text;!
Missing character: There is no 取 (U+53D6) in font [lmroman9-regular]:mapping=te
x-text;!
Missing character: There is no 工 (U+5DE5) in font [lmroman9-regular]:mapping=te
x-text;!
Missing character: There is no 程 (U+7A0B) in font [lmroman9-regular]:mapping=te
x-text;!
Missing character: There is no 变 (U+53D8) in font [lmroman9-regular]:mapping=te
x-text;!
Missing character: There is no 量 (U+91CF) in font [lmroman9-regular]:mapping=te
x-text;!
Missing character: There is no 的 (U+7684) in font [lmroman9-regular]:mapping=te
x-text;!
Missing character: There is no 值 (U+503C) in font [lmroman9-regular]:mapping=te
x-text;!
Missing character: There is no 初 (U+521D) in font [lmroman9-regular]:mapping=te
x-text;!
Missing character: There is no 始 (U+59CB) in font [lmroman9-regular]:mapping=te
x-text;!
Missing character: There is no 化 (U+5316) in font [lmroman9-regular]:mapping=te
x-text;!
Missing character: There is no 机 (U+673A) in font [lmroman9-regular]:mapping=te
x-text;!
Missing character: There is no 器 (U+5668) in font [lmroman9-regular]:mapping=te
x-text;!
Missing character: There is no 人 (U+4EBA) in font [lmroman9-regular]:mapping=te
x-text;!
Missing character: There is no 上 (U+4E0A) in font [lmroman9-regular]:mapping=te
x-text;!
Missing character: There is no 的 (U+7684) in font [lmroman9-regular]:mapping=te
x-text;!
Missing character: There is no 通 (U+901A) in font [lmroman9-regular]:mapping=te
x-text;!
Missing character: There is no 信 (U+4FE1) in font [lmroman9-regular]:mapping=te
x-text;!
Missing character: There is no 清 (U+6E05) in font [lmroman9-regular]:mapping=te
x-text;!
Missing character: There is no 空 (U+7A7A) in font [lmroman9-regular]:mapping=te
x-text;!
Missing character: There is no 机 (U+673A) in font [lmroman9-regular]:mapping=te
x-text;!
Missing character: There is no 器 (U+5668) in font [lmroman9-regular]:mapping=te
x-text;!
Missing character: There is no 人 (U+4EBA) in font [lmroman9-regular]:mapping=te
x-text;!
Missing character: There is no 上 (U+4E0A) in font [lmroman9-regular]:mapping=te
x-text;!
Missing character: There is no 的 (U+7684) in font [lmroman9-regular]:mapping=te
x-text;!
Missing character: There is no 通 (U+901A) in font [lmroman9-regular]:mapping=te
x-text;!
Missing character: There is no 信 (U+4FE1) in font [lmroman9-regular]:mapping=te
x-text;!
Missing character: There is no 缓 (U+7F13) in font [lmroman9-regular]:mapping=te
x-text;!
Missing character: There is no 冲 (U+51B2) in font [lmroman9-regular]:mapping=te
x-text;!
Missing character: There is no 区 (U+533A) in font [lmroman9-regular]:mapping=te
x-text;!
Missing character: There is no 从 (U+4ECE) in font [lmroman9-regular]:mapping=te
x-text;!
Missing character: There is no 机 (U+673A) in font [lmroman9-regular]:mapping=te
x-text;!
Missing character: There is no 器 (U+5668) in font [lmroman9-regular]:mapping=te
x-text;!
Missing character: There is no 人 (U+4EBA) in font [lmroman9-regular]:mapping=te
x-text;!
Missing character: There is no 上 (U+4E0A) in font [lmroman9-regular]:mapping=te
x-text;!
Missing character: There is no 的 (U+7684) in font [lmroman9-regular]:mapping=te
x-text;!
Missing character: There is no 通 (U+901A) in font [lmroman9-regular]:mapping=te
x-text;!
Missing character: There is no 信 (U+4FE1) in font [lmroman9-regular]:mapping=te
x-text;!
Missing character: There is no 读 (U+8BFB) in font [lmroman9-regular]:mapping=te
x-text;!
Missing character: There is no 取 (U+53D6) in font [lmroman9-regular]:mapping=te
x-text;!
Missing character: There is no 数 (U+6570) in font [lmroman9-regular]:mapping=te
x-text;!
Missing character: There is no 据 (U+636E) in font [lmroman9-regular]:mapping=te
x-text;!
Missing character: There is no 向 (U+5411) in font [lmroman9-regular]:mapping=te
x-text;!
Missing character: There is no 机 (U+673A) in font [lmroman9-regular]:mapping=te
x-text;!
Missing character: There is no 器 (U+5668) in font [lmroman9-regular]:mapping=te
x-text;!
Missing character: There is no 人 (U+4EBA) in font [lmroman9-regular]:mapping=te
x-text;!
Missing character: There is no 上 (U+4E0A) in font [lmroman9-regular]:mapping=te
x-text;!
Missing character: There is no 的 (U+7684) in font [lmroman9-regular]:mapping=te
x-text;!
Missing character: There is no 通 (U+901A) in font [lmroman9-regular]:mapping=te
x-text;!
Missing character: There is no 信 (U+4FE1) in font [lmroman9-regular]:mapping=te
x-text;!
Missing character: There is no 写 (U+5199) in font [lmroman9-regular]:mapping=te
x-text;!
Missing character: There is no 入 (U+5165) in font [lmroman9-regular]:mapping=te
x-text;!
Missing character: There is no 数 (U+6570) in font [lmroman9-regular]:mapping=te
x-text;!
Missing character: There is no 据 (U+636E) in font [lmroman9-regular]:mapping=te
x-text;!
Missing character: There is no 计 (U+8BA1) in font [lmroman9-regular]:mapping=te
x-text;!
Missing character: There is no 算 (U+7B97) in font [lmroman9-regular]:mapping=te
x-text;!
Missing character: There is no 机 (U+673A) in font [lmroman9-regular]:mapping=te
x-text;!
Missing character: There is no 器 (U+5668) in font [lmroman9-regular]:mapping=te
x-text;!
Missing character: There is no 人 (U+4EBA) in font [lmroman9-regular]:mapping=te
x-text;!
Missing character: There is no 的 (U+7684) in font [lmroman9-regular]:mapping=te
x-text;!
Missing character: There is no 正 (U+6B63) in font [lmroman9-regular]:mapping=te
x-text;!
Missing character: There is no 运 (U+8FD0) in font [lmroman9-regular]:mapping=te
x-text;!
Missing character: There is no 动 (U+52A8) in font [lmroman9-regular]:mapping=te
x-text;!
Missing character: There is no 学 (U+5B66) in font [lmroman9-regular]:mapping=te
x-text;!
Missing character: There is no 计 (U+8BA1) in font [lmroman9-regular]:mapping=te
x-text;!
Missing character: There is no 算 (U+7B97) in font [lmroman9-regular]:mapping=te
x-text;!
Missing character: There is no 机 (U+673A) in font [lmroman9-regular]:mapping=te
x-text;!
Missing character: There is no 器 (U+5668) in font [lmroman9-regular]:mapping=te
x-text;!
Missing character: There is no 人 (U+4EBA) in font [lmroman9-regular]:mapping=te
x-text;!
Missing character: There is no 的 (U+7684) in font [lmroman9-regular]:mapping=te
x-text;!
Missing character: There is no 逆 (U+9006) in font [lmroman9-regular]:mapping=te
x-text;!
Missing character: There is no 运 (U+8FD0) in font [lmroman9-regular]:mapping=te
x-text;!
Missing character: There is no 动 (U+52A8) in font [lmroman9-regular]:mapping=te
x-text;!
Missing character: There is no 学 (U+5B66) in font [lmroman9-regular]:mapping=te
x-text;!
Missing character: There is no 计 (U+8BA1) in font [lmroman9-regular]:mapping=te
x-text;!
Missing character: There is no 算 (U+7B97) in font [lmroman9-regular]:mapping=te
x-text;!
Missing character: There is no 机 (U+673A) in font [lmroman9-regular]:mapping=te
x-text;!
Missing character: There is no 器 (U+5668) in font [lmroman9-regular]:mapping=te
x-text;!
Missing character: There is no 人 (U+4EBA) in font [lmroman9-regular]:mapping=te
x-text;!
Missing character: There is no 的 (U+7684) in font [lmroman9-regular]:mapping=te
x-text;!
Missing character: There is no 相 (U+76F8) in font [lmroman9-regular]:mapping=te
x-text;!
Missing character: There is no 对 (U+5BF9) in font [lmroman9-regular]:mapping=te
x-text;!
Missing character: There is no 姿 (U+59FF) in font [lmroman9-regular]:mapping=te
x-text;!
Missing character: There is no 态 (U+6001) in font [lmroman9-regular]:mapping=te
x-text;!
Missing character: There is no 对 (U+5BF9) in font [lmroman9-regular]:mapping=te
x-text;!
Missing character: There is no 机 (U+673A) in font [lmroman9-regular]:mapping=te
x-text;!
Missing character: There is no 器 (U+5668) in font [lmroman9-regular]:mapping=te
x-text;!
Missing character: There is no 人 (U+4EBA) in font [lmroman9-regular]:mapping=te
x-text;!
Missing character: There is no 执 (U+6267) in font [lmroman9-regular]:mapping=te
x-text;!
Missing character: There is no 行 (U+884C) in font [lmroman9-regular]:mapping=te
x-text;!
Missing character: There is no 点 (U+70B9) in font [lmroman9-regular]:mapping=te
x-text;!
Missing character: There is no 动 (U+52A8) in font [lmroman9-regular]:mapping=te
x-text;!
Missing character: There is no 操 (U+64CD) in font [lmroman9-regular]:mapping=te
x-text;!
Missing character: There is no 作 (U+4F5C) in font [lmroman9-regular]:mapping=te
x-text;!
Missing character: There is no 停 (U+505C) in font [lmroman9-regular]:mapping=te
x-text;!
Missing character: There is no 止 (U+6B62) in font [lmroman9-regular]:mapping=te
x-text;!
Missing character: There is no 机 (U+673A) in font [lmroman9-regular]:mapping=te
x-text;!
Missing character: There is no 器 (U+5668) in font [lmroman9-regular]:mapping=te
x-text;!
Missing character: There is no 人 (U+4EBA) in font [lmroman9-regular]:mapping=te
x-text;!
Missing character: There is no 上 (U+4E0A) in font [lmroman9-regular]:mapping=te
x-text;!
Missing character: There is no 的 (U+7684) in font [lmroman9-regular]:mapping=te
x-text;!
Missing character: There is no 点 (U+70B9) in font [lmroman9-regular]:mapping=te
x-text;!
Missing character: There is no 动 (U+52A8) in font [lmroman9-regular]:mapping=te
x-text;!
Missing character: There is no 操 (U+64CD) in font [lmroman9-regular]:mapping=te
x-text;!
Missing character: There is no 作 (U+4F5C) in font [lmroman9-regular]:mapping=te
x-text;!
Missing character: There is no 发 (U+53D1) in font [lmroman9-regular]:mapping=te
x-text;!
Missing character: There is no 送 (U+9001) in font [lmroman9-regular]:mapping=te
x-text;!
Missing character: There is no 点 (U+70B9) in font [lmroman9-regular]:mapping=te
x-text;!
Missing character: There is no 动 (U+52A8) in font [lmroman9-regular]:mapping=te
x-text;!
Missing character: There is no 操 (U+64CD) in font [lmroman9-regular]:mapping=te
x-text;!
Missing character: There is no 作 (U+4F5C) in font [lmroman9-regular]:mapping=te
x-text;!
Missing character: There is no 的 (U+7684) in font [lmroman9-regular]:mapping=te
x-text;!
Missing character: There is no 心 (U+5FC3) in font [lmroman9-regular]:mapping=te
x-text;!
Missing character: There is no 跳 (U+8DF3) in font [lmroman9-regular]:mapping=te
x-text;!
Missing character: There is no 信 (U+4FE1) in font [lmroman9-regular]:mapping=te
x-text;!
Missing character: There is no 号 (U+53F7) in font [lmroman9-regular]:mapping=te
x-text;!
Missing character: There is no 至 (U+81F3) in font [lmroman9-regular]:mapping=te
x-text;!
Missing character: There is no 少 (U+5C11) in font [lmroman9-regular]:mapping=te
x-text;!
Missing character: There is no 每 (U+6BCF) in font [lmroman9-regular]:mapping=te
x-text;!
Missing character: There is no 发 (U+53D1) in font [lmroman9-regular]:mapping=te
x-text;!
Missing character: There is no 送 (U+9001) in font [lmroman9-regular]:mapping=te
x-text;!
Missing character: There is no 一 (U+4E00) in font [lmroman9-regular]:mapping=te
x-text;!
Missing character: There is no 次 (U+6B21) in font [lmroman9-regular]:mapping=te
x-text;!
Missing character: There is no 将 (U+5C06) in font [lmroman9-regular]:mapping=te
x-text;!
Missing character: There is no 机 (U+673A) in font [lmroman9-regular]:mapping=te
x-text;!
Missing character: There is no 器 (U+5668) in font [lmroman9-regular]:mapping=te
x-text;!
Missing character: There is no 人 (U+4EBA) in font [lmroman9-regular]:mapping=te
x-text;!
Missing character: There is no 移 (U+79FB) in font [lmroman9-regular]:mapping=te
x-text;!
Missing character: There is no 动 (U+52A8) in font [lmroman9-regular]:mapping=te
x-text;!
Missing character: There is no 到 (U+5230) in font [lmroman9-regular]:mapping=te
x-text;!
Missing character: There is no 特 (U+7279) in font [lmroman9-regular]:mapping=te
x-text;!
Missing character: There is no 定 (U+5B9A) in font [lmroman9-regular]:mapping=te
x-text;!
Missing character: There is no 位 (U+4F4D) in font [lmroman9-regular]:mapping=te
x-text;!
Missing character: There is no 置 (U+7F6E) in font [lmroman9-regular]:mapping=te
x-text;!
Missing character: There is no 发 (U+53D1) in font [lmroman9-regular]:mapping=te
x-text;!
Missing character: There is no 送 (U+9001) in font [lmroman9-regular]:mapping=te
x-text;!
Missing character: There is no 操 (U+64CD) in font [lmroman9-regular]:mapping=te
x-text;!
Missing character: There is no 作 (U+4F5C) in font [lmroman9-regular]:mapping=te
x-text;!
Missing character: There is no 的 (U+7684) in font [lmroman9-regular]:mapping=te
x-text;!
Missing character: There is no 心 (U+5FC3) in font [lmroman9-regular]:mapping=te
x-text;!
Missing character: There is no 跳 (U+8DF3) in font [lmroman9-regular]:mapping=te
x-text;!
Missing character: There is no 信 (U+4FE1) in font [lmroman9-regular]:mapping=te
x-text;!
Missing character: There is no 号 (U+53F7) in font [lmroman9-regular]:mapping=te
x-text;!
Missing character: There is no 至 (U+81F3) in font [lmroman9-regular]:mapping=te
x-text;!
Missing character: There is no 少 (U+5C11) in font [lmroman9-regular]:mapping=te
x-text;!
Missing character: There is no 每 (U+6BCF) in font [lmroman9-regular]:mapping=te
x-text;!
Missing character: There is no 发 (U+53D1) in font [lmroman9-regular]:mapping=te
x-text;!
Missing character: There is no 送 (U+9001) in font [lmroman9-regular]:mapping=te
x-text;!
Missing character: There is no 一 (U+4E00) in font [lmroman9-regular]:mapping=te
x-text;!
Missing character: There is no 次 (U+6B21) in font [lmroman9-regular]:mapping=te
x-text;!
Missing character: There is no 设 (U+8BBE) in font [lmroman9-regular]:mapping=te
x-text;!
Missing character: There is no 置 (U+7F6E) in font [lmroman9-regular]:mapping=te
x-text;!
Missing character: There is no 机 (U+673A) in font [lmroman9-regular]:mapping=te
x-text;!
Missing character: There is no 器 (U+5668) in font [lmroman9-regular]:mapping=te
x-text;!
Missing character: There is no 人 (U+4EBA) in font [lmroman9-regular]:mapping=te
x-text;!
Missing character: There is no 的 (U+7684) in font [lmroman9-regular]:mapping=te
x-text;!
Missing character: There is no 手 (U+624B) in font [lmroman9-regular]:mapping=te
x-text;!
Missing character: There is no 动 (U+52A8) in font [lmroman9-regular]:mapping=te
x-text;!
Missing character: There is no 运 (U+8FD0) in font [lmroman9-regular]:mapping=te
x-text;!
Missing character: There is no 动 (U+52A8) in font [lmroman9-regular]:mapping=te
x-text;!
Missing character: There is no 倍 (U+500D) in font [lmroman9-regular]:mapping=te
x-text;!
Missing character: There is no 率 (U+7387) in font [lmroman9-regular]:mapping=te
x-text;!
Missing character: There is no 设 (U+8BBE) in font [lmroman9-regular]:mapping=te
x-text;!
Missing character: There is no 置 (U+7F6E) in font [lmroman9-regular]:mapping=te
x-text;!
Missing character: There is no 机 (U+673A) in font [lmroman9-regular]:mapping=te
x-text;!
Missing character: There is no 器 (U+5668) in font [lmroman9-regular]:mapping=te
x-text;!
Missing character: There is no 人 (U+4EBA) in font [lmroman9-regular]:mapping=te
x-text;!
Missing character: There is no 的 (U+7684) in font [lmroman9-regular]:mapping=te
x-text;!
Missing character: There is no 自 (U+81EA) in font [lmroman9-regular]:mapping=te
x-text;!
Missing character: There is no 动 (U+52A8) in font [lmroman9-regular]:mapping=te
x-text;!
Missing character: There is no 运 (U+8FD0) in font [lmroman9-regular]:mapping=te
x-text;!
Missing character: There is no 动 (U+52A8) in font [lmroman9-regular]:mapping=te
x-text;!
Missing character: There is no 倍 (U+500D) in font [lmroman9-regular]:mapping=te
x-text;!
Missing character: There is no 率 (U+7387) in font [lmroman9-regular]:mapping=te
x-text;!
Missing character: There is no 按 (U+6309) in font [lmroman9-regular]:mapping=te
x-text;!
Missing character: There is no 指 (U+6307) in font [lmroman9-regular]:mapping=te
x-text;!
Missing character: There is no 定 (U+5B9A) in font [lmroman9-regular]:mapping=te
x-text;!
Missing character: There is no 路 (U+8DEF) in font [lmroman9-regular]:mapping=te
x-text;!
Missing character: There is no 径 (U+5F84) in font [lmroman9-regular]:mapping=te
x-text;!
Missing character: There is no 移 (U+79FB) in font [lmroman9-regular]:mapping=te
x-text;!
Missing character: There is no 动 (U+52A8) in font [lmroman9-regular]:mapping=te
x-text;!
Missing character: There is no 机 (U+673A) in font [lmroman9-regular]:mapping=te
x-text;!
Missing character: There is no 器 (U+5668) in font [lmroman9-regular]:mapping=te
x-text;!
Missing character: There is no 人 (U+4EBA) in font [lmroman9-regular]:mapping=te
x-text;!
Missing character: There is no 将 (U+5C06) in font [lmroman9-regular]:mapping=te
x-text;!
Missing character: There is no 机 (U+673A) in font [lmroman9-regular]:mapping=te
x-text;!
Missing character: There is no 器 (U+5668) in font [lmroman9-regular]:mapping=te
x-text;!
Missing character: There is no 人 (U+4EBA) in font [lmroman9-regular]:mapping=te
x-text;!
Missing character: There is no 移 (U+79FB) in font [lmroman9-regular]:mapping=te
x-text;!
Missing character: There is no 动 (U+52A8) in font [lmroman9-regular]:mapping=te
x-text;!
Missing character: There is no 到 (U+5230) in font [lmroman9-regular]:mapping=te
x-text;!
Missing character: There is no 特 (U+7279) in font [lmroman9-regular]:mapping=te
x-text;!
Missing character: There is no 定 (U+5B9A) in font [lmroman9-regular]:mapping=te
x-text;!
Missing character: There is no 关 (U+5173) in font [lmroman9-regular]:mapping=te
x-text;!
Missing character: There is no 节 (U+8282) in font [lmroman9-regular]:mapping=te
x-text;!
Missing character: There is no 位 (U+4F4D) in font [lmroman9-regular]:mapping=te
x-text;!
Missing character: There is no 置 (U+7F6E) in font [lmroman9-regular]:mapping=te
x-text;!
Missing character: There is no 将 (U+5C06) in font [lmroman9-regular]:mapping=te
x-text;!
Missing character: There is no 机 (U+673A) in font [lmroman9-regular]:mapping=te
x-text;!
Missing character: There is no 器 (U+5668) in font [lmroman9-regular]:mapping=te
x-text;!
Missing character: There is no 人 (U+4EBA) in font [lmroman9-regular]:mapping=te
x-text;!
Missing character: There is no 移 (U+79FB) in font [lmroman9-regular]:mapping=te
x-text;!
Missing character: There is no 动 (U+52A8) in font [lmroman9-regular]:mapping=te
x-text;!
Missing character: There is no 到 (U+5230) in font [lmroman9-regular]:mapping=te
x-text;!
Missing character: There is no 特 (U+7279) in font [lmroman9-regular]:mapping=te
x-text;!
Missing character: There is no 定 (U+5B9A) in font [lmroman9-regular]:mapping=te
x-text;!
Missing character: There is no 关 (U+5173) in font [lmroman9-regular]:mapping=te
x-text;!
Missing character: There is no 节 (U+8282) in font [lmroman9-regular]:mapping=te
x-text;!
Missing character: There is no 位 (U+4F4D) in font [lmroman9-regular]:mapping=te
x-text;!
Missing character: There is no 置 (U+7F6E) in font [lmroman9-regular]:mapping=te
x-text;!
Missing character: There is no 按 (U+6309) in font [lmroman9-regular]:mapping=te
x-text;!
Missing character: There is no 直 (U+76F4) in font [lmroman9-regular]:mapping=te
x-text;!
Missing character: There is no 线 (U+7EBF) in font [lmroman9-regular]:mapping=te
x-text;!
Missing character: There is no 路 (U+8DEF) in font [lmroman9-regular]:mapping=te
x-text;!
Missing character: There is no 径 (U+5F84) in font [lmroman9-regular]:mapping=te
x-text;!
Missing character: There is no 移 (U+79FB) in font [lmroman9-regular]:mapping=te
x-text;!
Missing character: There is no 动 (U+52A8) in font [lmroman9-regular]:mapping=te
x-text;!
Missing character: There is no 机 (U+673A) in font [lmroman9-regular]:mapping=te
x-text;!
Missing character: There is no 器 (U+5668) in font [lmroman9-regular]:mapping=te
x-text;!
Missing character: There is no 人 (U+4EBA) in font [lmroman9-regular]:mapping=te
x-text;!
Missing character: There is no 按 (U+6309) in font [lmroman9-regular]:mapping=te
x-text;!
Missing character: There is no 直 (U+76F4) in font [lmroman9-regular]:mapping=te
x-text;!
Missing character: There is no 线 (U+7EBF) in font [lmroman9-regular]:mapping=te
x-text;!
Missing character: There is no 路 (U+8DEF) in font [lmroman9-regular]:mapping=te
x-text;!
Missing character: There is no 径 (U+5F84) in font [lmroman9-regular]:mapping=te
x-text;!
Missing character: There is no 移 (U+79FB) in font [lmroman9-regular]:mapping=te
x-text;!
Missing character: There is no 动 (U+52A8) in font [lmroman9-regular]:mapping=te
x-text;!
Missing character: There is no 机 (U+673A) in font [lmroman9-regular]:mapping=te
x-text;!
Missing character: There is no 器 (U+5668) in font [lmroman9-regular]:mapping=te
x-text;!
Missing character: There is no 人 (U+4EBA) in font [lmroman9-regular]:mapping=te
x-text;!
Missing character: There is no 按 (U+6309) in font [lmroman9-regular]:mapping=te
x-text;!
Missing character: There is no 圆 (U+5706) in font [lmroman9-regular]:mapping=te
x-text;!
Missing character: There is no 弧 (U+5F27) in font [lmroman9-regular]:mapping=te
x-text;!
Missing character: There is no 路 (U+8DEF) in font [lmroman9-regular]:mapping=te
x-text;!
Missing character: There is no 径 (U+5F84) in font [lmroman9-regular]:mapping=te
x-text;!
Missing character: There is no 移 (U+79FB) in font [lmroman9-regular]:mapping=te
x-text;!
Missing character: There is no 动 (U+52A8) in font [lmroman9-regular]:mapping=te
x-text;!
Missing character: There is no 机 (U+673A) in font [lmroman9-regular]:mapping=te
x-text;!
Missing character: There is no 器 (U+5668) in font [lmroman9-regular]:mapping=te
x-text;!
Missing character: There is no 人 (U+4EBA) in font [lmroman9-regular]:mapping=te
x-text;!
Missing character: There is no 按 (U+6309) in font [lmroman9-regular]:mapping=te
x-text;!
Missing character: There is no 圆 (U+5706) in font [lmroman9-regular]:mapping=te
x-text;!
Missing character: There is no 弧 (U+5F27) in font [lmroman9-regular]:mapping=te
x-text;!
Missing character: There is no 路 (U+8DEF) in font [lmroman9-regular]:mapping=te
x-text;!
Missing character: There is no 径 (U+5F84) in font [lmroman9-regular]:mapping=te
x-text;!
Missing character: There is no 移 (U+79FB) in font [lmroman9-regular]:mapping=te
x-text;!
Missing character: There is no 动 (U+52A8) in font [lmroman9-regular]:mapping=te
x-text;!
Missing character: There is no 机 (U+673A) in font [lmroman9-regular]:mapping=te
x-text;!
Missing character: There is no 器 (U+5668) in font [lmroman9-regular]:mapping=te
x-text;!
Missing character: There is no 人 (U+4EBA) in font [lmroman9-regular]:mapping=te
x-text;!
Missing character: There is no ， (U+FF0C) in font [lmroman9-regular]:mapping=te
x-text;!
Missing character: There is no 形 (U+5F62) in font [lmroman9-regular]:mapping=te
x-text;!
Missing character: There is no 成 (U+6210) in font [lmroman9-regular]:mapping=te
x-text;!
Missing character: There is no 一 (U+4E00) in font [lmroman9-regular]:mapping=te
x-text;!
Missing character: There is no 个 (U+4E2A) in font [lmroman9-regular]:mapping=te
x-text;!
Missing character: There is no 完 (U+5B8C) in font [lmroman9-regular]:mapping=te
x-text;!
Missing character: There is no 整 (U+6574) in font [lmroman9-regular]:mapping=te
x-text;!
Missing character: There is no 的 (U+7684) in font [lmroman9-regular]:mapping=te
x-text;!
Missing character: There is no 圆 (U+5706) in font [lmroman9-regular]:mapping=te
x-text;!
Missing character: There is no 暂 (U+6682) in font [lmroman9-regular]:mapping=te
x-text;!
Missing character: There is no 停 (U+505C) in font [lmroman9-regular]:mapping=te
x-text;!
Missing character: There is no 机 (U+673A) in font [lmroman9-regular]:mapping=te
x-text;!
Missing character: There is no 器 (U+5668) in font [lmroman9-regular]:mapping=te
x-text;!
Missing character: There is no 人 (U+4EBA) in font [lmroman9-regular]:mapping=te
x-text;!
Missing character: There is no 当 (U+5F53) in font [lmroman9-regular]:mapping=te
x-text;!
Missing character: There is no 前 (U+524D) in font [lmroman9-regular]:mapping=te
x-text;!
Missing character: There is no 的 (U+7684) in font [lmroman9-regular]:mapping=te
x-text;!
Missing character: There is no 运 (U+8FD0) in font [lmroman9-regular]:mapping=te
x-text;!
Missing character: There is no 动 (U+52A8) in font [lmroman9-regular]:mapping=te
x-text;!
Missing character: There is no 类 (U+7C7B) in font [lmroman10-regular]:mapping=t
ex-text;!
Missing character: There is no 说 (U+8BF4) in font [lmroman10-regular]:mapping=t
ex-text;!
Missing character: There is no 明 (U+660E) in font [lmroman10-regular]:mapping=t
ex-text;!
Missing character: There is no 制 (U+5236) in font [lmroman7-regular]:mapping=te
x-text;!
Missing character: There is no 作 (U+4F5C) in font [lmroman7-regular]:mapping=te
x-text;!
Missing character: There is no 者 (U+8005) in font [lmroman7-regular]:mapping=te
x-text;!
[12]
Missing character: There is no 恢 (U+6062) in font [lmroman9-regular]:mapping=te
x-text;!
Missing character: There is no 复 (U+590D) in font [lmroman9-regular]:mapping=te
x-text;!
Missing character: There is no 机 (U+673A) in font [lmroman9-regular]:mapping=te
x-text;!
Missing character: There is no 器 (U+5668) in font [lmroman9-regular]:mapping=te
x-text;!
Missing character: There is no 人 (U+4EBA) in font [lmroman9-regular]:mapping=te
x-text;!
Missing character: There is no 暂 (U+6682) in font [lmroman9-regular]:mapping=te
x-text;!
Missing character: There is no 停 (U+505C) in font [lmroman9-regular]:mapping=te
x-text;!
Missing character: There is no 的 (U+7684) in font [lmroman9-regular]:mapping=te
x-text;!
Missing character: There is no 运 (U+8FD0) in font [lmroman9-regular]:mapping=te
x-text;!
Missing character: There is no 动 (U+52A8) in font [lmroman9-regular]:mapping=te
x-text;!
Missing character: There is no 立 (U+7ACB) in font [lmroman9-regular]:mapping=te
x-text;!
Missing character: There is no 即 (U+5373) in font [lmroman9-regular]:mapping=te
x-text;!
Missing character: There is no 停 (U+505C) in font [lmroman9-regular]:mapping=te
x-text;!
Missing character: There is no 止 (U+6B62) in font [lmroman9-regular]:mapping=te
x-text;!
Missing character: There is no 机 (U+673A) in font [lmroman9-regular]:mapping=te
x-text;!
Missing character: There is no 器 (U+5668) in font [lmroman9-regular]:mapping=te
x-text;!
Missing character: There is no 人 (U+4EBA) in font [lmroman9-regular]:mapping=te
x-text;!
Missing character: There is no 当 (U+5F53) in font [lmroman9-regular]:mapping=te
x-text;!
Missing character: There is no 前 (U+524D) in font [lmroman9-regular]:mapping=te
x-text;!
Missing character: There is no 的 (U+7684) in font [lmroman9-regular]:mapping=te
x-text;!
Missing character: There is no 运 (U+8FD0) in font [lmroman9-regular]:mapping=te
x-text;!
Missing character: There is no 动 (U+52A8) in font [lmroman9-regular]:mapping=te
x-text;!
Missing character: There is no 上 (U+4E0A) in font [lmroman9-regular]:mapping=te
x-text;!
Missing character: There is no 使 (U+4F7F) in font [lmroman9-regular]:mapping=te
x-text;!
Missing character: There is no 能 (U+80FD) in font [lmroman9-regular]:mapping=te
x-text;!
Missing character: There is no 机 (U+673A) in font [lmroman9-regular]:mapping=te
x-text;!
Missing character: There is no 器 (U+5668) in font [lmroman9-regular]:mapping=te
x-text;!
Missing character: There is no 人 (U+4EBA) in font [lmroman9-regular]:mapping=te
x-text;!
Missing character: There is no 下 (U+4E0B) in font [lmroman9-regular]:mapping=te
x-text;!
Missing character: There is no 使 (U+4F7F) in font [lmroman9-regular]:mapping=te
x-text;!
Missing character: There is no 能 (U+80FD) in font [lmroman9-regular]:mapping=te
x-text;!
Missing character: There is no 机 (U+673A) in font [lmroman9-regular]:mapping=te
x-text;!
Missing character: There is no 器 (U+5668) in font [lmroman9-regular]:mapping=te
x-text;!
Missing character: There is no 人 (U+4EBA) in font [lmroman9-regular]:mapping=te
x-text;!
Missing character: There is no 进 (U+8FDB) in font [lmroman9-regular]:mapping=te
x-text;!
Missing character: There is no 入 (U+5165) in font [lmroman9-regular]:mapping=te
x-text;!
Missing character: There is no 机 (U+673A) in font [lmroman9-regular]:mapping=te
x-text;!
Missing character: There is no 器 (U+5668) in font [lmroman9-regular]:mapping=te
x-text;!
Missing character: There is no 人 (U+4EBA) in font [lmroman9-regular]:mapping=te
x-text;!
Missing character: There is no 的 (U+7684) in font [lmroman9-regular]:mapping=te
x-text;!
Missing character: There is no 手 (U+624B) in font [lmroman9-regular]:mapping=te
x-text;!
Missing character: There is no 动 (U+52A8) in font [lmroman9-regular]:mapping=te
x-text;!
Missing character: There is no 模 (U+6A21) in font [lmroman9-regular]:mapping=te
x-text;!
Missing character: There is no 式 (U+5F0F) in font [lmroman9-regular]:mapping=te
x-text;!
Missing character: There is no 进 (U+8FDB) in font [lmroman9-regular]:mapping=te
x-text;!
Missing character: There is no 入 (U+5165) in font [lmroman9-regular]:mapping=te
x-text;!
Missing character: There is no 机 (U+673A) in font [lmroman9-regular]:mapping=te
x-text;!
Missing character: There is no 器 (U+5668) in font [lmroman9-regular]:mapping=te
x-text;!
Missing character: There is no 人 (U+4EBA) in font [lmroman9-regular]:mapping=te
x-text;!
Missing character: There is no 的 (U+7684) in font [lmroman9-regular]:mapping=te
x-text;!
Missing character: There is no 自 (U+81EA) in font [lmroman9-regular]:mapping=te
x-text;!
Missing character: There is no 动 (U+52A8) in font [lmroman9-regular]:mapping=te
x-text;!
Missing character: There is no 模 (U+6A21) in font [lmroman9-regular]:mapping=te
x-text;!
Missing character: There is no 式 (U+5F0F) in font [lmroman9-regular]:mapping=te
x-text;!
Missing character: There is no 进 (U+8FDB) in font [lmroman9-regular]:mapping=te
x-text;!
Missing character: There is no 入 (U+5165) in font [lmroman9-regular]:mapping=te
x-text;!
Missing character: There is no 机 (U+673A) in font [lmroman9-regular]:mapping=te
x-text;!
Missing character: There is no 器 (U+5668) in font [lmroman9-regular]:mapping=te
x-text;!
Missing character: There is no 人 (U+4EBA) in font [lmroman9-regular]:mapping=te
x-text;!
Missing character: There is no 的 (U+7684) in font [lmroman9-regular]:mapping=te
x-text;!
Missing character: There is no 远 (U+8FDC) in font [lmroman9-regular]:mapping=te
x-text;!
Missing character: There is no 程 (U+7A0B) in font [lmroman9-regular]:mapping=te
x-text;!
Missing character: There is no 模 (U+6A21) in font [lmroman9-regular]:mapping=te
x-text;!
Missing character: There is no 式 (U+5F0F) in font [lmroman9-regular]:mapping=te
x-text;!
Missing character: There is no 进 (U+8FDB) in font [lmroman9-regular]:mapping=te
x-text;!
Missing character: There is no 入 (U+5165) in font [lmroman9-regular]:mapping=te
x-text;!
Missing character: There is no 机 (U+673A) in font [lmroman9-regular]:mapping=te
x-text;!
Missing character: There is no 器 (U+5668) in font [lmroman9-regular]:mapping=te
x-text;!
Missing character: There is no 人 (U+4EBA) in font [lmroman9-regular]:mapping=te
x-text;!
Missing character: There is no 的 (U+7684) in font [lmroman9-regular]:mapping=te
x-text;!
Missing character: There is no 仿 (U+4EFF) in font [lmroman9-regular]:mapping=te
x-text;!
Missing character: There is no 真 (U+771F) in font [lmroman9-regular]:mapping=te
x-text;!
Missing character: There is no 模 (U+6A21) in font [lmroman9-regular]:mapping=te
x-text;!
Missing character: There is no 式 (U+5F0F) in font [lmroman9-regular]:mapping=te
x-text;!
Missing character: There is no 进 (U+8FDB) in font [lmroman9-regular]:mapping=te
x-text;!
Missing character: There is no 入 (U+5165) in font [lmroman9-regular]:mapping=te
x-text;!
Missing character: There is no 机 (U+673A) in font [lmroman9-regular]:mapping=te
x-text;!
Missing character: There is no 器 (U+5668) in font [lmroman9-regular]:mapping=te
x-text;!
Missing character: There is no 人 (U+4EBA) in font [lmroman9-regular]:mapping=te
x-text;!
Missing character: There is no 的 (U+7684) in font [lmroman9-regular]:mapping=te
x-text;!
Missing character: There is no 实 (U+5B9E) in font [lmroman9-regular]:mapping=te
x-text;!
Missing character: There is no 机 (U+673A) in font [lmroman9-regular]:mapping=te
x-text;!
Missing character: There is no 模 (U+6A21) in font [lmroman9-regular]:mapping=te
x-text;!
Missing character: There is no 式 (U+5F0F) in font [lmroman9-regular]:mapping=te
x-text;!
Missing character: There is no 进 (U+8FDB) in font [lmroman9-regular]:mapping=te
x-text;!
Missing character: There is no 入 (U+5165) in font [lmroman9-regular]:mapping=te
x-text;!
Missing character: There is no 机 (U+673A) in font [lmroman9-regular]:mapping=te
x-text;!
Missing character: There is no 器 (U+5668) in font [lmroman9-regular]:mapping=te
x-text;!
Missing character: There is no 人 (U+4EBA) in font [lmroman9-regular]:mapping=te
x-text;!
Missing character: There is no 的 (U+7684) in font [lmroman9-regular]:mapping=te
x-text;!
Missing character: There is no 拖 (U+62D6) in font [lmroman9-regular]:mapping=te
x-text;!
Missing character: There is no 拽 (U+62FD) in font [lmroman9-regular]:mapping=te
x-text;!
Missing character: There is no 模 (U+6A21) in font [lmroman9-regular]:mapping=te
x-text;!
Missing character: There is no 式 (U+5F0F) in font [lmroman9-regular]:mapping=te
x-text;!
Missing character: There is no 退 (U+9000) in font [lmroman9-regular]:mapping=te
x-text;!
Missing character: There is no 出 (U+51FA) in font [lmroman9-regular]:mapping=te
x-text;!
Missing character: There is no 机 (U+673A) in font [lmroman9-regular]:mapping=te
x-text;!
Missing character: There is no 器 (U+5668) in font [lmroman9-regular]:mapping=te
x-text;!
Missing character: There is no 人 (U+4EBA) in font [lmroman9-regular]:mapping=te
x-text;!
Missing character: There is no 的 (U+7684) in font [lmroman9-regular]:mapping=te
x-text;!
Missing character: There is no 拖 (U+62D6) in font [lmroman9-regular]:mapping=te
x-text;!
Missing character: There is no 拽 (U+62FD) in font [lmroman9-regular]:mapping=te
x-text;!
Missing character: There is no 模 (U+6A21) in font [lmroman9-regular]:mapping=te
x-text;!
Missing character: There is no 式 (U+5F0F) in font [lmroman9-regular]:mapping=te
x-text;!
Missing character: There is no 清 (U+6E05) in font [lmroman9-regular]:mapping=te
x-text;!
Missing character: There is no 除 (U+9664) in font [lmroman9-regular]:mapping=te
x-text;!
Missing character: There is no 机 (U+673A) in font [lmroman9-regular]:mapping=te
x-text;!
Missing character: There is no 器 (U+5668) in font [lmroman9-regular]:mapping=te
x-text;!
Missing character: There is no 人 (U+4EBA) in font [lmroman9-regular]:mapping=te
x-text;!
Missing character: There is no 上 (U+4E0A) in font [lmroman9-regular]:mapping=te
x-text;!
Missing character: There is no 的 (U+7684) in font [lmroman9-regular]:mapping=te
x-text;!
Missing character: There is no 错 (U+9519) in font [lmroman9-regular]:mapping=te
x-text;!
Missing character: There is no 误 (U+8BEF) in font [lmroman9-regular]:mapping=te
x-text;!
Missing character: There is no 获 (U+83B7) in font [lmroman9-regular]:mapping=te
x-text;!
Missing character: There is no 取 (U+53D6) in font [lmroman9-regular]:mapping=te
x-text;!
Missing character: There is no 机 (U+673A) in font [lmroman9-regular]:mapping=te
x-text;!
Missing character: There is no 器 (U+5668) in font [lmroman9-regular]:mapping=te
x-text;!
Missing character: There is no 人 (U+4EBA) in font [lmroman9-regular]:mapping=te
x-text;!
Missing character: There is no 上 (U+4E0A) in font [lmroman9-regular]:mapping=te
x-text;!
Missing character: There is no 端 (U+7AEF) in font [lmroman9-regular]:mapping=te
x-text;!
Missing character: There is no 口 (U+53E3) in font [lmroman9-regular]:mapping=te
x-text;!
Missing character: There is no 的 (U+7684) in font [lmroman9-regular]:mapping=te
x-text;!
Missing character: There is no 状 (U+72B6) in font [lmroman9-regular]:mapping=te
x-text;!
Missing character: There is no 态 (U+6001) in font [lmroman9-regular]:mapping=te
x-text;!
Missing character: There is no 获 (U+83B7) in font [lmroman9-regular]:mapping=te
x-text;!
Missing character: There is no 取 (U+53D6) in font [lmroman9-regular]:mapping=te
x-text;!
Missing character: There is no 数 (U+6570) in font [lmroman9-regular]:mapping=te
x-text;!
Missing character: There is no 字 (U+5B57) in font [lmroman9-regular]:mapping=te
x-text;!
Missing character: There is no 输 (U+8F93) in font [lmroman9-regular]:mapping=te
x-text;!
Missing character: There is no 入 (U+5165) in font [lmroman9-regular]:mapping=te
x-text;!
Missing character: There is no 端 (U+7AEF) in font [lmroman9-regular]:mapping=te
x-text;!
Missing character: There is no 口 (U+53E3) in font [lmroman9-regular]:mapping=te
x-text;!
Missing character: There is no 的 (U+7684) in font [lmroman9-regular]:mapping=te
x-text;!
Missing character: There is no 值 (U+503C) in font [lmroman9-regular]:mapping=te
x-text;!
Missing character: There is no 获 (U+83B7) in font [lmroman9-regular]:mapping=te
x-text;!
Missing character: There is no 取 (U+53D6) in font [lmroman9-regular]:mapping=te
x-text;!
Missing character: There is no 数 (U+6570) in font [lmroman9-regular]:mapping=te
x-text;!
Missing character: There is no 字 (U+5B57) in font [lmroman9-regular]:mapping=te
x-text;!
Missing character: There is no 输 (U+8F93) in font [lmroman9-regular]:mapping=te
x-text;!
Missing character: There is no 出 (U+51FA) in font [lmroman9-regular]:mapping=te
x-text;!
Missing character: There is no 端 (U+7AEF) in font [lmroman9-regular]:mapping=te
x-text;!
Missing character: There is no 口 (U+53E3) in font [lmroman9-regular]:mapping=te
x-text;!
Missing character: There is no 的 (U+7684) in font [lmroman9-regular]:mapping=te
x-text;!
Missing character: There is no 值 (U+503C) in font [lmroman9-regular]:mapping=te
x-text;!
Missing character: There is no 获 (U+83B7) in font [lmroman9-regular]:mapping=te
x-text;!
Missing character: There is no 取 (U+53D6) in font [lmroman9-regular]:mapping=te
x-text;!
Missing character: There is no 模 (U+6A21) in font [lmroman9-regular]:mapping=te
x-text;!
Missing character: There is no 拟 (U+62DF) in font [lmroman9-regular]:mapping=te
x-text;!
Missing character: There is no 输 (U+8F93) in font [lmroman9-regular]:mapping=te
x-text;!
Missing character: There is no 入 (U+5165) in font [lmroman9-regular]:mapping=te
x-text;!
Missing character: There is no 端 (U+7AEF) in font [lmroman9-regular]:mapping=te
x-text;!
Missing character: There is no 口 (U+53E3) in font [lmroman9-regular]:mapping=te
x-text;!
Missing character: There is no 的 (U+7684) in font [lmroman9-regular]:mapping=te
x-text;!
Missing character: There is no 值 (U+503C) in font [lmroman9-regular]:mapping=te
x-text;!
Missing character: There is no 获 (U+83B7) in font [lmroman9-regular]:mapping=te
x-text;!
Missing character: There is no 取 (U+53D6) in font [lmroman9-regular]:mapping=te
x-text;!
Missing character: There is no 模 (U+6A21) in font [lmroman9-regular]:mapping=te
x-text;!
Missing character: There is no 拟 (U+62DF) in font [lmroman9-regular]:mapping=te
x-text;!
Missing character: There is no 输 (U+8F93) in font [lmroman9-regular]:mapping=te
x-text;!
Missing character: There is no 出 (U+51FA) in font [lmroman9-regular]:mapping=te
x-text;!
Missing character: There is no 端 (U+7AEF) in font [lmroman9-regular]:mapping=te
x-text;!
Missing character: There is no 口 (U+53E3) in font [lmroman9-regular]:mapping=te
x-text;!
Missing character: There is no 的 (U+7684) in font [lmroman9-regular]:mapping=te
x-text;!
Missing character: There is no 值 (U+503C) in font [lmroman9-regular]:mapping=te
x-text;!
Missing character: There is no 设 (U+8BBE) in font [lmroman9-regular]:mapping=te
x-text;!
Missing character: There is no 置 (U+7F6E) in font [lmroman9-regular]:mapping=te
x-text;!
Missing character: There is no 机 (U+673A) in font [lmroman9-regular]:mapping=te
x-text;!
Missing character: There is no 器 (U+5668) in font [lmroman9-regular]:mapping=te
x-text;!
Missing character: There is no 人 (U+4EBA) in font [lmroman9-regular]:mapping=te
x-text;!
Missing character: There is no 上 (U+4E0A) in font [lmroman9-regular]:mapping=te
x-text;!
Missing character: There is no 端 (U+7AEF) in font [lmroman9-regular]:mapping=te
x-text;!
Missing character: There is no 口 (U+53E3) in font [lmroman9-regular]:mapping=te
x-text;!
Missing character: There is no 的 (U+7684) in font [lmroman9-regular]:mapping=te
x-text;!
Missing character: There is no 值 (U+503C) in font [lmroman9-regular]:mapping=te
x-text;!
Missing character: There is no 设 (U+8BBE) in font [lmroman9-regular]:mapping=te
x-text;!
Missing character: There is no 置 (U+7F6E) in font [lmroman9-regular]:mapping=te
x-text;!
Missing character: There is no 数 (U+6570) in font [lmroman9-regular]:mapping=te
x-text;!
Missing character: There is no 字 (U+5B57) in font [lmroman9-regular]:mapping=te
x-text;!
Missing character: There is no 输 (U+8F93) in font [lmroman9-regular]:mapping=te
x-text;!
Missing character: There is no 出 (U+51FA) in font [lmroman9-regular]:mapping=te
x-text;!
Missing character: There is no 端 (U+7AEF) in font [lmroman9-regular]:mapping=te
x-text;!
Missing character: There is no 口 (U+53E3) in font [lmroman9-regular]:mapping=te
x-text;!
Missing character: There is no 的 (U+7684) in font [lmroman9-regular]:mapping=te
x-text;!
Missing character: There is no 值 (U+503C) in font [lmroman9-regular]:mapping=te
x-text;!
Missing character: There is no 设 (U+8BBE) in font [lmroman9-regular]:mapping=te
x-text;!
Missing character: There is no 置 (U+7F6E) in font [lmroman9-regular]:mapping=te
x-text;!
Missing character: There is no 模 (U+6A21) in font [lmroman9-regular]:mapping=te
x-text;!
Missing character: There is no 拟 (U+62DF) in font [lmroman9-regular]:mapping=te
x-text;!
Missing character: There is no 输 (U+8F93) in font [lmroman9-regular]:mapping=te
x-text;!
Missing character: There is no 出 (U+51FA) in font [lmroman9-regular]:mapping=te
x-text;!
Missing character: There is no 端 (U+7AEF) in font [lmroman9-regular]:mapping=te
x-text;!
Missing character: There is no 口 (U+53E3) in font [lmroman9-regular]:mapping=te
x-text;!
Missing character: There is no 的 (U+7684) in font [lmroman9-regular]:mapping=te
x-text;!
Missing character: There is no 值 (U+503C) in font [lmroman9-regular]:mapping=te
x-text;!
Missing character: There is no 获 (U+83B7) in font [lmroman9-regular]:mapping=te
x-text;!
Missing character: There is no 取 (U+53D6) in font [lmroman9-regular]:mapping=te
x-text;!
Missing character: There is no 机 (U+673A) in font [lmroman9-regular]:mapping=te
x-text;!
Missing character: There is no 器 (U+5668) in font [lmroman9-regular]:mapping=te
x-text;!
Missing character: There is no 人 (U+4EBA) in font [lmroman9-regular]:mapping=te
x-text;!
Missing character: There is no 上 (U+4E0A) in font [lmroman9-regular]:mapping=te
x-text;!
Missing character: There is no 寄 (U+5BC4) in font [lmroman9-regular]:mapping=te
x-text;!
Missing character: There is no 存 (U+5B58) in font [lmroman9-regular]:mapping=te
x-text;!
Missing character: There is no 器 (U+5668) in font [lmroman9-regular]:mapping=te
x-text;!
Missing character: There is no 的 (U+7684) in font [lmroman9-regular]:mapping=te
x-text;!
Missing character: There is no 值 (U+503C) in font [lmroman9-regular]:mapping=te
x-text;!
Missing character: There is no 获 (U+83B7) in font [lmroman9-regular]:mapping=te
x-text;!
Missing character: There is no 取 (U+53D6) in font [lmroman9-regular]:mapping=te
x-text;!
Missing character: There is no 机 (U+673A) in font [lmroman9-regular]:mapping=te
x-text;!
Missing character: There is no 器 (U+5668) in font [lmroman9-regular]:mapping=te
x-text;!
Missing character: There is no 人 (U+4EBA) in font [lmroman9-regular]:mapping=te
x-text;!
Missing character: There is no 上 (U+4E0A) in font [lmroman9-regular]:mapping=te
x-text;!
Missing character: There is no 单 (U+5355) in font [lmroman9-regular]:mapping=te
x-text;!
Missing character: There is no 个 (U+4E2A) in font [lmroman9-regular]:mapping=te
x-text;!
Missing character: There is no 寄 (U+5BC4) in font [lmroman9-regular]:mapping=te
x-text;!
Missing character: There is no 存 (U+5B58) in font [lmroman9-regular]:mapping=te
x-text;!
Missing character: There is no 器 (U+5668) in font [lmroman9-regular]:mapping=te
x-text;!
Missing character: There is no 的 (U+7684) in font [lmroman9-regular]:mapping=te
x-text;!
Missing character: There is no 值 (U+503C) in font [lmroman9-regular]:mapping=te
x-text;!
Missing character: There is no 设 (U+8BBE) in font [lmroman9-regular]:mapping=te
x-text;!
Missing character: There is no 置 (U+7F6E) in font [lmroman9-regular]:mapping=te
x-text;!
Missing character: There is no 机 (U+673A) in font [lmroman9-regular]:mapping=te
x-text;!
Missing character: There is no 器 (U+5668) in font [lmroman9-regular]:mapping=te
x-text;!
Missing character: There is no 人 (U+4EBA) in font [lmroman9-regular]:mapping=te
x-text;!
Missing character: There is no 上 (U+4E0A) in font [lmroman9-regular]:mapping=te
x-text;!
Missing character: There is no 寄 (U+5BC4) in font [lmroman9-regular]:mapping=te
x-text;!
Missing character: There is no 存 (U+5B58) in font [lmroman9-regular]:mapping=te
x-text;!
Missing character: There is no 器 (U+5668) in font [lmroman9-regular]:mapping=te
x-text;!
Missing character: There is no 的 (U+7684) in font [lmroman9-regular]:mapping=te
x-text;!
Missing character: There is no 值 (U+503C) in font [lmroman9-regular]:mapping=te
x-text;!
Missing character: There is no 设 (U+8BBE) in font [lmroman9-regular]:mapping=te
x-text;!
Missing character: There is no 置 (U+7F6E) in font [lmroman9-regular]:mapping=te
x-text;!
Missing character: There is no 机 (U+673A) in font [lmroman9-regular]:mapping=te
x-text;!
Missing character: There is no 器 (U+5668) in font [lmroman9-regular]:mapping=te
x-text;!
Missing character: There is no 人 (U+4EBA) in font [lmroman9-regular]:mapping=te
x-text;!
Missing character: There is no 上 (U+4E0A) in font [lmroman9-regular]:mapping=te
x-text;!
Missing character: There is no 扩 (U+6269) in font [lmroman9-regular]:mapping=te
x-text;!
Missing character: There is no 展 (U+5C55) in font [lmroman9-regular]:mapping=te
x-text;!
Missing character: There is no 数 (U+6570) in font [lmroman9-regular]:mapping=te
x-text;!
Missing character: There is no 组 (U+7EC4) in font [lmroman9-regular]:mapping=te
x-text;!
Missing character: There is no 的 (U+7684) in font [lmroman9-regular]:mapping=te
x-text;!
Missing character: There is no 数 (U+6570) in font [lmroman9-regular]:mapping=te
x-text;!
Missing character: There is no 据 (U+636E) in font [lmroman9-regular]:mapping=te
x-text;!
Missing character: There is no 类 (U+7C7B) in font [lmroman9-regular]:mapping=te
x-text;!
Missing character: There is no 型 (U+578B) in font [lmroman9-regular]:mapping=te
x-text;!
Missing character: There is no 从 (U+4ECE) in font [lmroman9-regular]:mapping=te
x-text;!
Missing character: There is no 机 (U+673A) in font [lmroman9-regular]:mapping=te
x-text;!
Missing character: There is no 器 (U+5668) in font [lmroman9-regular]:mapping=te
x-text;!
Missing character: There is no 人 (U+4EBA) in font [lmroman9-regular]:mapping=te
x-text;!
Missing character: There is no 上 (U+4E0A) in font [lmroman9-regular]:mapping=te
x-text;!
Missing character: There is no 删 (U+5220) in font [lmroman9-regular]:mapping=te
x-text;!
Missing character: There is no 除 (U+9664) in font [lmroman9-regular]:mapping=te
x-text;!
Missing character: There is no 一 (U+4E00) in font [lmroman9-regular]:mapping=te
x-text;!
Missing character: There is no 个 (U+4E2A) in font [lmroman9-regular]:mapping=te
x-text;!
Missing character: There is no 扩 (U+6269) in font [lmroman9-regular]:mapping=te
x-text;!
Missing character: There is no 展 (U+5C55) in font [lmroman9-regular]:mapping=te
x-text;!
Missing character: There is no 数 (U+6570) in font [lmroman9-regular]:mapping=te
x-text;!
Missing character: There is no 组 (U+7EC4) in font [lmroman9-regular]:mapping=te
x-text;!
Missing character: There is no 索 (U+7D22) in font [lmroman9-regular]:mapping=te
x-text;!
Missing character: There is no 引 (U+5F15) in font [lmroman9-regular]:mapping=te
x-text;!
Missing character: There is no 类 (U+7C7B) in font [lmroman10-regular]:mapping=t
ex-text;!
Missing character: There is no 参 (U+53C2) in font [lmroman10-regular]:mapping=t
ex-text;!
Missing character: There is no 考 (U+8003) in font [lmroman10-regular]:mapping=t
ex-text;!
Missing character: There is no 制 (U+5236) in font [lmroman7-regular]:mapping=te
x-text;!
Missing character: There is no 作 (U+4F5C) in font [lmroman7-regular]:mapping=te
x-text;!
Missing character: There is no 者 (U+8005) in font [lmroman7-regular]:mapping=te
x-text;!
[13]
Missing character: There is no 开 (U+5F00) in font [lmroman9-regular]:mapping=te
x-text;!
Missing character: There is no 启 (U+542F) in font [lmroman9-regular]:mapping=te
x-text;!
Missing character: There is no 从 (U+4ECE) in font [lmroman9-regular]:mapping=te
x-text;!
Missing character: There is no 机 (U+673A) in font [lmroman9-regular]:mapping=te
x-text;!
Missing character: There is no 器 (U+5668) in font [lmroman9-regular]:mapping=te
x-text;!
Missing character: There is no 人 (U+4EBA) in font [lmroman9-regular]:mapping=te
x-text;!
Missing character: There is no 到 (U+5230) in font [lmroman9-regular]:mapping=te
x-text;!
Missing character: There is no 指 (U+6307) in font [lmroman9-regular]:mapping=te
x-text;!
Missing character: There is no 定 (U+5B9A) in font [lmroman9-regular]:mapping=te
x-text;!
Missing character: There is no 和 (U+548C) in font [lmroman9-regular]:mapping=te
x-text;!
Missing character: There is no 端 (U+7AEF) in font [lmroman9-regular]:mapping=te
x-text;!
Missing character: There is no 口 (U+53E3) in font [lmroman9-regular]:mapping=te
x-text;!
Missing character: There is no 的 (U+7684) in font [lmroman9-regular]:mapping=te
x-text;!
Missing character: There is no 数 (U+6570) in font [lmroman9-regular]:mapping=te
x-text;!
Missing character: There is no 据 (U+636E) in font [lmroman9-regular]:mapping=te
x-text;!
Missing character: There is no 推 (U+63A8) in font [lmroman9-regular]:mapping=te
x-text;!
Missing character: There is no 送 (U+9001) in font [lmroman9-regular]:mapping=te
x-text;!
Missing character: There is no 流 (U+6D41) in font [lmroman9-regular]:mapping=te
x-text;!
Missing character: There is no 关 (U+5173) in font [lmroman9-regular]:mapping=te
x-text;!
Missing character: There is no 闭 (U+95ED) in font [lmroman9-regular]:mapping=te
x-text;!
Missing character: There is no 机 (U+673A) in font [lmroman9-regular]:mapping=te
x-text;!
Missing character: There is no 器 (U+5668) in font [lmroman9-regular]:mapping=te
x-text;!
Missing character: There is no 人 (U+4EBA) in font [lmroman9-regular]:mapping=te
x-text;!
Missing character: There is no 上 (U+4E0A) in font [lmroman9-regular]:mapping=te
x-text;!
Missing character: There is no 的 (U+7684) in font [lmroman9-regular]:mapping=te
x-text;!
Missing character: There is no 数 (U+6570) in font [lmroman9-regular]:mapping=te
x-text;!
Missing character: There is no 据 (U+636E) in font [lmroman9-regular]:mapping=te
x-text;!
Missing character: There is no 推 (U+63A8) in font [lmroman9-regular]:mapping=te
x-text;!
Missing character: There is no 送 (U+9001) in font [lmroman9-regular]:mapping=te
x-text;!
Missing character: There is no 流 (U+6D41) in font [lmroman9-regular]:mapping=te
x-text;!
Missing character: There is no 以 (U+4EE5) in font [lmroman9-regular]:mapping=te
x-text;!
Missing character: There is no 指 (U+6307) in font [lmroman9-regular]:mapping=te
x-text;!
Missing character: There is no 定 (U+5B9A) in font [lmroman9-regular]:mapping=te
x-text;!
Missing character: There is no 参 (U+53C2) in font [lmroman9-regular]:mapping=te
x-text;!
Missing character: There is no 数 (U+6570) in font [lmroman9-regular]:mapping=te
x-text;!
Missing character: There is no 开 (U+5F00) in font [lmroman9-regular]:mapping=te
x-text;!
Missing character: There is no 启 (U+542F) in font [lmroman9-regular]:mapping=te
x-text;!
Missing character: There is no 机 (U+673A) in font [lmroman9-regular]:mapping=te
x-text;!
Missing character: There is no 器 (U+5668) in font [lmroman9-regular]:mapping=te
x-text;!
Missing character: There is no 人 (U+4EBA) in font [lmroman9-regular]:mapping=te
x-text;!
Missing character: There is no 的 (U+7684) in font [lmroman9-regular]:mapping=te
x-text;!
Missing character: There is no 实 (U+5B9E) in font [lmroman9-regular]:mapping=te
x-text;!
Missing character: There is no 时 (U+65F6) in font [lmroman9-regular]:mapping=te
x-text;!
Missing character: There is no 控 (U+63A7) in font [lmroman9-regular]:mapping=te
x-text;!
Missing character: There is no 制 (U+5236) in font [lmroman9-regular]:mapping=te
x-text;!
Missing character: There is no 关 (U+5173) in font [lmroman9-regular]:mapping=te
x-text;!
Missing character: There is no 闭 (U+95ED) in font [lmroman9-regular]:mapping=te
x-text;!
Missing character: There is no 机 (U+673A) in font [lmroman9-regular]:mapping=te
x-text;!
Missing character: There is no 器 (U+5668) in font [lmroman9-regular]:mapping=te
x-text;!
Missing character: There is no 人 (U+4EBA) in font [lmroman9-regular]:mapping=te
x-text;!
Missing character: There is no 上 (U+4E0A) in font [lmroman9-regular]:mapping=te
x-text;!
Missing character: There is no 的 (U+7684) in font [lmroman9-regular]:mapping=te
x-text;!
Missing character: There is no 实 (U+5B9E) in font [lmroman9-regular]:mapping=te
x-text;!
Missing character: There is no 时 (U+65F6) in font [lmroman9-regular]:mapping=te
x-text;!
Missing character: There is no 控 (U+63A7) in font [lmroman9-regular]:mapping=te
x-text;!
Missing character: There is no 制 (U+5236) in font [lmroman9-regular]:mapping=te
x-text;!
Missing character: There is no 设 (U+8BBE) in font [lmroman9-regular]:mapping=te
x-text;!
Missing character: There is no 置 (U+7F6E) in font [lmroman9-regular]:mapping=te
x-text;!
Missing character: There is no 机 (U+673A) in font [lmroman9-regular]:mapping=te
x-text;!
Missing character: There is no 器 (U+5668) in font [lmroman9-regular]:mapping=te
x-text;!
Missing character: There is no 人 (U+4EBA) in font [lmroman9-regular]:mapping=te
x-text;!
Missing character: There is no 上 (U+4E0A) in font [lmroman9-regular]:mapping=te
x-text;!
Missing character: There is no 的 (U+7684) in font [lmroman9-regular]:mapping=te
x-text;!
Missing character: There is no 碰 (U+78B0) in font [lmroman9-regular]:mapping=te
x-text;!
Missing character: There is no 撞 (U+649E) in font [lmroman9-regular]:mapping=te
x-text;!
Missing character: There is no 灵 (U+7075) in font [lmroman9-regular]:mapping=te
x-text;!
Missing character: There is no 敏 (U+654F) in font [lmroman9-regular]:mapping=te
x-text;!
Missing character: There is no 度 (U+5EA6) in font [lmroman9-regular]:mapping=te
x-text;!
Missing character: There is no 等 (U+7B49) in font [lmroman9-regular]:mapping=te
x-text;!
Missing character: There is no 级 (U+7EA7) in font [lmroman9-regular]:mapping=te
x-text;!
Missing character: There is no 设 (U+8BBE) in font [lmroman9-regular]:mapping=te
x-text;!
Missing character: There is no 置 (U+7F6E) in font [lmroman9-regular]:mapping=te
x-text;!
Missing character: There is no 机 (U+673A) in font [lmroman9-regular]:mapping=te
x-text;!
Missing character: There is no 器 (U+5668) in font [lmroman9-regular]:mapping=te
x-text;!
Missing character: There is no 人 (U+4EBA) in font [lmroman9-regular]:mapping=te
x-text;!
Missing character: There is no 上 (U+4E0A) in font [lmroman9-regular]:mapping=te
x-text;!
Missing character: There is no 的 (U+7684) in font [lmroman9-regular]:mapping=te
x-text;!
Missing character: There is no 负 (U+8D1F) in font [lmroman9-regular]:mapping=te
x-text;!
Missing character: There is no 载 (U+8F7D) in font [lmroman9-regular]:mapping=te
x-text;!
Missing character: There is no 参 (U+53C2) in font [lmroman9-regular]:mapping=te
x-text;!
Missing character: There is no 数 (U+6570) in font [lmroman9-regular]:mapping=te
x-text;!
Missing character: There is no 静 (U+9759) in font [lmroman12-regular]:mapping=t
ex-text;!
Missing character: There is no 态 (U+6001) in font [lmroman12-regular]:mapping=t
ex-text;!
Missing character: There is no 成 (U+6210) in font [lmroman12-regular]:mapping=t
ex-text;!
Missing character: There is no 员 (U+5458) in font [lmroman12-regular]:mapping=t
ex-text;!
Missing character: There is no 函 (U+51FD) in font [lmroman12-regular]:mapping=t
ex-text;!
Missing character: There is no 数 (U+6570) in font [lmroman12-regular]:mapping=t
ex-text;!
Missing character: There is no 打 (U+6253) in font [lmroman9-regular]:mapping=te
x-text;!
Missing character: There is no 印 (U+5370) in font [lmroman9-regular]:mapping=te
x-text;!
Missing character: There is no 指 (U+6307) in font [lmroman9-regular]:mapping=te
x-text;!
Missing character: There is no 令 (U+4EE4) in font [lmroman9-regular]:mapping=te
x-text;!
Missing character: There is no 的 (U+7684) in font [lmroman9-regular]:mapping=te
x-text;!
Missing character: There is no 响 (U+54CD) in font [lmroman9-regular]:mapping=te
x-text;!
Missing character: There is no 应 (U+5E94) in font [lmroman9-regular]:mapping=te
x-text;!
Missing character: There is no 成 (U+6210) in font [lmroman12-regular]:mapping=t
ex-text;!
Missing character: There is no 员 (U+5458) in font [lmroman12-regular]:mapping=t
ex-text;!
Missing character: There is no 函 (U+51FD) in font [lmroman12-regular]:mapping=t
ex-text;!
Missing character: There is no 数 (U+6570) in font [lmroman12-regular]:mapping=t
ex-text;!
Missing character: There is no 说 (U+8BF4) in font [lmroman12-regular]:mapping=t
ex-text;!
Missing character: There is no 明 (U+660E) in font [lmroman12-regular]:mapping=t
ex-text;!
Missing character: There is no 计 (U+8BA1) in font [lmroman10-regular]:mapping=t
ex-text;!
Missing character: There is no 算 (U+7B97) in font [lmroman10-regular]:mapping=t
ex-text;!
Missing character: There is no 机 (U+673A) in font [lmroman10-regular]:mapping=t
ex-text;!
Missing character: There is no 器 (U+5668) in font [lmroman10-regular]:mapping=t
ex-text;!
Missing character: There is no 人 (U+4EBA) in font [lmroman10-regular]:mapping=t
ex-text;!
Missing character: There is no 的 (U+7684) in font [lmroman10-regular]:mapping=t
ex-text;!
Missing character: There is no 相 (U+76F8) in font [lmroman10-regular]:mapping=t
ex-text;!
Missing character: There is no 对 (U+5BF9) in font [lmroman10-regular]:mapping=t
ex-text;!
Missing character: There is no 姿 (U+59FF) in font [lmroman10-regular]:mapping=t
ex-text;!
Missing character: There is no 态 (U+6001) in font [lmroman10-regular]:mapping=t
ex-text;!
Missing character: There is no 相 (U+76F8) in font [lmroman10-regular]:mapping=t
ex-text;!
Missing character: There is no 对 (U+5BF9) in font [lmroman10-regular]:mapping=t
ex-text;!
Missing character: There is no 姿 (U+59FF) in font [lmroman10-regular]:mapping=t
ex-text;!
Missing character: There is no 态 (U+6001) in font [lmroman10-regular]:mapping=t
ex-text;!
Missing character: There is no 参 (U+53C2) in font [lmroman10-regular]:mapping=t
ex-text;!
Missing character: There is no 数 (U+6570) in font [lmroman10-regular]:mapping=t
ex-text;!
Missing character: There is no 。 (U+3002) in font [lmroman10-regular]:mapping=t
ex-text;!
Missing character: There is no 请 (U+8BF7) in font [lmroman10-regular]:mapping=t
ex-text;!
Missing character: There is no 求 (U+6C42) in font [lmroman10-regular]:mapping=t
ex-text;!
Missing character: There is no 。 (U+3002) in font [lmroman10-regular]:mapping=t
ex-text;!
Missing character: There is no 参 (U+53C2) in font [lmroman10-regular]:mapping=t
ex-text;!
Missing character: There is no 数 (U+6570) in font [lmroman10-regular]:mapping=t
ex-text;!
Missing character: There is no 参 (U+53C2) in font [lmroman10-regular]:mapping=t
ex-text;!
Missing character: There is no 数 (U+6570) in font [lmroman10-regular]:mapping=t
ex-text;!
Missing character: There is no 相 (U+76F8) in font [lmroman10-regular]:mapping=t
ex-text;!
Missing character: There is no 对 (U+5BF9) in font [lmroman10-regular]:mapping=t
ex-text;!
Missing character: There is no 姿 (U+59FF) in font [lmroman10-regular]:mapping=t
ex-text;!
Missing character: There is no 态 (U+6001) in font [lmroman10-regular]:mapping=t
ex-text;!
Missing character: There is no 参 (U+53C2) in font [lmroman10-regular]:mapping=t
ex-text;!
Missing character: There is no 数 (U+6570) in font [lmroman10-regular]:mapping=t
ex-text;!
Missing character: There is no 。 (U+3002) in font [lmroman10-regular]:mapping=t
ex-text;!
Missing character: There is no 请 (U+8BF7) in font [lmroman10-regular]:mapping=t
ex-text;!
Missing character: There is no 求 (U+6C42) in font [lmroman10-regular]:mapping=t
ex-text;!
Missing character: There is no 。 (U+3002) in font [lmroman10-regular]:mapping=t
ex-text;!
Missing character: There is no 参 (U+53C2) in font [lmroman10-regular]:mapping=t
ex-text;!
Missing character: There is no 数 (U+6570) in font [lmroman10-regular]:mapping=t
ex-text;!
Missing character: There is no 参 (U+53C2) in font [lmroman10-regular]:mapping=t
ex-text;!
Missing character: There is no 数 (U+6570) in font [lmroman10-regular]:mapping=t
ex-text;!
Missing character: There is no 相 (U+76F8) in font [lmroman10-regular]:mapping=t
ex-text;!
Missing character: There is no 对 (U+5BF9) in font [lmroman10-regular]:mapping=t
ex-text;!
Missing character: There is no 姿 (U+59FF) in font [lmroman10-regular]:mapping=t
ex-text;!
Missing character: There is no 态 (U+6001) in font [lmroman10-regular]:mapping=t
ex-text;!
Missing character: There is no 参 (U+53C2) in font [lmroman10-regular]:mapping=t
ex-text;!
Missing character: There is no 数 (U+6570) in font [lmroman10-regular]:mapping=t
ex-text;!
Missing character: There is no 。 (U+3002) in font [lmroman10-regular]:mapping=t
ex-text;!
Missing character: There is no 请 (U+8BF7) in font [lmroman10-regular]:mapping=t
ex-text;!
Missing character: There is no 求 (U+6C42) in font [lmroman10-regular]:mapping=t
ex-text;!
Missing character: There is no 。 (U+3002) in font [lmroman10-regular]:mapping=t
ex-text;!

Package longtable Warning: Column widths have changed
(longtable)                in table 5.1 on input line 183.

Missing character: There is no 返 (U+8FD4) in font [lmroman10-regular]:mapping=t
ex-text;!
Missing character: There is no 回 (U+56DE) in font [lmroman10-regular]:mapping=t
ex-text;!

Underfull \hbox (badness 10000) detected at line 184
[][][]
 []

Missing character: There is no 笛 (U+7B1B) in font [lmroman10-regular]:mapping=t
ex-text;!
Missing character: There is no 卡 (U+5361) in font [lmroman10-regular]:mapping=t
ex-text;!
Missing character: There is no 尔 (U+5C14) in font [lmroman10-regular]:mapping=t
ex-text;!
Missing character: There is no 坐 (U+5750) in font [lmroman10-regular]:mapping=t
ex-text;!
Missing character: There is no 标 (U+6807) in font [lmroman10-regular]:mapping=t
ex-text;!
Missing character: There is no 偏 (U+504F) in font [lmroman10-regular]:mapping=t
ex-text;!
Missing character: There is no 移 (U+79FB) in font [lmroman10-regular]:mapping=t
ex-text;!
Missing character: There is no 向 (U+5411) in font [lmroman10-regular]:mapping=t
ex-text;!
Missing character: There is no 量 (U+91CF) in font [lmroman10-regular]:mapping=t
ex-text;!
Missing character: There is no 。 (U+3002) in font [lmroman10-regular]:mapping=t
ex-text;!
Missing character: There is no 清 (U+6E05) in font [lmroman10-regular]:mapping=t
ex-text;!
Missing character: There is no 除 (U+9664) in font [lmroman10-regular]:mapping=t
ex-text;!
Missing character: There is no 机 (U+673A) in font [lmroman10-regular]:mapping=t
ex-text;!
Missing character: There is no 器 (U+5668) in font [lmroman10-regular]:mapping=t
ex-text;!
Missing character: There is no 人 (U+4EBA) in font [lmroman10-regular]:mapping=t
ex-text;!
Missing character: There is no 上 (U+4E0A) in font [lmroman10-regular]:mapping=t
ex-text;!
Missing character: There is no 的 (U+7684) in font [lmroman10-regular]:mapping=t
ex-text;!
Missing character: There is no 错 (U+9519) in font [lmroman10-regular]:mapping=t
ex-text;!
Missing character: There is no 误 (U+8BEF) in font [lmroman10-regular]:mapping=t
ex-text;!
Missing character: There is no 请 (U+8BF7) in font [lmroman10-regular]:mapping=t
ex-text;!
Missing character: There is no 求 (U+6C42) in font [lmroman10-regular]:mapping=t
ex-text;!
Missing character: There is no 。 (U+3002) in font [lmroman10-regular]:mapping=t
ex-text;!
Missing character: There is no 参 (U+53C2) in font [lmroman10-regular]:mapping=t
ex-text;!
Missing character: There is no 数 (U+6570) in font [lmroman10-regular]:mapping=t
ex-text;!
Missing character: There is no 参 (U+53C2) in font [lmroman10-regular]:mapping=t
ex-text;!
Missing character: There is no 数 (U+6570) in font [lmroman10-regular]:mapping=t
ex-text;!
Missing character: There is no 请 (U+8BF7) in font [lmroman10-regular]:mapping=t
ex-text;!
Missing character: There is no 求 (U+6C42) in font [lmroman10-regular]:mapping=t
ex-text;!
Missing character: There is no 。 (U+3002) in font [lmroman10-regular]:mapping=t
ex-text;!
Missing character: There is no 参 (U+53C2) in font [lmroman10-regular]:mapping=t
ex-text;!
Missing character: There is no 数 (U+6570) in font [lmroman10-regular]:mapping=t
ex-text;!
Missing character: There is no 参 (U+53C2) in font [lmroman10-regular]:mapping=t
ex-text;!
Missing character: There is no 数 (U+6570) in font [lmroman10-regular]:mapping=t
ex-text;!
Missing character: There is no 请 (U+8BF7) in font [lmroman10-regular]:mapping=t
ex-text;!
Missing character: There is no 求 (U+6C42) in font [lmroman10-regular]:mapping=t
ex-text;!
Missing character: There is no 。 (U+3002) in font [lmroman10-regular]:mapping=t
ex-text;!
Missing character: There is no 类 (U+7C7B) in font [lmroman10-regular]:mapping=t
ex-text;!
Missing character: There is no 说 (U+8BF4) in font [lmroman10-regular]:mapping=t
ex-text;!
Missing character: There is no 明 (U+660E) in font [lmroman10-regular]:mapping=t
ex-text;!
Missing character: There is no 制 (U+5236) in font [lmroman7-regular]:mapping=te
x-text;!
Missing character: There is no 作 (U+4F5C) in font [lmroman7-regular]:mapping=te
x-text;!
Missing character: There is no 者 (U+8005) in font [lmroman7-regular]:mapping=te
x-text;!
[14]

Package longtable Warning: Column widths have changed
(longtable)                in table 5.2 on input line 201.

Missing character: There is no 返 (U+8FD4) in font [lmroman10-regular]:mapping=t
ex-text;!
Missing character: There is no 回 (U+56DE) in font [lmroman10-regular]:mapping=t
ex-text;!

Underfull \hbox (badness 10000) detected at line 202
[][][]
 []

Missing character: There is no 包 (U+5305) in font [lmroman10-regular]:mapping=t
ex-text;!
Missing character: There is no 含 (U+542B) in font [lmroman10-regular]:mapping=t
ex-text;!
Missing character: There is no 指 (U+6307) in font [lmroman10-regular]:mapping=t
ex-text;!
Missing character: There is no 令 (U+4EE4) in font [lmroman10-regular]:mapping=t
ex-text;!
Missing character: There is no 执 (U+6267) in font [lmroman10-regular]:mapping=t
ex-text;!
Missing character: There is no 行 (U+884C) in font [lmroman10-regular]:mapping=t
ex-text;!
Missing character: There is no 结 (U+7ED3) in font [lmroman10-regular]:mapping=t
ex-text;!
Missing character: There is no 果 (U+679C) in font [lmroman10-regular]:mapping=t
ex-text;!
Missing character: There is no 的 (U+7684) in font [lmroman10-regular]:mapping=t
ex-text;!
Missing character: There is no 响 (U+54CD) in font [lmroman10-regular]:mapping=t
ex-text;!
Missing character: There is no 应 (U+5E94) in font [lmroman10-regular]:mapping=t
ex-text;!
Missing character: There is no 对 (U+5BF9) in font [lmroman10-regular]:mapping=t
ex-text;!
Missing character: There is no 象 (U+8C61) in font [lmroman10-regular]:mapping=t
ex-text;!
Missing character: There is no 。 (U+3002) in font [lmroman10-regular]:mapping=t
ex-text;!
Missing character: There is no 清 (U+6E05) in font [lmroman10-regular]:mapping=t
ex-text;!
Missing character: There is no 除 (U+9664) in font [lmroman10-regular]:mapping=t
ex-text;!
Missing character: There is no 机 (U+673A) in font [lmroman10-regular]:mapping=t
ex-text;!
Missing character: There is no 器 (U+5668) in font [lmroman10-regular]:mapping=t
ex-text;!
Missing character: There is no 人 (U+4EBA) in font [lmroman10-regular]:mapping=t
ex-text;!
Missing character: There is no 上 (U+4E0A) in font [lmroman10-regular]:mapping=t
ex-text;!
Missing character: There is no 工 (U+5DE5) in font [lmroman10-regular]:mapping=t
ex-text;!
Missing character: There is no 程 (U+7A0B) in font [lmroman10-regular]:mapping=t
ex-text;!
Missing character: There is no 执 (U+6267) in font [lmroman10-regular]:mapping=t
ex-text;!
Missing character: There is no 行 (U+884C) in font [lmroman10-regular]:mapping=t
ex-text;!
Missing character: There is no 的 (U+7684) in font [lmroman10-regular]:mapping=t
ex-text;!
Missing character: There is no 启 (U+542F) in font [lmroman10-regular]:mapping=t
ex-text;!
Missing character: There is no 动 (U+52A8) in font [lmroman10-regular]:mapping=t
ex-text;!
Missing character: There is no 行 (U+884C) in font [lmroman10-regular]:mapping=t
ex-text;!
Missing character: There is no 设 (U+8BBE) in font [lmroman10-regular]:mapping=t
ex-text;!
Missing character: There is no 置 (U+7F6E) in font [lmroman10-regular]:mapping=t
ex-text;!
Missing character: There is no 请 (U+8BF7) in font [lmroman10-regular]:mapping=t
ex-text;!
Missing character: There is no 求 (U+6C42) in font [lmroman10-regular]:mapping=t
ex-text;!
Missing character: There is no 。 (U+3002) in font [lmroman10-regular]:mapping=t
ex-text;!
Missing character: There is no 参 (U+53C2) in font [lmroman10-regular]:mapping=t
ex-text;!
Missing character: There is no 数 (U+6570) in font [lmroman10-regular]:mapping=t
ex-text;!
Missing character: There is no 参 (U+53C2) in font [lmroman10-regular]:mapping=t
ex-text;!
Missing character: There is no 数 (U+6570) in font [lmroman10-regular]:mapping=t
ex-text;!
Missing character: There is no 请 (U+8BF7) in font [lmroman10-regular]:mapping=t
ex-text;!
Missing character: There is no 求 (U+6C42) in font [lmroman10-regular]:mapping=t
ex-text;!
Missing character: There is no 。 (U+3002) in font [lmroman10-regular]:mapping=t
ex-text;!
Missing character: There is no 参 (U+53C2) in font [lmroman10-regular]:mapping=t
ex-text;!
Missing character: There is no 数 (U+6570) in font [lmroman10-regular]:mapping=t
ex-text;!
Missing character: There is no 参 (U+53C2) in font [lmroman10-regular]:mapping=t
ex-text;!
Missing character: There is no 数 (U+6570) in font [lmroman10-regular]:mapping=t
ex-text;!
Missing character: There is no 请 (U+8BF7) in font [lmroman10-regular]:mapping=t
ex-text;!
Missing character: There is no 求 (U+6C42) in font [lmroman10-regular]:mapping=t
ex-text;!
Missing character: There is no 。 (U+3002) in font [lmroman10-regular]:mapping=t
ex-text;!

Package longtable Warning: Column widths have changed
(longtable)                in table 5.3 on input line 219.

Missing character: There is no 返 (U+8FD4) in font [lmroman10-regular]:mapping=t
ex-text;!
Missing character: There is no 回 (U+56DE) in font [lmroman10-regular]:mapping=t
ex-text;!

Underfull \hbox (badness 10000) detected at line 220
[][][]
 []

Missing character: There is no 包 (U+5305) in font [lmroman10-regular]:mapping=t
ex-text;!
Missing character: There is no 含 (U+542B) in font [lmroman10-regular]:mapping=t
ex-text;!
Missing character: There is no 指 (U+6307) in font [lmroman10-regular]:mapping=t
ex-text;!
Missing character: There is no 令 (U+4EE4) in font [lmroman10-regular]:mapping=t
ex-text;!
Missing character: There is no 执 (U+6267) in font [lmroman10-regular]:mapping=t
ex-text;!
Missing character: There is no 行 (U+884C) in font [lmroman10-regular]:mapping=t
ex-text;!
Missing character: There is no 结 (U+7ED3) in font [lmroman10-regular]:mapping=t
ex-text;!
Missing character: There is no 果 (U+679C) in font [lmroman10-regular]:mapping=t
ex-text;!
Missing character: There is no 的 (U+7684) in font [lmroman10-regular]:mapping=t
ex-text;!
Missing character: There is no 响 (U+54CD) in font [lmroman10-regular]:mapping=t
ex-text;!
Missing character: There is no 应 (U+5E94) in font [lmroman10-regular]:mapping=t
ex-text;!
Missing character: There is no 对 (U+5BF9) in font [lmroman10-regular]:mapping=t
ex-text;!
Missing character: There is no 象 (U+8C61) in font [lmroman10-regular]:mapping=t
ex-text;!
Missing character: There is no 。 (U+3002) in font [lmroman10-regular]:mapping=t
ex-text;!
Missing character: There is no 连 (U+8FDE) in font [lmroman10-regular]:mapping=t
ex-text;!
Missing character: There is no 接 (U+63A5) in font [lmroman10-regular]:mapping=t
ex-text;!
Missing character: There is no 机 (U+673A) in font [lmroman10-regular]:mapping=t
ex-text;!
Missing character: There is no 器 (U+5668) in font [lmroman10-regular]:mapping=t
ex-text;!
Missing character: There is no 人 (U+4EBA) in font [lmroman10-regular]:mapping=t
ex-text;!
Missing character: There is no 机 (U+673A) in font [lmroman10-regular]:mapping=t
ex-text;!
Missing character: There is no 器 (U+5668) in font [lmroman10-regular]:mapping=t
ex-text;!
Missing character: There is no 人 (U+4EBA) in font [lmroman10-regular]:mapping=t
ex-text;!
Missing character: There is no 地 (U+5730) in font [lmroman10-regular]:mapping=t
ex-text;!
Missing character: There is no 址 (U+5740) in font [lmroman10-regular]:mapping=t
ex-text;!
Missing character: There is no 。 (U+3002) in font [lmroman10-regular]:mapping=t
ex-text;!
Missing character: There is no 端 (U+7AEF) in font [lmroman10-regular]:mapping=t
ex-text;!
Missing character: There is no 口 (U+53E3) in font [lmroman10-regular]:mapping=t
ex-text;!
Missing character: There is no 号 (U+53F7) in font [lmroman10-regular]:mapping=t
ex-text;!
Missing character: There is no 。 (U+3002) in font [lmroman10-regular]:mapping=t
ex-text;!
Missing character: There is no 默 (U+9ED8) in font [lmroman10-regular]:mapping=t
ex-text;!
Missing character: There is no 认 (U+8BA4) in font [lmroman10-regular]:mapping=t
ex-text;!
Missing character: There is no 参 (U+53C2) in font [lmroman10-regular]:mapping=t
ex-text;!
Missing character: There is no 数 (U+6570) in font [lmroman10-regular]:mapping=t
ex-text;!
Missing character: There is no 参 (U+53C2) in font [lmroman10-regular]:mapping=t
ex-text;!
Missing character: There is no 数 (U+6570) in font [lmroman10-regular]:mapping=t
ex-text;!
Missing character: There is no 机 (U+673A) in font [lmroman10-regular]:mapping=t
ex-text;!
Missing character: There is no 器 (U+5668) in font [lmroman10-regular]:mapping=t
ex-text;!
Missing character: There is no 人 (U+4EBA) in font [lmroman10-regular]:mapping=t
ex-text;!
Missing character: There is no 地 (U+5730) in font [lmroman10-regular]:mapping=t
ex-text;!
Missing character: There is no 址 (U+5740) in font [lmroman10-regular]:mapping=t
ex-text;!
Missing character: There is no 。 (U+3002) in font [lmroman10-regular]:mapping=t
ex-text;!
Missing character: There is no 端 (U+7AEF) in font [lmroman10-regular]:mapping=t
ex-text;!
Missing character: There is no 口 (U+53E3) in font [lmroman10-regular]:mapping=t
ex-text;!
Missing character: There is no 号 (U+53F7) in font [lmroman10-regular]:mapping=t
ex-text;!
Missing character: There is no 。 (U+3002) in font [lmroman10-regular]:mapping=t
ex-text;!
Missing character: There is no 默 (U+9ED8) in font [lmroman10-regular]:mapping=t
ex-text;!
Missing character: There is no 认 (U+8BA4) in font [lmroman10-regular]:mapping=t
ex-text;!
Missing character: There is no 参 (U+53C2) in font [lmroman10-regular]:mapping=t
ex-text;!
Missing character: There is no 数 (U+6570) in font [lmroman10-regular]:mapping=t
ex-text;!
Missing character: There is no 参 (U+53C2) in font [lmroman10-regular]:mapping=t
ex-text;!
Missing character: There is no 数 (U+6570) in font [lmroman10-regular]:mapping=t
ex-text;!
Missing character: There is no 机 (U+673A) in font [lmroman10-regular]:mapping=t
ex-text;!
Missing character: There is no 器 (U+5668) in font [lmroman10-regular]:mapping=t
ex-text;!
Missing character: There is no 人 (U+4EBA) in font [lmroman10-regular]:mapping=t
ex-text;!
Missing character: There is no 地 (U+5730) in font [lmroman10-regular]:mapping=t
ex-text;!
Missing character: There is no 址 (U+5740) in font [lmroman10-regular]:mapping=t
ex-text;!
Missing character: There is no 。 (U+3002) in font [lmroman10-regular]:mapping=t
ex-text;!
Missing character: There is no 端 (U+7AEF) in font [lmroman10-regular]:mapping=t
ex-text;!
Missing character: There is no 口 (U+53E3) in font [lmroman10-regular]:mapping=t
ex-text;!
Missing character: There is no 号 (U+53F7) in font [lmroman10-regular]:mapping=t
ex-text;!
Missing character: There is no 。 (U+3002) in font [lmroman10-regular]:mapping=t
ex-text;!
Missing character: There is no 默 (U+9ED8) in font [lmroman10-regular]:mapping=t
ex-text;!
Missing character: There is no 认 (U+8BA4) in font [lmroman10-regular]:mapping=t
ex-text;!

Package longtable Warning: Column widths have changed
(longtable)                in table 5.4 on input line 239.

Missing character: There is no 返 (U+8FD4) in font [lmroman10-regular]:mapping=t
ex-text;!
Missing character: There is no 回 (U+56DE) in font [lmroman10-regular]:mapping=t
ex-text;!

Underfull \hbox (badness 10000) detected at line 240
[][][]
 []

Missing character: There is no 连 (U+8FDE) in font [lmroman10-regular]:mapping=t
ex-text;!
Missing character: There is no 接 (U+63A5) in font [lmroman10-regular]:mapping=t
ex-text;!
Missing character: There is no 成 (U+6210) in font [lmroman10-regular]:mapping=t
ex-text;!
Missing character: There is no 功 (U+529F) in font [lmroman10-regular]:mapping=t
ex-text;!
Missing character: There is no 返 (U+8FD4) in font [lmroman10-regular]:mapping=t
ex-text;!
Missing character: There is no 回 (U+56DE) in font [lmroman10-regular]:mapping=t
ex-text;!
Missing character: There is no 。 (U+3002) in font [lmroman10-regular]:mapping=t
ex-text;!
Missing character: There is no 在 (U+5728) in font [lmroman10-regular]:mapping=t
ex-text;!
Missing character: There is no 机 (U+673A) in font [lmroman10-regular]:mapping=t
ex-text;!
Missing character: There is no 器 (U+5668) in font [lmroman10-regular]:mapping=t
ex-text;!
Missing character: There is no 人 (U+4EBA) in font [lmroman10-regular]:mapping=t
ex-text;!
Missing character: There is no 上 (U+4E0A) in font [lmroman10-regular]:mapping=t
ex-text;!
Missing character: There is no 进 (U+8FDB) in font [lmroman10-regular]:mapping=t
ex-text;!
Missing character: There is no 入 (U+5165) in font [lmroman10-regular]:mapping=t
ex-text;!
Missing character: There is no 远 (U+8FDC) in font [lmroman10-regular]:mapping=t
ex-text;!
Missing character: There is no 程 (U+7A0B) in font [lmroman10-regular]:mapping=t
ex-text;!
Missing character: There is no 脚 (U+811A) in font [lmroman10-regular]:mapping=t
ex-text;!
Missing character: There is no 本 (U+672C) in font [lmroman10-regular]:mapping=t
ex-text;!
Missing character: There is no 模 (U+6A21) in font [lmroman10-regular]:mapping=t
ex-text;!
Missing character: There is no 式 (U+5F0F) in font [lmroman10-regular]:mapping=t
ex-text;!
Missing character: There is no 请 (U+8BF7) in font [lmroman10-regular]:mapping=t
ex-text;!
Missing character: There is no 求 (U+6C42) in font [lmroman10-regular]:mapping=t
ex-text;!
Missing character: There is no 。 (U+3002) in font [lmroman10-regular]:mapping=t
ex-text;!
Missing character: There is no 参 (U+53C2) in font [lmroman10-regular]:mapping=t
ex-text;!
Missing character: There is no 数 (U+6570) in font [lmroman10-regular]:mapping=t
ex-text;!
Missing character: There is no 参 (U+53C2) in font [lmroman10-regular]:mapping=t
ex-text;!
Missing character: There is no 数 (U+6570) in font [lmroman10-regular]:mapping=t
ex-text;!
Missing character: There is no 请 (U+8BF7) in font [lmroman10-regular]:mapping=t
ex-text;!
Missing character: There is no 求 (U+6C42) in font [lmroman10-regular]:mapping=t
ex-text;!
Missing character: There is no 。 (U+3002) in font [lmroman10-regular]:mapping=t
ex-text;!
Missing character: There is no 参 (U+53C2) in font [lmroman10-regular]:mapping=t
ex-text;!
Missing character: There is no 数 (U+6570) in font [lmroman10-regular]:mapping=t
ex-text;!
Missing character: There is no 参 (U+53C2) in font [lmroman10-regular]:mapping=t
ex-text;!
Missing character: There is no 数 (U+6570) in font [lmroman10-regular]:mapping=t
ex-text;!
Missing character: There is no 请 (U+8BF7) in font [lmroman10-regular]:mapping=t
ex-text;!
Missing character: There is no 求 (U+6C42) in font [lmroman10-regular]:mapping=t
ex-text;!
Missing character: There is no 。 (U+3002) in font [lmroman10-regular]:mapping=t
ex-text;!
Missing character: There is no 类 (U+7C7B) in font [lmroman10-regular]:mapping=t
ex-text;!
Missing character: There is no 参 (U+53C2) in font [lmroman10-regular]:mapping=t
ex-text;!
Missing character: There is no 考 (U+8003) in font [lmroman10-regular]:mapping=t
ex-text;!
Missing character: There is no 制 (U+5236) in font [lmroman7-regular]:mapping=te
x-text;!
Missing character: There is no 作 (U+4F5C) in font [lmroman7-regular]:mapping=te
x-text;!
Missing character: There is no 者 (U+8005) in font [lmroman7-regular]:mapping=te
x-text;!
[15]

Package longtable Warning: Column widths have changed
(longtable)                in table 5.5 on input line 257.

Missing character: There is no 返 (U+8FD4) in font [lmroman10-regular]:mapping=t
ex-text;!
Missing character: There is no 回 (U+56DE) in font [lmroman10-regular]:mapping=t
ex-text;!

Underfull \hbox (badness 10000) detected at line 258
[][][]
 []

Missing character: There is no 包 (U+5305) in font [lmroman10-regular]:mapping=t
ex-text;!
Missing character: There is no 含 (U+542B) in font [lmroman10-regular]:mapping=t
ex-text;!
Missing character: There is no 指 (U+6307) in font [lmroman10-regular]:mapping=t
ex-text;!
Missing character: There is no 令 (U+4EE4) in font [lmroman10-regular]:mapping=t
ex-text;!
Missing character: There is no 执 (U+6267) in font [lmroman10-regular]:mapping=t
ex-text;!
Missing character: There is no 行 (U+884C) in font [lmroman10-regular]:mapping=t
ex-text;!
Missing character: There is no 结 (U+7ED3) in font [lmroman10-regular]:mapping=t
ex-text;!
Missing character: There is no 果 (U+679C) in font [lmroman10-regular]:mapping=t
ex-text;!
Missing character: There is no 的 (U+7684) in font [lmroman10-regular]:mapping=t
ex-text;!
Missing character: There is no 响 (U+54CD) in font [lmroman10-regular]:mapping=t
ex-text;!
Missing character: There is no 应 (U+5E94) in font [lmroman10-regular]:mapping=t
ex-text;!
Missing character: There is no 对 (U+5BF9) in font [lmroman10-regular]:mapping=t
ex-text;!
Missing character: There is no 象 (U+8C61) in font [lmroman10-regular]:mapping=t
ex-text;!
Missing character: There is no 。 (U+3002) in font [lmroman10-regular]:mapping=t
ex-text;!
Missing character: There is no 计 (U+8BA1) in font [lmroman10-regular]:mapping=t
ex-text;!
Missing character: There is no 算 (U+7B97) in font [lmroman10-regular]:mapping=t
ex-text;!
Missing character: There is no 机 (U+673A) in font [lmroman10-regular]:mapping=t
ex-text;!
Missing character: There is no 器 (U+5668) in font [lmroman10-regular]:mapping=t
ex-text;!
Missing character: There is no 人 (U+4EBA) in font [lmroman10-regular]:mapping=t
ex-text;!
Missing character: There is no 的 (U+7684) in font [lmroman10-regular]:mapping=t
ex-text;!
Missing character: There is no 正 (U+6B63) in font [lmroman10-regular]:mapping=t
ex-text;!
Missing character: There is no 运 (U+8FD0) in font [lmroman10-regular]:mapping=t
ex-text;!
Missing character: There is no 动 (U+52A8) in font [lmroman10-regular]:mapping=t
ex-text;!
Missing character: There is no 学 (U+5B66) in font [lmroman10-regular]:mapping=t
ex-text;!
Missing character: There is no 正 (U+6B63) in font [lmroman10-regular]:mapping=t
ex-text;!
Missing character: There is no 运 (U+8FD0) in font [lmroman10-regular]:mapping=t
ex-text;!
Missing character: There is no 动 (U+52A8) in font [lmroman10-regular]:mapping=t
ex-text;!
Missing character: There is no 学 (U+5B66) in font [lmroman10-regular]:mapping=t
ex-text;!
Missing character: There is no 参 (U+53C2) in font [lmroman10-regular]:mapping=t
ex-text;!
Missing character: There is no 数 (U+6570) in font [lmroman10-regular]:mapping=t
ex-text;!
Missing character: There is no 。 (U+3002) in font [lmroman10-regular]:mapping=t
ex-text;!
Missing character: There is no 请 (U+8BF7) in font [lmroman10-regular]:mapping=t
ex-text;!
Missing character: There is no 求 (U+6C42) in font [lmroman10-regular]:mapping=t
ex-text;!
Missing character: There is no 。 (U+3002) in font [lmroman10-regular]:mapping=t
ex-text;!
Missing character: There is no 参 (U+53C2) in font [lmroman10-regular]:mapping=t
ex-text;!
Missing character: There is no 数 (U+6570) in font [lmroman10-regular]:mapping=t
ex-text;!
Missing character: There is no 参 (U+53C2) in font [lmroman10-regular]:mapping=t
ex-text;!
Missing character: There is no 数 (U+6570) in font [lmroman10-regular]:mapping=t
ex-text;!
Missing character: There is no 正 (U+6B63) in font [lmroman10-regular]:mapping=t
ex-text;!
Missing character: There is no 运 (U+8FD0) in font [lmroman10-regular]:mapping=t
ex-text;!
Missing character: There is no 动 (U+52A8) in font [lmroman10-regular]:mapping=t
ex-text;!
Missing character: There is no 学 (U+5B66) in font [lmroman10-regular]:mapping=t
ex-text;!
Missing character: There is no 参 (U+53C2) in font [lmroman10-regular]:mapping=t
ex-text;!
Missing character: There is no 数 (U+6570) in font [lmroman10-regular]:mapping=t
ex-text;!
Missing character: There is no 。 (U+3002) in font [lmroman10-regular]:mapping=t
ex-text;!
Missing character: There is no 请 (U+8BF7) in font [lmroman10-regular]:mapping=t
ex-text;!
Missing character: There is no 求 (U+6C42) in font [lmroman10-regular]:mapping=t
ex-text;!
Missing character: There is no 。 (U+3002) in font [lmroman10-regular]:mapping=t
ex-text;!
Missing character: There is no 参 (U+53C2) in font [lmroman10-regular]:mapping=t
ex-text;!
Missing character: There is no 数 (U+6570) in font [lmroman10-regular]:mapping=t
ex-text;!
Missing character: There is no 参 (U+53C2) in font [lmroman10-regular]:mapping=t
ex-text;!
Missing character: There is no 数 (U+6570) in font [lmroman10-regular]:mapping=t
ex-text;!
Missing character: There is no 正 (U+6B63) in font [lmroman10-regular]:mapping=t
ex-text;!
Missing character: There is no 运 (U+8FD0) in font [lmroman10-regular]:mapping=t
ex-text;!
Missing character: There is no 动 (U+52A8) in font [lmroman10-regular]:mapping=t
ex-text;!
Missing character: There is no 学 (U+5B66) in font [lmroman10-regular]:mapping=t
ex-text;!
Missing character: There is no 参 (U+53C2) in font [lmroman10-regular]:mapping=t
ex-text;!
Missing character: There is no 数 (U+6570) in font [lmroman10-regular]:mapping=t
ex-text;!
Missing character: There is no 。 (U+3002) in font [lmroman10-regular]:mapping=t
ex-text;!
Missing character: There is no 请 (U+8BF7) in font [lmroman10-regular]:mapping=t
ex-text;!
Missing character: There is no 求 (U+6C42) in font [lmroman10-regular]:mapping=t
ex-text;!
Missing character: There is no 。 (U+3002) in font [lmroman10-regular]:mapping=t
ex-text;!

Package longtable Warning: Column widths have changed
(longtable)                in table 5.6 on input line 277.

Missing character: There is no 返 (U+8FD4) in font [lmroman10-regular]:mapping=t
ex-text;!
Missing character: There is no 回 (U+56DE) in font [lmroman10-regular]:mapping=t
ex-text;!

Underfull \hbox (badness 10000) detected at line 278
[][][]
 []

Missing character: There is no 关 (U+5173) in font [lmroman10-regular]:mapping=t
ex-text;!
Missing character: There is no 节 (U+8282) in font [lmroman10-regular]:mapping=t
ex-text;!
Missing character: There is no 角 (U+89D2) in font [lmroman10-regular]:mapping=t
ex-text;!
Missing character: There is no 度 (U+5EA6) in font [lmroman10-regular]:mapping=t
ex-text;!
Missing character: There is no 向 (U+5411) in font [lmroman10-regular]:mapping=t
ex-text;!
Missing character: There is no 量 (U+91CF) in font [lmroman10-regular]:mapping=t
ex-text;!
Missing character: There is no 。 (U+3002) in font [lmroman10-regular]:mapping=t
ex-text;!
Missing character: There is no 获 (U+83B7) in font [lmroman10-regular]:mapping=t
ex-text;!
Missing character: There is no 取 (U+53D6) in font [lmroman10-regular]:mapping=t
ex-text;!
Missing character: There is no 模 (U+6A21) in font [lmroman10-regular]:mapping=t
ex-text;!
Missing character: There is no 拟 (U+62DF) in font [lmroman10-regular]:mapping=t
ex-text;!
Missing character: There is no 输 (U+8F93) in font [lmroman10-regular]:mapping=t
ex-text;!
Missing character: There is no 入 (U+5165) in font [lmroman10-regular]:mapping=t
ex-text;!
Missing character: There is no 端 (U+7AEF) in font [lmroman10-regular]:mapping=t
ex-text;!
Missing character: There is no 口 (U+53E3) in font [lmroman10-regular]:mapping=t
ex-text;!
Missing character: There is no 的 (U+7684) in font [lmroman10-regular]:mapping=t
ex-text;!
Missing character: There is no 值 (U+503C) in font [lmroman10-regular]:mapping=t
ex-text;!
Missing character: There is no 端 (U+7AEF) in font [lmroman10-regular]:mapping=t
ex-text;!
Missing character: There is no 口 (U+53E3) in font [lmroman10-regular]:mapping=t
ex-text;!
Missing character: There is no 号 (U+53F7) in font [lmroman10-regular]:mapping=t
ex-text;!
Missing character: There is no 。 (U+3002) in font [lmroman10-regular]:mapping=t
ex-text;!
Missing character: There is no 请 (U+8BF7) in font [lmroman10-regular]:mapping=t
ex-text;!
Missing character: There is no 求 (U+6C42) in font [lmroman10-regular]:mapping=t
ex-text;!
Missing character: There is no 。 (U+3002) in font [lmroman10-regular]:mapping=t
ex-text;!
Missing character: There is no 参 (U+53C2) in font [lmroman10-regular]:mapping=t
ex-text;!
Missing character: There is no 数 (U+6570) in font [lmroman10-regular]:mapping=t
ex-text;!
Missing character: There is no 参 (U+53C2) in font [lmroman10-regular]:mapping=t
ex-text;!
Missing character: There is no 数 (U+6570) in font [lmroman10-regular]:mapping=t
ex-text;!
Missing character: There is no 端 (U+7AEF) in font [lmroman10-regular]:mapping=t
ex-text;!
Missing character: There is no 口 (U+53E3) in font [lmroman10-regular]:mapping=t
ex-text;!
Missing character: There is no 号 (U+53F7) in font [lmroman10-regular]:mapping=t
ex-text;!
Missing character: There is no 。 (U+3002) in font [lmroman10-regular]:mapping=t
ex-text;!
Missing character: There is no 请 (U+8BF7) in font [lmroman10-regular]:mapping=t
ex-text;!
Missing character: There is no 求 (U+6C42) in font [lmroman10-regular]:mapping=t
ex-text;!
Missing character: There is no 。 (U+3002) in font [lmroman10-regular]:mapping=t
ex-text;!
Missing character: There is no 参 (U+53C2) in font [lmroman10-regular]:mapping=t
ex-text;!
Missing character: There is no 数 (U+6570) in font [lmroman10-regular]:mapping=t
ex-text;!
Missing character: There is no 参 (U+53C2) in font [lmroman10-regular]:mapping=t
ex-text;!
Missing character: There is no 数 (U+6570) in font [lmroman10-regular]:mapping=t
ex-text;!
Missing character: There is no 端 (U+7AEF) in font [lmroman10-regular]:mapping=t
ex-text;!
Missing character: There is no 口 (U+53E3) in font [lmroman10-regular]:mapping=t
ex-text;!
Missing character: There is no 号 (U+53F7) in font [lmroman10-regular]:mapping=t
ex-text;!
Missing character: There is no 。 (U+3002) in font [lmroman10-regular]:mapping=t
ex-text;!
Missing character: There is no 请 (U+8BF7) in font [lmroman10-regular]:mapping=t
ex-text;!
Missing character: There is no 求 (U+6C42) in font [lmroman10-regular]:mapping=t
ex-text;!
Missing character: There is no 。 (U+3002) in font [lmroman10-regular]:mapping=t
ex-text;!

Package longtable Warning: Column widths have changed
(longtable)                in table 5.7 on input line 297.

Missing character: There is no 返 (U+8FD4) in font [lmroman10-regular]:mapping=t
ex-text;!
Missing character: There is no 回 (U+56DE) in font [lmroman10-regular]:mapping=t
ex-text;!

Underfull \hbox (badness 10000) detected at line 298
[][][]
 []

Missing character: There is no 指 (U+6307) in font [lmroman10-regular]:mapping=t
ex-text;!
Missing character: There is no 定 (U+5B9A) in font [lmroman10-regular]:mapping=t
ex-text;!
Missing character: There is no 模 (U+6A21) in font [lmroman10-regular]:mapping=t
ex-text;!
Missing character: There is no 拟 (U+62DF) in font [lmroman10-regular]:mapping=t
ex-text;!
Missing character: There is no 输 (U+8F93) in font [lmroman10-regular]:mapping=t
ex-text;!
Missing character: There is no 入 (U+5165) in font [lmroman10-regular]:mapping=t
ex-text;!
Missing character: There is no 端 (U+7AEF) in font [lmroman10-regular]:mapping=t
ex-text;!
Missing character: There is no 口 (U+53E3) in font [lmroman10-regular]:mapping=t
ex-text;!
Missing character: There is no 的 (U+7684) in font [lmroman10-regular]:mapping=t
ex-text;!
Missing character: There is no 值 (U+503C) in font [lmroman10-regular]:mapping=t
ex-text;!
Missing character: There is no 。 (U+3002) in font [lmroman10-regular]:mapping=t
ex-text;!
Missing character: There is no 类 (U+7C7B) in font [lmroman10-regular]:mapping=t
ex-text;!
Missing character: There is no 说 (U+8BF4) in font [lmroman10-regular]:mapping=t
ex-text;!
Missing character: There is no 明 (U+660E) in font [lmroman10-regular]:mapping=t
ex-text;!
Missing character: There is no 制 (U+5236) in font [lmroman7-regular]:mapping=te
x-text;!
Missing character: There is no 作 (U+4F5C) in font [lmroman7-regular]:mapping=te
x-text;!
Missing character: There is no 者 (U+8005) in font [lmroman7-regular]:mapping=te
x-text;!
[16]
Missing character: There is no 获 (U+83B7) in font [lmroman10-regular]:mapping=t
ex-text;!
Missing character: There is no 取 (U+53D6) in font [lmroman10-regular]:mapping=t
ex-text;!
Missing character: There is no 模 (U+6A21) in font [lmroman10-regular]:mapping=t
ex-text;!
Missing character: There is no 拟 (U+62DF) in font [lmroman10-regular]:mapping=t
ex-text;!
Missing character: There is no 输 (U+8F93) in font [lmroman10-regular]:mapping=t
ex-text;!
Missing character: There is no 出 (U+51FA) in font [lmroman10-regular]:mapping=t
ex-text;!
Missing character: There is no 端 (U+7AEF) in font [lmroman10-regular]:mapping=t
ex-text;!
Missing character: There is no 口 (U+53E3) in font [lmroman10-regular]:mapping=t
ex-text;!
Missing character: There is no 的 (U+7684) in font [lmroman10-regular]:mapping=t
ex-text;!
Missing character: There is no 值 (U+503C) in font [lmroman10-regular]:mapping=t
ex-text;!
Missing character: There is no 端 (U+7AEF) in font [lmroman10-regular]:mapping=t
ex-text;!
Missing character: There is no 口 (U+53E3) in font [lmroman10-regular]:mapping=t
ex-text;!
Missing character: There is no 号 (U+53F7) in font [lmroman10-regular]:mapping=t
ex-text;!
Missing character: There is no 。 (U+3002) in font [lmroman10-regular]:mapping=t
ex-text;!
Missing character: There is no 请 (U+8BF7) in font [lmroman10-regular]:mapping=t
ex-text;!
Missing character: There is no 求 (U+6C42) in font [lmroman10-regular]:mapping=t
ex-text;!
Missing character: There is no 。 (U+3002) in font [lmroman10-regular]:mapping=t
ex-text;!
Missing character: There is no 参 (U+53C2) in font [lmroman10-regular]:mapping=t
ex-text;!
Missing character: There is no 数 (U+6570) in font [lmroman10-regular]:mapping=t
ex-text;!
Missing character: There is no 参 (U+53C2) in font [lmroman10-regular]:mapping=t
ex-text;!
Missing character: There is no 数 (U+6570) in font [lmroman10-regular]:mapping=t
ex-text;!
Missing character: There is no 端 (U+7AEF) in font [lmroman10-regular]:mapping=t
ex-text;!
Missing character: There is no 口 (U+53E3) in font [lmroman10-regular]:mapping=t
ex-text;!
Missing character: There is no 号 (U+53F7) in font [lmroman10-regular]:mapping=t
ex-text;!
Missing character: There is no 。 (U+3002) in font [lmroman10-regular]:mapping=t
ex-text;!
Missing character: There is no 请 (U+8BF7) in font [lmroman10-regular]:mapping=t
ex-text;!
Missing character: There is no 求 (U+6C42) in font [lmroman10-regular]:mapping=t
ex-text;!
Missing character: There is no 。 (U+3002) in font [lmroman10-regular]:mapping=t
ex-text;!
Missing character: There is no 参 (U+53C2) in font [lmroman10-regular]:mapping=t
ex-text;!
Missing character: There is no 数 (U+6570) in font [lmroman10-regular]:mapping=t
ex-text;!
Missing character: There is no 参 (U+53C2) in font [lmroman10-regular]:mapping=t
ex-text;!
Missing character: There is no 数 (U+6570) in font [lmroman10-regular]:mapping=t
ex-text;!
Missing character: There is no 端 (U+7AEF) in font [lmroman10-regular]:mapping=t
ex-text;!
Missing character: There is no 口 (U+53E3) in font [lmroman10-regular]:mapping=t
ex-text;!
Missing character: There is no 号 (U+53F7) in font [lmroman10-regular]:mapping=t
ex-text;!
Missing character: There is no 。 (U+3002) in font [lmroman10-regular]:mapping=t
ex-text;!
Missing character: There is no 请 (U+8BF7) in font [lmroman10-regular]:mapping=t
ex-text;!
Missing character: There is no 求 (U+6C42) in font [lmroman10-regular]:mapping=t
ex-text;!
Missing character: There is no 。 (U+3002) in font [lmroman10-regular]:mapping=t
ex-text;!

Package longtable Warning: Column widths have changed
(longtable)                in table 5.8 on input line 317.

Missing character: There is no 返 (U+8FD4) in font [lmroman10-regular]:mapping=t
ex-text;!
Missing character: There is no 回 (U+56DE) in font [lmroman10-regular]:mapping=t
ex-text;!

Underfull \hbox (badness 10000) detected at line 318
[][][]
 []

Missing character: There is no 指 (U+6307) in font [lmroman10-regular]:mapping=t
ex-text;!
Missing character: There is no 定 (U+5B9A) in font [lmroman10-regular]:mapping=t
ex-text;!
Missing character: There is no 模 (U+6A21) in font [lmroman10-regular]:mapping=t
ex-text;!
Missing character: There is no 拟 (U+62DF) in font [lmroman10-regular]:mapping=t
ex-text;!
Missing character: There is no 输 (U+8F93) in font [lmroman10-regular]:mapping=t
ex-text;!
Missing character: There is no 出 (U+51FA) in font [lmroman10-regular]:mapping=t
ex-text;!
Missing character: There is no 端 (U+7AEF) in font [lmroman10-regular]:mapping=t
ex-text;!
Missing character: There is no 口 (U+53E3) in font [lmroman10-regular]:mapping=t
ex-text;!
Missing character: There is no 的 (U+7684) in font [lmroman10-regular]:mapping=t
ex-text;!
Missing character: There is no 值 (U+503C) in font [lmroman10-regular]:mapping=t
ex-text;!
Missing character: There is no 。 (U+3002) in font [lmroman10-regular]:mapping=t
ex-text;!
Missing character: There is no 获 (U+83B7) in font [lmroman10-regular]:mapping=t
ex-text;!
Missing character: There is no 取 (U+53D6) in font [lmroman10-regular]:mapping=t
ex-text;!
Missing character: There is no 数 (U+6570) in font [lmroman10-regular]:mapping=t
ex-text;!
Missing character: There is no 字 (U+5B57) in font [lmroman10-regular]:mapping=t
ex-text;!
Missing character: There is no 输 (U+8F93) in font [lmroman10-regular]:mapping=t
ex-text;!
Missing character: There is no 入 (U+5165) in font [lmroman10-regular]:mapping=t
ex-text;!
Missing character: There is no 端 (U+7AEF) in font [lmroman10-regular]:mapping=t
ex-text;!
Missing character: There is no 口 (U+53E3) in font [lmroman10-regular]:mapping=t
ex-text;!
Missing character: There is no 的 (U+7684) in font [lmroman10-regular]:mapping=t
ex-text;!
Missing character: There is no 值 (U+503C) in font [lmroman10-regular]:mapping=t
ex-text;!
Missing character: There is no 端 (U+7AEF) in font [lmroman10-regular]:mapping=t
ex-text;!
Missing character: There is no 口 (U+53E3) in font [lmroman10-regular]:mapping=t
ex-text;!
Missing character: There is no 号 (U+53F7) in font [lmroman10-regular]:mapping=t
ex-text;!
Missing character: There is no 。 (U+3002) in font [lmroman10-regular]:mapping=t
ex-text;!
Missing character: There is no 请 (U+8BF7) in font [lmroman10-regular]:mapping=t
ex-text;!
Missing character: There is no 求 (U+6C42) in font [lmroman10-regular]:mapping=t
ex-text;!
Missing character: There is no 。 (U+3002) in font [lmroman10-regular]:mapping=t
ex-text;!
Missing character: There is no 参 (U+53C2) in font [lmroman10-regular]:mapping=t
ex-text;!
Missing character: There is no 数 (U+6570) in font [lmroman10-regular]:mapping=t
ex-text;!
Missing character: There is no 参 (U+53C2) in font [lmroman10-regular]:mapping=t
ex-text;!
Missing character: There is no 数 (U+6570) in font [lmroman10-regular]:mapping=t
ex-text;!
Missing character: There is no 端 (U+7AEF) in font [lmroman10-regular]:mapping=t
ex-text;!
Missing character: There is no 口 (U+53E3) in font [lmroman10-regular]:mapping=t
ex-text;!
Missing character: There is no 号 (U+53F7) in font [lmroman10-regular]:mapping=t
ex-text;!
Missing character: There is no 。 (U+3002) in font [lmroman10-regular]:mapping=t
ex-text;!
Missing character: There is no 请 (U+8BF7) in font [lmroman10-regular]:mapping=t
ex-text;!
Missing character: There is no 求 (U+6C42) in font [lmroman10-regular]:mapping=t
ex-text;!
Missing character: There is no 。 (U+3002) in font [lmroman10-regular]:mapping=t
ex-text;!
Missing character: There is no 参 (U+53C2) in font [lmroman10-regular]:mapping=t
ex-text;!
Missing character: There is no 数 (U+6570) in font [lmroman10-regular]:mapping=t
ex-text;!
Missing character: There is no 参 (U+53C2) in font [lmroman10-regular]:mapping=t
ex-text;!
Missing character: There is no 数 (U+6570) in font [lmroman10-regular]:mapping=t
ex-text;!
Missing character: There is no 端 (U+7AEF) in font [lmroman10-regular]:mapping=t
ex-text;!
Missing character: There is no 口 (U+53E3) in font [lmroman10-regular]:mapping=t
ex-text;!
Missing character: There is no 号 (U+53F7) in font [lmroman10-regular]:mapping=t
ex-text;!
Missing character: There is no 。 (U+3002) in font [lmroman10-regular]:mapping=t
ex-text;!
Missing character: There is no 请 (U+8BF7) in font [lmroman10-regular]:mapping=t
ex-text;!
Missing character: There is no 求 (U+6C42) in font [lmroman10-regular]:mapping=t
ex-text;!
Missing character: There is no 。 (U+3002) in font [lmroman10-regular]:mapping=t
ex-text;!

Package longtable Warning: Column widths have changed
(longtable)                in table 5.9 on input line 337.

Missing character: There is no 返 (U+8FD4) in font [lmroman10-regular]:mapping=t
ex-text;!
Missing character: There is no 回 (U+56DE) in font [lmroman10-regular]:mapping=t
ex-text;!

Underfull \hbox (badness 10000) detected at line 338
[][][]
 []

Missing character: There is no 指 (U+6307) in font [lmroman10-regular]:mapping=t
ex-text;!
Missing character: There is no 定 (U+5B9A) in font [lmroman10-regular]:mapping=t
ex-text;!
Missing character: There is no 数 (U+6570) in font [lmroman10-regular]:mapping=t
ex-text;!
Missing character: There is no 字 (U+5B57) in font [lmroman10-regular]:mapping=t
ex-text;!
Missing character: There is no 输 (U+8F93) in font [lmroman10-regular]:mapping=t
ex-text;!
Missing character: There is no 入 (U+5165) in font [lmroman10-regular]:mapping=t
ex-text;!
Missing character: There is no 端 (U+7AEF) in font [lmroman10-regular]:mapping=t
ex-text;!
Missing character: There is no 口 (U+53E3) in font [lmroman10-regular]:mapping=t
ex-text;!
Missing character: There is no 的 (U+7684) in font [lmroman10-regular]:mapping=t
ex-text;!
Missing character: There is no 值 (U+503C) in font [lmroman10-regular]:mapping=t
ex-text;!
Missing character: There is no 。 (U+3002) in font [lmroman10-regular]:mapping=t
ex-text;!
Missing character: There is no 获 (U+83B7) in font [lmroman10-regular]:mapping=t
ex-text;!
Missing character: There is no 取 (U+53D6) in font [lmroman10-regular]:mapping=t
ex-text;!
Missing character: There is no 数 (U+6570) in font [lmroman10-regular]:mapping=t
ex-text;!
Missing character: There is no 字 (U+5B57) in font [lmroman10-regular]:mapping=t
ex-text;!
Missing character: There is no 输 (U+8F93) in font [lmroman10-regular]:mapping=t
ex-text;!
Missing character: There is no 出 (U+51FA) in font [lmroman10-regular]:mapping=t
ex-text;!
Missing character: There is no 端 (U+7AEF) in font [lmroman10-regular]:mapping=t
ex-text;!
Missing character: There is no 口 (U+53E3) in font [lmroman10-regular]:mapping=t
ex-text;!
Missing character: There is no 的 (U+7684) in font [lmroman10-regular]:mapping=t
ex-text;!
Missing character: There is no 值 (U+503C) in font [lmroman10-regular]:mapping=t
ex-text;!
Missing character: There is no 端 (U+7AEF) in font [lmroman10-regular]:mapping=t
ex-text;!
Missing character: There is no 口 (U+53E3) in font [lmroman10-regular]:mapping=t
ex-text;!
Missing character: There is no 号 (U+53F7) in font [lmroman10-regular]:mapping=t
ex-text;!
Missing character: There is no 。 (U+3002) in font [lmroman10-regular]:mapping=t
ex-text;!
Missing character: There is no 请 (U+8BF7) in font [lmroman10-regular]:mapping=t
ex-text;!
Missing character: There is no 求 (U+6C42) in font [lmroman10-regular]:mapping=t
ex-text;!
Missing character: There is no 。 (U+3002) in font [lmroman10-regular]:mapping=t
ex-text;!
Missing character: There is no 参 (U+53C2) in font [lmroman10-regular]:mapping=t
ex-text;!
Missing character: There is no 数 (U+6570) in font [lmroman10-regular]:mapping=t
ex-text;!
Missing character: There is no 参 (U+53C2) in font [lmroman10-regular]:mapping=t
ex-text;!
Missing character: There is no 数 (U+6570) in font [lmroman10-regular]:mapping=t
ex-text;!
Missing character: There is no 端 (U+7AEF) in font [lmroman10-regular]:mapping=t
ex-text;!
Missing character: There is no 口 (U+53E3) in font [lmroman10-regular]:mapping=t
ex-text;!
Missing character: There is no 号 (U+53F7) in font [lmroman10-regular]:mapping=t
ex-text;!
Missing character: There is no 。 (U+3002) in font [lmroman10-regular]:mapping=t
ex-text;!
Missing character: There is no 请 (U+8BF7) in font [lmroman10-regular]:mapping=t
ex-text;!
Missing character: There is no 求 (U+6C42) in font [lmroman10-regular]:mapping=t
ex-text;!
Missing character: There is no 。 (U+3002) in font [lmroman10-regular]:mapping=t
ex-text;!
Missing character: There is no 参 (U+53C2) in font [lmroman10-regular]:mapping=t
ex-text;!
Missing character: There is no 数 (U+6570) in font [lmroman10-regular]:mapping=t
ex-text;!
Missing character: There is no 参 (U+53C2) in font [lmroman10-regular]:mapping=t
ex-text;!
Missing character: There is no 数 (U+6570) in font [lmroman10-regular]:mapping=t
ex-text;!
Missing character: There is no 端 (U+7AEF) in font [lmroman10-regular]:mapping=t
ex-text;!
Missing character: There is no 口 (U+53E3) in font [lmroman10-regular]:mapping=t
ex-text;!
Missing character: There is no 号 (U+53F7) in font [lmroman10-regular]:mapping=t
ex-text;!
Missing character: There is no 。 (U+3002) in font [lmroman10-regular]:mapping=t
ex-text;!
Missing character: There is no 请 (U+8BF7) in font [lmroman10-regular]:mapping=t
ex-text;!
Missing character: There is no 求 (U+6C42) in font [lmroman10-regular]:mapping=t
ex-text;!
Missing character: There is no 。 (U+3002) in font [lmroman10-regular]:mapping=t
ex-text;!

Package longtable Warning: Column widths have changed
(longtable)                in table 5.10 on input line 357.

Missing character: There is no 类 (U+7C7B) in font [lmroman10-regular]:mapping=t
ex-text;!
Missing character: There is no 参 (U+53C2) in font [lmroman10-regular]:mapping=t
ex-text;!
Missing character: There is no 考 (U+8003) in font [lmroman10-regular]:mapping=t
ex-text;!
Missing character: There is no 制 (U+5236) in font [lmroman7-regular]:mapping=te
x-text;!
Missing character: There is no 作 (U+4F5C) in font [lmroman7-regular]:mapping=te
x-text;!
Missing character: There is no 者 (U+8005) in font [lmroman7-regular]:mapping=te
x-text;!
[17]
Missing character: There is no 返 (U+8FD4) in font [lmroman10-regular]:mapping=t
ex-text;!
Missing character: There is no 回 (U+56DE) in font [lmroman10-regular]:mapping=t
ex-text;!

Underfull \hbox (badness 10000) detected at line 358
[][][]
 []

Missing character: There is no 指 (U+6307) in font [lmroman10-regular]:mapping=t
ex-text;!
Missing character: There is no 定 (U+5B9A) in font [lmroman10-regular]:mapping=t
ex-text;!
Missing character: There is no 数 (U+6570) in font [lmroman10-regular]:mapping=t
ex-text;!
Missing character: There is no 字 (U+5B57) in font [lmroman10-regular]:mapping=t
ex-text;!
Missing character: There is no 输 (U+8F93) in font [lmroman10-regular]:mapping=t
ex-text;!
Missing character: There is no 出 (U+51FA) in font [lmroman10-regular]:mapping=t
ex-text;!
Missing character: There is no 端 (U+7AEF) in font [lmroman10-regular]:mapping=t
ex-text;!
Missing character: There is no 口 (U+53E3) in font [lmroman10-regular]:mapping=t
ex-text;!
Missing character: There is no 的 (U+7684) in font [lmroman10-regular]:mapping=t
ex-text;!
Missing character: There is no 值 (U+503C) in font [lmroman10-regular]:mapping=t
ex-text;!
Missing character: There is no 。 (U+3002) in font [lmroman10-regular]:mapping=t
ex-text;!
Missing character: There is no 获 (U+83B7) in font [lmroman10-regular]:mapping=t
ex-text;!
Missing character: There is no 取 (U+53D6) in font [lmroman10-regular]:mapping=t
ex-text;!
Missing character: There is no 机 (U+673A) in font [lmroman10-regular]:mapping=t
ex-text;!
Missing character: There is no 器 (U+5668) in font [lmroman10-regular]:mapping=t
ex-text;!
Missing character: There is no 人 (U+4EBA) in font [lmroman10-regular]:mapping=t
ex-text;!
Missing character: There is no 上 (U+4E0A) in font [lmroman10-regular]:mapping=t
ex-text;!
Missing character: There is no 的 (U+7684) in font [lmroman10-regular]:mapping=t
ex-text;!
Missing character: There is no 全 (U+5168) in font [lmroman10-regular]:mapping=t
ex-text;!
Missing character: There is no 局 (U+5C40) in font [lmroman10-regular]:mapping=t
ex-text;!
Missing character: There is no 变 (U+53D8) in font [lmroman10-regular]:mapping=t
ex-text;!
Missing character: There is no 量 (U+91CF) in font [lmroman10-regular]:mapping=t
ex-text;!
Missing character: There is no 列 (U+5217) in font [lmroman10-regular]:mapping=t
ex-text;!
Missing character: There is no 表 (U+8868) in font [lmroman10-regular]:mapping=t
ex-text;!
Missing character: There is no 请 (U+8BF7) in font [lmroman10-regular]:mapping=t
ex-text;!
Missing character: There is no 求 (U+6C42) in font [lmroman10-regular]:mapping=t
ex-text;!
Missing character: There is no 。 (U+3002) in font [lmroman10-regular]:mapping=t
ex-text;!
Missing character: There is no 参 (U+53C2) in font [lmroman10-regular]:mapping=t
ex-text;!
Missing character: There is no 数 (U+6570) in font [lmroman10-regular]:mapping=t
ex-text;!
Missing character: There is no 参 (U+53C2) in font [lmroman10-regular]:mapping=t
ex-text;!
Missing character: There is no 数 (U+6570) in font [lmroman10-regular]:mapping=t
ex-text;!
Missing character: There is no 请 (U+8BF7) in font [lmroman10-regular]:mapping=t
ex-text;!
Missing character: There is no 求 (U+6C42) in font [lmroman10-regular]:mapping=t
ex-text;!
Missing character: There is no 。 (U+3002) in font [lmroman10-regular]:mapping=t
ex-text;!
Missing character: There is no 参 (U+53C2) in font [lmroman10-regular]:mapping=t
ex-text;!
Missing character: There is no 数 (U+6570) in font [lmroman10-regular]:mapping=t
ex-text;!
Missing character: There is no 参 (U+53C2) in font [lmroman10-regular]:mapping=t
ex-text;!
Missing character: There is no 数 (U+6570) in font [lmroman10-regular]:mapping=t
ex-text;!
Missing character: There is no 请 (U+8BF7) in font [lmroman10-regular]:mapping=t
ex-text;!
Missing character: There is no 求 (U+6C42) in font [lmroman10-regular]:mapping=t
ex-text;!
Missing character: There is no 。 (U+3002) in font [lmroman10-regular]:mapping=t
ex-text;!

Package longtable Warning: Column widths have changed
(longtable)                in table 5.11 on input line 375.

Missing character: There is no 返 (U+8FD4) in font [lmroman10-regular]:mapping=t
ex-text;!
Missing character: There is no 回 (U+56DE) in font [lmroman10-regular]:mapping=t
ex-text;!

Underfull \hbox (badness 10000) detected at line 376
[][][]
 []

Missing character: There is no 包 (U+5305) in font [lmroman10-regular]:mapping=t
ex-text;!
Missing character: There is no 含 (U+542B) in font [lmroman10-regular]:mapping=t
ex-text;!
Missing character: There is no 全 (U+5168) in font [lmroman10-regular]:mapping=t
ex-text;!
Missing character: There is no 局 (U+5C40) in font [lmroman10-regular]:mapping=t
ex-text;!
Missing character: There is no 变 (U+53D8) in font [lmroman10-regular]:mapping=t
ex-text;!
Missing character: There is no 量 (U+91CF) in font [lmroman10-regular]:mapping=t
ex-text;!
Missing character: There is no 列 (U+5217) in font [lmroman10-regular]:mapping=t
ex-text;!
Missing character: There is no 表 (U+8868) in font [lmroman10-regular]:mapping=t
ex-text;!
Missing character: There is no 的 (U+7684) in font [lmroman10-regular]:mapping=t
ex-text;!
Missing character: There is no 响 (U+54CD) in font [lmroman10-regular]:mapping=t
ex-text;!
Missing character: There is no 应 (U+5E94) in font [lmroman10-regular]:mapping=t
ex-text;!
Missing character: There is no 对 (U+5BF9) in font [lmroman10-regular]:mapping=t
ex-text;!
Missing character: There is no 象 (U+8C61) in font [lmroman10-regular]:mapping=t
ex-text;!
Missing character: There is no 。 (U+3002) in font [lmroman10-regular]:mapping=t
ex-text;!
Missing character: There is no 获 (U+83B7) in font [lmroman10-regular]:mapping=t
ex-text;!
Missing character: There is no 取 (U+53D6) in font [lmroman10-regular]:mapping=t
ex-text;!
Missing character: There is no 机 (U+673A) in font [lmroman10-regular]:mapping=t
ex-text;!
Missing character: There is no 器 (U+5668) in font [lmroman10-regular]:mapping=t
ex-text;!
Missing character: There is no 人 (U+4EBA) in font [lmroman10-regular]:mapping=t
ex-text;!
Missing character: There is no 上 (U+4E0A) in font [lmroman10-regular]:mapping=t
ex-text;!
Missing character: There is no 端 (U+7AEF) in font [lmroman10-regular]:mapping=t
ex-text;!
Missing character: There is no 口 (U+53E3) in font [lmroman10-regular]:mapping=t
ex-text;!
Missing character: There is no 的 (U+7684) in font [lmroman10-regular]:mapping=t
ex-text;!
Missing character: There is no 状 (U+72B6) in font [lmroman10-regular]:mapping=t
ex-text;!
Missing character: There is no 态 (U+6001) in font [lmroman10-regular]:mapping=t
ex-text;!
Missing character: There is no 要 (U+8981) in font [lmroman10-regular]:mapping=t
ex-text;!
Missing character: There is no 查 (U+67E5) in font [lmroman10-regular]:mapping=t
ex-text;!
Missing character: There is no 询 (U+8BE2) in font [lmroman10-regular]:mapping=t
ex-text;!
Missing character: There is no 的 (U+7684) in font [lmroman10-regular]:mapping=t
ex-text;!
Missing character: There is no 端 (U+7AEF) in font [lmroman10-regular]:mapping=t
ex-text;!
Missing character: There is no 口 (U+53E3) in font [lmroman10-regular]:mapping=t
ex-text;!
Missing character: There is no 列 (U+5217) in font [lmroman10-regular]:mapping=t
ex-text;!
Missing character: There is no 表 (U+8868) in font [lmroman10-regular]:mapping=t
ex-text;!
Missing character: There is no 。 (U+3002) in font [lmroman10-regular]:mapping=t
ex-text;!
Missing character: There is no 请 (U+8BF7) in font [lmroman10-regular]:mapping=t
ex-text;!
Missing character: There is no 求 (U+6C42) in font [lmroman10-regular]:mapping=t
ex-text;!
Missing character: There is no 。 (U+3002) in font [lmroman10-regular]:mapping=t
ex-text;!
Missing character: There is no 参 (U+53C2) in font [lmroman10-regular]:mapping=t
ex-text;!
Missing character: There is no 数 (U+6570) in font [lmroman10-regular]:mapping=t
ex-text;!
Missing character: There is no 参 (U+53C2) in font [lmroman10-regular]:mapping=t
ex-text;!
Missing character: There is no 数 (U+6570) in font [lmroman10-regular]:mapping=t
ex-text;!
Missing character: There is no 要 (U+8981) in font [lmroman10-regular]:mapping=t
ex-text;!
Missing character: There is no 查 (U+67E5) in font [lmroman10-regular]:mapping=t
ex-text;!
Missing character: There is no 询 (U+8BE2) in font [lmroman10-regular]:mapping=t
ex-text;!
Missing character: There is no 的 (U+7684) in font [lmroman10-regular]:mapping=t
ex-text;!
Missing character: There is no 端 (U+7AEF) in font [lmroman10-regular]:mapping=t
ex-text;!
Missing character: There is no 口 (U+53E3) in font [lmroman10-regular]:mapping=t
ex-text;!
Missing character: There is no 列 (U+5217) in font [lmroman10-regular]:mapping=t
ex-text;!
Missing character: There is no 表 (U+8868) in font [lmroman10-regular]:mapping=t
ex-text;!
Missing character: There is no 。 (U+3002) in font [lmroman10-regular]:mapping=t
ex-text;!
Missing character: There is no 请 (U+8BF7) in font [lmroman10-regular]:mapping=t
ex-text;!
Missing character: There is no 求 (U+6C42) in font [lmroman10-regular]:mapping=t
ex-text;!
Missing character: There is no 。 (U+3002) in font [lmroman10-regular]:mapping=t
ex-text;!
Missing character: There is no 参 (U+53C2) in font [lmroman10-regular]:mapping=t
ex-text;!
Missing character: There is no 数 (U+6570) in font [lmroman10-regular]:mapping=t
ex-text;!
Missing character: There is no 参 (U+53C2) in font [lmroman10-regular]:mapping=t
ex-text;!
Missing character: There is no 数 (U+6570) in font [lmroman10-regular]:mapping=t
ex-text;!
Missing character: There is no 要 (U+8981) in font [lmroman10-regular]:mapping=t
ex-text;!
Missing character: There is no 查 (U+67E5) in font [lmroman10-regular]:mapping=t
ex-text;!
Missing character: There is no 询 (U+8BE2) in font [lmroman10-regular]:mapping=t
ex-text;!
Missing character: There is no 的 (U+7684) in font [lmroman10-regular]:mapping=t
ex-text;!
Missing character: There is no 端 (U+7AEF) in font [lmroman10-regular]:mapping=t
ex-text;!
Missing character: There is no 口 (U+53E3) in font [lmroman10-regular]:mapping=t
ex-text;!
Missing character: There is no 列 (U+5217) in font [lmroman10-regular]:mapping=t
ex-text;!
Missing character: There is no 表 (U+8868) in font [lmroman10-regular]:mapping=t
ex-text;!
Missing character: There is no 。 (U+3002) in font [lmroman10-regular]:mapping=t
ex-text;!
Missing character: There is no 请 (U+8BF7) in font [lmroman10-regular]:mapping=t
ex-text;!
Missing character: There is no 求 (U+6C42) in font [lmroman10-regular]:mapping=t
ex-text;!
Missing character: There is no 。 (U+3002) in font [lmroman10-regular]:mapping=t
ex-text;!

Package longtable Warning: Column widths have changed
(longtable)                in table 5.12 on input line 395.

Missing character: There is no 返 (U+8FD4) in font [lmroman10-regular]:mapping=t
ex-text;!
Missing character: There is no 回 (U+56DE) in font [lmroman10-regular]:mapping=t
ex-text;!

Underfull \hbox (badness 10000) detected at line 396
[][][]
 []

Missing character: There is no 包 (U+5305) in font [lmroman10-regular]:mapping=t
ex-text;!
Missing character: There is no 含 (U+542B) in font [lmroman10-regular]:mapping=t
ex-text;!
Missing character: There is no 查 (U+67E5) in font [lmroman10-regular]:mapping=t
ex-text;!
Missing character: There is no 询 (U+8BE2) in font [lmroman10-regular]:mapping=t
ex-text;!
Missing character: There is no 端 (U+7AEF) in font [lmroman10-regular]:mapping=t
ex-text;!
Missing character: There is no 口 (U+53E3) in font [lmroman10-regular]:mapping=t
ex-text;!
Missing character: There is no 状 (U+72B6) in font [lmroman10-regular]:mapping=t
ex-text;!
Missing character: There is no 态 (U+6001) in font [lmroman10-regular]:mapping=t
ex-text;!
Missing character: There is no 的 (U+7684) in font [lmroman10-regular]:mapping=t
ex-text;!
Missing character: There is no 对 (U+5BF9) in font [lmroman10-regular]:mapping=t
ex-text;!
Missing character: There is no 象 (U+8C61) in font [lmroman10-regular]:mapping=t
ex-text;!
Missing character: There is no 向 (U+5411) in font [lmroman10-regular]:mapping=t
ex-text;!
Missing character: There is no 量 (U+91CF) in font [lmroman10-regular]:mapping=t
ex-text;!
Missing character: There is no 。 (U+3002) in font [lmroman10-regular]:mapping=t
ex-text;!
Missing character: There is no 从 (U+4ECE) in font [lmroman10-regular]:mapping=t
ex-text;!
Missing character: There is no 机 (U+673A) in font [lmroman10-regular]:mapping=t
ex-text;!
Missing character: There is no 器 (U+5668) in font [lmroman10-regular]:mapping=t
ex-text;!
Missing character: There is no 人 (U+4EBA) in font [lmroman10-regular]:mapping=t
ex-text;!
Missing character: There is no 上 (U+4E0A) in font [lmroman10-regular]:mapping=t
ex-text;!
Missing character: There is no 获 (U+83B7) in font [lmroman10-regular]:mapping=t
ex-text;!
Missing character: There is no 取 (U+53D6) in font [lmroman10-regular]:mapping=t
ex-text;!
Missing character: There is no 工 (U+5DE5) in font [lmroman10-regular]:mapping=t
ex-text;!
Missing character: There is no 程 (U+7A0B) in font [lmroman10-regular]:mapping=t
ex-text;!
Missing character: There is no 变 (U+53D8) in font [lmroman10-regular]:mapping=t
ex-text;!
Missing character: There is no 量 (U+91CF) in font [lmroman10-regular]:mapping=t
ex-text;!
Missing character: There is no 的 (U+7684) in font [lmroman10-regular]:mapping=t
ex-text;!
Missing character: There is no 值 (U+503C) in font [lmroman10-regular]:mapping=t
ex-text;!
Missing character: There is no 请 (U+8BF7) in font [lmroman10-regular]:mapping=t
ex-text;!
Missing character: There is no 求 (U+6C42) in font [lmroman10-regular]:mapping=t
ex-text;!
Missing character: There is no 。 (U+3002) in font [lmroman10-regular]:mapping=t
ex-text;!
Missing character: There is no 参 (U+53C2) in font [lmroman10-regular]:mapping=t
ex-text;!
Missing character: There is no 数 (U+6570) in font [lmroman10-regular]:mapping=t
ex-text;!
Missing character: There is no 参 (U+53C2) in font [lmroman10-regular]:mapping=t
ex-text;!
Missing character: There is no 数 (U+6570) in font [lmroman10-regular]:mapping=t
ex-text;!
Missing character: There is no 请 (U+8BF7) in font [lmroman10-regular]:mapping=t
ex-text;!
Missing character: There is no 求 (U+6C42) in font [lmroman10-regular]:mapping=t
ex-text;!
Missing character: There is no 。 (U+3002) in font [lmroman10-regular]:mapping=t
ex-text;!
Missing character: There is no 参 (U+53C2) in font [lmroman10-regular]:mapping=t
ex-text;!
Missing character: There is no 数 (U+6570) in font [lmroman10-regular]:mapping=t
ex-text;!
Missing character: There is no 参 (U+53C2) in font [lmroman10-regular]:mapping=t
ex-text;!
Missing character: There is no 数 (U+6570) in font [lmroman10-regular]:mapping=t
ex-text;!
Missing character: There is no 请 (U+8BF7) in font [lmroman10-regular]:mapping=t
ex-text;!
Missing character: There is no 求 (U+6C42) in font [lmroman10-regular]:mapping=t
ex-text;!
Missing character: There is no 。 (U+3002) in font [lmroman10-regular]:mapping=t
ex-text;!
Missing character: There is no 类 (U+7C7B) in font [lmroman10-regular]:mapping=t
ex-text;!
Missing character: There is no 说 (U+8BF4) in font [lmroman10-regular]:mapping=t
ex-text;!
Missing character: There is no 明 (U+660E) in font [lmroman10-regular]:mapping=t
ex-text;!
Missing character: There is no 制 (U+5236) in font [lmroman7-regular]:mapping=te
x-text;!
Missing character: There is no 作 (U+4F5C) in font [lmroman7-regular]:mapping=te
x-text;!
Missing character: There is no 者 (U+8005) in font [lmroman7-regular]:mapping=te
x-text;!
[18]

Package longtable Warning: Column widths have changed
(longtable)                in table 5.13 on input line 413.

Missing character: There is no 返 (U+8FD4) in font [lmroman10-regular]:mapping=t
ex-text;!
Missing character: There is no 回 (U+56DE) in font [lmroman10-regular]:mapping=t
ex-text;!

Underfull \hbox (badness 10000) detected at line 414
[][][]
 []

Missing character: There is no 包 (U+5305) in font [lmroman10-regular]:mapping=t
ex-text;!
Missing character: There is no 含 (U+542B) in font [lmroman10-regular]:mapping=t
ex-text;!
Missing character: There is no 工 (U+5DE5) in font [lmroman10-regular]:mapping=t
ex-text;!
Missing character: There is no 程 (U+7A0B) in font [lmroman10-regular]:mapping=t
ex-text;!
Missing character: There is no 变 (U+53D8) in font [lmroman10-regular]:mapping=t
ex-text;!
Missing character: There is no 量 (U+91CF) in font [lmroman10-regular]:mapping=t
ex-text;!
Missing character: There is no 值 (U+503C) in font [lmroman10-regular]:mapping=t
ex-text;!
Missing character: There is no 的 (U+7684) in font [lmroman10-regular]:mapping=t
ex-text;!
Missing character: There is no 响 (U+54CD) in font [lmroman10-regular]:mapping=t
ex-text;!
Missing character: There is no 应 (U+5E94) in font [lmroman10-regular]:mapping=t
ex-text;!
Missing character: There is no 对 (U+5BF9) in font [lmroman10-regular]:mapping=t
ex-text;!
Missing character: There is no 象 (U+8C61) in font [lmroman10-regular]:mapping=t
ex-text;!
Missing character: There is no 。 (U+3002) in font [lmroman10-regular]:mapping=t
ex-text;!
Missing character: There is no 获 (U+83B7) in font [lmroman10-regular]:mapping=t
ex-text;!
Missing character: There is no 取 (U+53D6) in font [lmroman10-regular]:mapping=t
ex-text;!
Missing character: There is no 机 (U+673A) in font [lmroman10-regular]:mapping=t
ex-text;!
Missing character: There is no 器 (U+5668) in font [lmroman10-regular]:mapping=t
ex-text;!
Missing character: There is no 人 (U+4EBA) in font [lmroman10-regular]:mapping=t
ex-text;!
Missing character: There is no 上 (U+4E0A) in font [lmroman10-regular]:mapping=t
ex-text;!
Missing character: There is no 单 (U+5355) in font [lmroman10-regular]:mapping=t
ex-text;!
Missing character: There is no 个 (U+4E2A) in font [lmroman10-regular]:mapping=t
ex-text;!
Missing character: There is no 寄 (U+5BC4) in font [lmroman10-regular]:mapping=t
ex-text;!
Missing character: There is no 存 (U+5B58) in font [lmroman10-regular]:mapping=t
ex-text;!
Missing character: There is no 器 (U+5668) in font [lmroman10-regular]:mapping=t
ex-text;!
Missing character: There is no 的 (U+7684) in font [lmroman10-regular]:mapping=t
ex-text;!
Missing character: There is no 值 (U+503C) in font [lmroman10-regular]:mapping=t
ex-text;!
Missing character: There is no 要 (U+8981) in font [lmroman10-regular]:mapping=t
ex-text;!
Missing character: There is no 查 (U+67E5) in font [lmroman10-regular]:mapping=t
ex-text;!
Missing character: There is no 询 (U+8BE2) in font [lmroman10-regular]:mapping=t
ex-text;!
Missing character: There is no 的 (U+7684) in font [lmroman10-regular]:mapping=t
ex-text;!
Missing character: There is no 寄 (U+5BC4) in font [lmroman10-regular]:mapping=t
ex-text;!
Missing character: There is no 存 (U+5B58) in font [lmroman10-regular]:mapping=t
ex-text;!
Missing character: There is no 器 (U+5668) in font [lmroman10-regular]:mapping=t
ex-text;!
Missing character: There is no 地 (U+5730) in font [lmroman10-regular]:mapping=t
ex-text;!
Missing character: There is no 址 (U+5740) in font [lmroman10-regular]:mapping=t
ex-text;!
Missing character: There is no 。 (U+3002) in font [lmroman10-regular]:mapping=t
ex-text;!
Missing character: There is no 请 (U+8BF7) in font [lmroman10-regular]:mapping=t
ex-text;!
Missing character: There is no 求 (U+6C42) in font [lmroman10-regular]:mapping=t
ex-text;!
Missing character: There is no 。 (U+3002) in font [lmroman10-regular]:mapping=t
ex-text;!
Missing character: There is no 参 (U+53C2) in font [lmroman10-regular]:mapping=t
ex-text;!
Missing character: There is no 数 (U+6570) in font [lmroman10-regular]:mapping=t
ex-text;!
Missing character: There is no 参 (U+53C2) in font [lmroman10-regular]:mapping=t
ex-text;!
Missing character: There is no 数 (U+6570) in font [lmroman10-regular]:mapping=t
ex-text;!
Missing character: There is no 要 (U+8981) in font [lmroman10-regular]:mapping=t
ex-text;!
Missing character: There is no 查 (U+67E5) in font [lmroman10-regular]:mapping=t
ex-text;!
Missing character: There is no 询 (U+8BE2) in font [lmroman10-regular]:mapping=t
ex-text;!
Missing character: There is no 的 (U+7684) in font [lmroman10-regular]:mapping=t
ex-text;!
Missing character: There is no 寄 (U+5BC4) in font [lmroman10-regular]:mapping=t
ex-text;!
Missing character: There is no 存 (U+5B58) in font [lmroman10-regular]:mapping=t
ex-text;!
Missing character: There is no 器 (U+5668) in font [lmroman10-regular]:mapping=t
ex-text;!
Missing character: There is no 地 (U+5730) in font [lmroman10-regular]:mapping=t
ex-text;!
Missing character: There is no 址 (U+5740) in font [lmroman10-regular]:mapping=t
ex-text;!
Missing character: There is no 。 (U+3002) in font [lmroman10-regular]:mapping=t
ex-text;!
Missing character: There is no 请 (U+8BF7) in font [lmroman10-regular]:mapping=t
ex-text;!
Missing character: There is no 求 (U+6C42) in font [lmroman10-regular]:mapping=t
ex-text;!
Missing character: There is no 。 (U+3002) in font [lmroman10-regular]:mapping=t
ex-text;!
Missing character: There is no 参 (U+53C2) in font [lmroman10-regular]:mapping=t
ex-text;!
Missing character: There is no 数 (U+6570) in font [lmroman10-regular]:mapping=t
ex-text;!
Missing character: There is no 参 (U+53C2) in font [lmroman10-regular]:mapping=t
ex-text;!
Missing character: There is no 数 (U+6570) in font [lmroman10-regular]:mapping=t
ex-text;!
Missing character: There is no 要 (U+8981) in font [lmroman10-regular]:mapping=t
ex-text;!
Missing character: There is no 查 (U+67E5) in font [lmroman10-regular]:mapping=t
ex-text;!
Missing character: There is no 询 (U+8BE2) in font [lmroman10-regular]:mapping=t
ex-text;!
Missing character: There is no 的 (U+7684) in font [lmroman10-regular]:mapping=t
ex-text;!
Missing character: There is no 寄 (U+5BC4) in font [lmroman10-regular]:mapping=t
ex-text;!
Missing character: There is no 存 (U+5B58) in font [lmroman10-regular]:mapping=t
ex-text;!
Missing character: There is no 器 (U+5668) in font [lmroman10-regular]:mapping=t
ex-text;!
Missing character: There is no 地 (U+5730) in font [lmroman10-regular]:mapping=t
ex-text;!
Missing character: There is no 址 (U+5740) in font [lmroman10-regular]:mapping=t
ex-text;!
Missing character: There is no 。 (U+3002) in font [lmroman10-regular]:mapping=t
ex-text;!
Missing character: There is no 请 (U+8BF7) in font [lmroman10-regular]:mapping=t
ex-text;!
Missing character: There is no 求 (U+6C42) in font [lmroman10-regular]:mapping=t
ex-text;!
Missing character: There is no 。 (U+3002) in font [lmroman10-regular]:mapping=t
ex-text;!

Package longtable Warning: Column widths have changed
(longtable)                in table 5.14 on input line 433.

Missing character: There is no 返 (U+8FD4) in font [lmroman10-regular]:mapping=t
ex-text;!
Missing character: There is no 回 (U+56DE) in font [lmroman10-regular]:mapping=t
ex-text;!

Underfull \hbox (badness 10000) detected at line 434
[][][]
 []

Missing character: There is no 指 (U+6307) in font [lmroman10-regular]:mapping=t
ex-text;!
Missing character: There is no 定 (U+5B9A) in font [lmroman10-regular]:mapping=t
ex-text;!
Missing character: There is no 寄 (U+5BC4) in font [lmroman10-regular]:mapping=t
ex-text;!
Missing character: There is no 存 (U+5B58) in font [lmroman10-regular]:mapping=t
ex-text;!
Missing character: There is no 器 (U+5668) in font [lmroman10-regular]:mapping=t
ex-text;!
Missing character: There is no 的 (U+7684) in font [lmroman10-regular]:mapping=t
ex-text;!
Missing character: There is no 值 (U+503C) in font [lmroman10-regular]:mapping=t
ex-text;!
Missing character: There is no 。 (U+3002) in font [lmroman10-regular]:mapping=t
ex-text;!
Missing character: There is no 获 (U+83B7) in font [lmroman10-regular]:mapping=t
ex-text;!
Missing character: There is no 取 (U+53D6) in font [lmroman10-regular]:mapping=t
ex-text;!
Missing character: There is no 机 (U+673A) in font [lmroman10-regular]:mapping=t
ex-text;!
Missing character: There is no 器 (U+5668) in font [lmroman10-regular]:mapping=t
ex-text;!
Missing character: There is no 人 (U+4EBA) in font [lmroman10-regular]:mapping=t
ex-text;!
Missing character: There is no 上 (U+4E0A) in font [lmroman10-regular]:mapping=t
ex-text;!
Missing character: There is no 寄 (U+5BC4) in font [lmroman10-regular]:mapping=t
ex-text;!
Missing character: There is no 存 (U+5B58) in font [lmroman10-regular]:mapping=t
ex-text;!
Missing character: There is no 器 (U+5668) in font [lmroman10-regular]:mapping=t
ex-text;!
Missing character: There is no 的 (U+7684) in font [lmroman10-regular]:mapping=t
ex-text;!
Missing character: There is no 值 (U+503C) in font [lmroman10-regular]:mapping=t
ex-text;!
Missing character: There is no 要 (U+8981) in font [lmroman10-regular]:mapping=t
ex-text;!
Missing character: There is no 查 (U+67E5) in font [lmroman10-regular]:mapping=t
ex-text;!
Missing character: There is no 询 (U+8BE2) in font [lmroman10-regular]:mapping=t
ex-text;!
Missing character: There is no 的 (U+7684) in font [lmroman10-regular]:mapping=t
ex-text;!
Missing character: There is no 寄 (U+5BC4) in font [lmroman10-regular]:mapping=t
ex-text;!
Missing character: There is no 存 (U+5B58) in font [lmroman10-regular]:mapping=t
ex-text;!
Missing character: There is no 器 (U+5668) in font [lmroman10-regular]:mapping=t
ex-text;!
Missing character: There is no 地 (U+5730) in font [lmroman10-regular]:mapping=t
ex-text;!
Missing character: There is no 址 (U+5740) in font [lmroman10-regular]:mapping=t
ex-text;!
Missing character: There is no 向 (U+5411) in font [lmroman10-regular]:mapping=t
ex-text;!
Missing character: There is no 量 (U+91CF) in font [lmroman10-regular]:mapping=t
ex-text;!
Missing character: There is no 。 (U+3002) in font [lmroman10-regular]:mapping=t
ex-text;!
Missing character: There is no 请 (U+8BF7) in font [lmroman10-regular]:mapping=t
ex-text;!
Missing character: There is no 求 (U+6C42) in font [lmroman10-regular]:mapping=t
ex-text;!
Missing character: There is no 。 (U+3002) in font [lmroman10-regular]:mapping=t
ex-text;!
Missing character: There is no 参 (U+53C2) in font [lmroman10-regular]:mapping=t
ex-text;!
Missing character: There is no 数 (U+6570) in font [lmroman10-regular]:mapping=t
ex-text;!
Missing character: There is no 参 (U+53C2) in font [lmroman10-regular]:mapping=t
ex-text;!
Missing character: There is no 数 (U+6570) in font [lmroman10-regular]:mapping=t
ex-text;!
Missing character: There is no 要 (U+8981) in font [lmroman10-regular]:mapping=t
ex-text;!
Missing character: There is no 查 (U+67E5) in font [lmroman10-regular]:mapping=t
ex-text;!
Missing character: There is no 询 (U+8BE2) in font [lmroman10-regular]:mapping=t
ex-text;!
Missing character: There is no 的 (U+7684) in font [lmroman10-regular]:mapping=t
ex-text;!
Missing character: There is no 寄 (U+5BC4) in font [lmroman10-regular]:mapping=t
ex-text;!
Missing character: There is no 存 (U+5B58) in font [lmroman10-regular]:mapping=t
ex-text;!
Missing character: There is no 器 (U+5668) in font [lmroman10-regular]:mapping=t
ex-text;!
Missing character: There is no 地 (U+5730) in font [lmroman10-regular]:mapping=t
ex-text;!
Missing character: There is no 址 (U+5740) in font [lmroman10-regular]:mapping=t
ex-text;!
Missing character: There is no 向 (U+5411) in font [lmroman10-regular]:mapping=t
ex-text;!
Missing character: There is no 量 (U+91CF) in font [lmroman10-regular]:mapping=t
ex-text;!
Missing character: There is no 。 (U+3002) in font [lmroman10-regular]:mapping=t
ex-text;!
Missing character: There is no 请 (U+8BF7) in font [lmroman10-regular]:mapping=t
ex-text;!
Missing character: There is no 求 (U+6C42) in font [lmroman10-regular]:mapping=t
ex-text;!
Missing character: There is no 。 (U+3002) in font [lmroman10-regular]:mapping=t
ex-text;!
Missing character: There is no 参 (U+53C2) in font [lmroman10-regular]:mapping=t
ex-text;!
Missing character: There is no 数 (U+6570) in font [lmroman10-regular]:mapping=t
ex-text;!
Missing character: There is no 参 (U+53C2) in font [lmroman10-regular]:mapping=t
ex-text;!
Missing character: There is no 数 (U+6570) in font [lmroman10-regular]:mapping=t
ex-text;!
Missing character: There is no 要 (U+8981) in font [lmroman10-regular]:mapping=t
ex-text;!
Missing character: There is no 查 (U+67E5) in font [lmroman10-regular]:mapping=t
ex-text;!
Missing character: There is no 询 (U+8BE2) in font [lmroman10-regular]:mapping=t
ex-text;!
Missing character: There is no 的 (U+7684) in font [lmroman10-regular]:mapping=t
ex-text;!
Missing character: There is no 寄 (U+5BC4) in font [lmroman10-regular]:mapping=t
ex-text;!
Missing character: There is no 存 (U+5B58) in font [lmroman10-regular]:mapping=t
ex-text;!
Missing character: There is no 器 (U+5668) in font [lmroman10-regular]:mapping=t
ex-text;!
Missing character: There is no 地 (U+5730) in font [lmroman10-regular]:mapping=t
ex-text;!
Missing character: There is no 址 (U+5740) in font [lmroman10-regular]:mapping=t
ex-text;!
Missing character: There is no 向 (U+5411) in font [lmroman10-regular]:mapping=t
ex-text;!
Missing character: There is no 量 (U+91CF) in font [lmroman10-regular]:mapping=t
ex-text;!
Missing character: There is no 。 (U+3002) in font [lmroman10-regular]:mapping=t
ex-text;!
Missing character: There is no 请 (U+8BF7) in font [lmroman10-regular]:mapping=t
ex-text;!
Missing character: There is no 求 (U+6C42) in font [lmroman10-regular]:mapping=t
ex-text;!
Missing character: There is no 。 (U+3002) in font [lmroman10-regular]:mapping=t
ex-text;!

Package longtable Warning: Column widths have changed
(longtable)                in table 5.15 on input line 453.

Missing character: There is no 返 (U+8FD4) in font [lmroman10-regular]:mapping=t
ex-text;!
Missing character: There is no 回 (U+56DE) in font [lmroman10-regular]:mapping=t
ex-text;!

Underfull \hbox (badness 10000) detected at line 454
[][][]
 []

Missing character: There is no 包 (U+5305) in font [lmroman10-regular]:mapping=t
ex-text;!
Missing character: There is no 含 (U+542B) in font [lmroman10-regular]:mapping=t
ex-text;!
Missing character: There is no 查 (U+67E5) in font [lmroman10-regular]:mapping=t
ex-text;!
Missing character: There is no 询 (U+8BE2) in font [lmroman10-regular]:mapping=t
ex-text;!
Missing character: There is no 寄 (U+5BC4) in font [lmroman10-regular]:mapping=t
ex-text;!
Missing character: There is no 存 (U+5B58) in font [lmroman10-regular]:mapping=t
ex-text;!
Missing character: There is no 器 (U+5668) in font [lmroman10-regular]:mapping=t
ex-text;!
Missing character: There is no 值 (U+503C) in font [lmroman10-regular]:mapping=t
ex-text;!
Missing character: There is no 的 (U+7684) in font [lmroman10-regular]:mapping=t
ex-text;!
Missing character: There is no 对 (U+5BF9) in font [lmroman10-regular]:mapping=t
ex-text;!
Missing character: There is no 象 (U+8C61) in font [lmroman10-regular]:mapping=t
ex-text;!
Missing character: There is no 向 (U+5411) in font [lmroman10-regular]:mapping=t
ex-text;!
Missing character: There is no 量 (U+91CF) in font [lmroman10-regular]:mapping=t
ex-text;!
Missing character: There is no 。 (U+3002) in font [lmroman10-regular]:mapping=t
ex-text;!
Missing character: There is no 类 (U+7C7B) in font [lmroman10-regular]:mapping=t
ex-text;!
Missing character: There is no 参 (U+53C2) in font [lmroman10-regular]:mapping=t
ex-text;!
Missing character: There is no 考 (U+8003) in font [lmroman10-regular]:mapping=t
ex-text;!
Missing character: There is no 制 (U+5236) in font [lmroman7-regular]:mapping=te
x-text;!
Missing character: There is no 作 (U+4F5C) in font [lmroman7-regular]:mapping=te
x-text;!
Missing character: There is no 者 (U+8005) in font [lmroman7-regular]:mapping=te
x-text;!
[19]
Missing character: There is no 计 (U+8BA1) in font [lmroman10-regular]:mapping=t
ex-text;!
Missing character: There is no 算 (U+7B97) in font [lmroman10-regular]:mapping=t
ex-text;!
Missing character: There is no 机 (U+673A) in font [lmroman10-regular]:mapping=t
ex-text;!
Missing character: There is no 器 (U+5668) in font [lmroman10-regular]:mapping=t
ex-text;!
Missing character: There is no 人 (U+4EBA) in font [lmroman10-regular]:mapping=t
ex-text;!
Missing character: There is no 的 (U+7684) in font [lmroman10-regular]:mapping=t
ex-text;!
Missing character: There is no 逆 (U+9006) in font [lmroman10-regular]:mapping=t
ex-text;!
Missing character: There is no 运 (U+8FD0) in font [lmroman10-regular]:mapping=t
ex-text;!
Missing character: There is no 动 (U+52A8) in font [lmroman10-regular]:mapping=t
ex-text;!
Missing character: There is no 学 (U+5B66) in font [lmroman10-regular]:mapping=t
ex-text;!
Missing character: There is no 逆 (U+9006) in font [lmroman10-regular]:mapping=t
ex-text;!
Missing character: There is no 运 (U+8FD0) in font [lmroman10-regular]:mapping=t
ex-text;!
Missing character: There is no 动 (U+52A8) in font [lmroman10-regular]:mapping=t
ex-text;!
Missing character: There is no 学 (U+5B66) in font [lmroman10-regular]:mapping=t
ex-text;!
Missing character: There is no 参 (U+53C2) in font [lmroman10-regular]:mapping=t
ex-text;!
Missing character: There is no 数 (U+6570) in font [lmroman10-regular]:mapping=t
ex-text;!
Missing character: There is no 。 (U+3002) in font [lmroman10-regular]:mapping=t
ex-text;!
Missing character: There is no 请 (U+8BF7) in font [lmroman10-regular]:mapping=t
ex-text;!
Missing character: There is no 求 (U+6C42) in font [lmroman10-regular]:mapping=t
ex-text;!
Missing character: There is no 。 (U+3002) in font [lmroman10-regular]:mapping=t
ex-text;!
Missing character: There is no 参 (U+53C2) in font [lmroman10-regular]:mapping=t
ex-text;!
Missing character: There is no 数 (U+6570) in font [lmroman10-regular]:mapping=t
ex-text;!
Missing character: There is no 参 (U+53C2) in font [lmroman10-regular]:mapping=t
ex-text;!
Missing character: There is no 数 (U+6570) in font [lmroman10-regular]:mapping=t
ex-text;!
Missing character: There is no 逆 (U+9006) in font [lmroman10-regular]:mapping=t
ex-text;!
Missing character: There is no 运 (U+8FD0) in font [lmroman10-regular]:mapping=t
ex-text;!
Missing character: There is no 动 (U+52A8) in font [lmroman10-regular]:mapping=t
ex-text;!
Missing character: There is no 学 (U+5B66) in font [lmroman10-regular]:mapping=t
ex-text;!
Missing character: There is no 参 (U+53C2) in font [lmroman10-regular]:mapping=t
ex-text;!
Missing character: There is no 数 (U+6570) in font [lmroman10-regular]:mapping=t
ex-text;!
Missing character: There is no 。 (U+3002) in font [lmroman10-regular]:mapping=t
ex-text;!
Missing character: There is no 请 (U+8BF7) in font [lmroman10-regular]:mapping=t
ex-text;!
Missing character: There is no 求 (U+6C42) in font [lmroman10-regular]:mapping=t
ex-text;!
Missing character: There is no 。 (U+3002) in font [lmroman10-regular]:mapping=t
ex-text;!
Missing character: There is no 参 (U+53C2) in font [lmroman10-regular]:mapping=t
ex-text;!
Missing character: There is no 数 (U+6570) in font [lmroman10-regular]:mapping=t
ex-text;!
Missing character: There is no 参 (U+53C2) in font [lmroman10-regular]:mapping=t
ex-text;!
Missing character: There is no 数 (U+6570) in font [lmroman10-regular]:mapping=t
ex-text;!
Missing character: There is no 逆 (U+9006) in font [lmroman10-regular]:mapping=t
ex-text;!
Missing character: There is no 运 (U+8FD0) in font [lmroman10-regular]:mapping=t
ex-text;!
Missing character: There is no 动 (U+52A8) in font [lmroman10-regular]:mapping=t
ex-text;!
Missing character: There is no 学 (U+5B66) in font [lmroman10-regular]:mapping=t
ex-text;!
Missing character: There is no 参 (U+53C2) in font [lmroman10-regular]:mapping=t
ex-text;!
Missing character: There is no 数 (U+6570) in font [lmroman10-regular]:mapping=t
ex-text;!
Missing character: There is no 。 (U+3002) in font [lmroman10-regular]:mapping=t
ex-text;!
Missing character: There is no 请 (U+8BF7) in font [lmroman10-regular]:mapping=t
ex-text;!
Missing character: There is no 求 (U+6C42) in font [lmroman10-regular]:mapping=t
ex-text;!
Missing character: There is no 。 (U+3002) in font [lmroman10-regular]:mapping=t
ex-text;!

Package longtable Warning: Column widths have changed
(longtable)                in table 5.16 on input line 473.

Missing character: There is no 返 (U+8FD4) in font [lmroman10-regular]:mapping=t
ex-text;!
Missing character: There is no 回 (U+56DE) in font [lmroman10-regular]:mapping=t
ex-text;!

Underfull \hbox (badness 10000) detected at line 474
[][][]
 []

Missing character: There is no 关 (U+5173) in font [lmroman10-regular]:mapping=t
ex-text;!
Missing character: There is no 节 (U+8282) in font [lmroman10-regular]:mapping=t
ex-text;!
Missing character: There is no 角 (U+89D2) in font [lmroman10-regular]:mapping=t
ex-text;!
Missing character: There is no 度 (U+5EA6) in font [lmroman10-regular]:mapping=t
ex-text;!
Missing character: There is no 向 (U+5411) in font [lmroman10-regular]:mapping=t
ex-text;!
Missing character: There is no 量 (U+91CF) in font [lmroman10-regular]:mapping=t
ex-text;!
Missing character: There is no 。 (U+3002) in font [lmroman10-regular]:mapping=t
ex-text;!
Missing character: There is no 对 (U+5BF9) in font [lmroman10-regular]:mapping=t
ex-text;!
Missing character: There is no 机 (U+673A) in font [lmroman10-regular]:mapping=t
ex-text;!
Missing character: There is no 器 (U+5668) in font [lmroman10-regular]:mapping=t
ex-text;!
Missing character: There is no 人 (U+4EBA) in font [lmroman10-regular]:mapping=t
ex-text;!
Missing character: There is no 执 (U+6267) in font [lmroman10-regular]:mapping=t
ex-text;!
Missing character: There is no 行 (U+884C) in font [lmroman10-regular]:mapping=t
ex-text;!
Missing character: There is no 点 (U+70B9) in font [lmroman10-regular]:mapping=t
ex-text;!
Missing character: There is no 动 (U+52A8) in font [lmroman10-regular]:mapping=t
ex-text;!
Missing character: There is no 操 (U+64CD) in font [lmroman10-regular]:mapping=t
ex-text;!
Missing character: There is no 作 (U+4F5C) in font [lmroman10-regular]:mapping=t
ex-text;!
Missing character: There is no 点 (U+70B9) in font [lmroman10-regular]:mapping=t
ex-text;!
Missing character: There is no 动 (U+52A8) in font [lmroman10-regular]:mapping=t
ex-text;!
Missing character: There is no 参 (U+53C2) in font [lmroman10-regular]:mapping=t
ex-text;!
Missing character: There is no 数 (U+6570) in font [lmroman10-regular]:mapping=t
ex-text;!
Missing character: There is no 。 (U+3002) in font [lmroman10-regular]:mapping=t
ex-text;!
Missing character: There is no 请 (U+8BF7) in font [lmroman10-regular]:mapping=t
ex-text;!
Missing character: There is no 求 (U+6C42) in font [lmroman10-regular]:mapping=t
ex-text;!
Missing character: There is no 。 (U+3002) in font [lmroman10-regular]:mapping=t
ex-text;!
Missing character: There is no 参 (U+53C2) in font [lmroman10-regular]:mapping=t
ex-text;!
Missing character: There is no 数 (U+6570) in font [lmroman10-regular]:mapping=t
ex-text;!
Missing character: There is no 参 (U+53C2) in font [lmroman10-regular]:mapping=t
ex-text;!
Missing character: There is no 数 (U+6570) in font [lmroman10-regular]:mapping=t
ex-text;!
Missing character: There is no 点 (U+70B9) in font [lmroman10-regular]:mapping=t
ex-text;!
Missing character: There is no 动 (U+52A8) in font [lmroman10-regular]:mapping=t
ex-text;!
Missing character: There is no 参 (U+53C2) in font [lmroman10-regular]:mapping=t
ex-text;!
Missing character: There is no 数 (U+6570) in font [lmroman10-regular]:mapping=t
ex-text;!
Missing character: There is no 。 (U+3002) in font [lmroman10-regular]:mapping=t
ex-text;!
Missing character: There is no 请 (U+8BF7) in font [lmroman10-regular]:mapping=t
ex-text;!
Missing character: There is no 求 (U+6C42) in font [lmroman10-regular]:mapping=t
ex-text;!
Missing character: There is no 。 (U+3002) in font [lmroman10-regular]:mapping=t
ex-text;!
Missing character: There is no 参 (U+53C2) in font [lmroman10-regular]:mapping=t
ex-text;!
Missing character: There is no 数 (U+6570) in font [lmroman10-regular]:mapping=t
ex-text;!
Missing character: There is no 参 (U+53C2) in font [lmroman10-regular]:mapping=t
ex-text;!
Missing character: There is no 数 (U+6570) in font [lmroman10-regular]:mapping=t
ex-text;!
Missing character: There is no 点 (U+70B9) in font [lmroman10-regular]:mapping=t
ex-text;!
Missing character: There is no 动 (U+52A8) in font [lmroman10-regular]:mapping=t
ex-text;!
Missing character: There is no 参 (U+53C2) in font [lmroman10-regular]:mapping=t
ex-text;!
Missing character: There is no 数 (U+6570) in font [lmroman10-regular]:mapping=t
ex-text;!
Missing character: There is no 。 (U+3002) in font [lmroman10-regular]:mapping=t
ex-text;!
Missing character: There is no 请 (U+8BF7) in font [lmroman10-regular]:mapping=t
ex-text;!
Missing character: There is no 求 (U+6C42) in font [lmroman10-regular]:mapping=t
ex-text;!
Missing character: There is no 。 (U+3002) in font [lmroman10-regular]:mapping=t
ex-text;!

Package longtable Warning: Column widths have changed
(longtable)                in table 5.17 on input line 493.

Missing character: There is no 返 (U+8FD4) in font [lmroman10-regular]:mapping=t
ex-text;!
Missing character: There is no 回 (U+56DE) in font [lmroman10-regular]:mapping=t
ex-text;!

Underfull \hbox (badness 10000) detected at line 494
[][][]
 []

Missing character: There is no 包 (U+5305) in font [lmroman10-regular]:mapping=t
ex-text;!
Missing character: There is no 含 (U+542B) in font [lmroman10-regular]:mapping=t
ex-text;!
Missing character: There is no 指 (U+6307) in font [lmroman10-regular]:mapping=t
ex-text;!
Missing character: There is no 令 (U+4EE4) in font [lmroman10-regular]:mapping=t
ex-text;!
Missing character: There is no 执 (U+6267) in font [lmroman10-regular]:mapping=t
ex-text;!
Missing character: There is no 行 (U+884C) in font [lmroman10-regular]:mapping=t
ex-text;!
Missing character: There is no 结 (U+7ED3) in font [lmroman10-regular]:mapping=t
ex-text;!
Missing character: There is no 果 (U+679C) in font [lmroman10-regular]:mapping=t
ex-text;!
Missing character: There is no 的 (U+7684) in font [lmroman10-regular]:mapping=t
ex-text;!
Missing character: There is no 响 (U+54CD) in font [lmroman10-regular]:mapping=t
ex-text;!
Missing character: There is no 应 (U+5E94) in font [lmroman10-regular]:mapping=t
ex-text;!
Missing character: There is no 对 (U+5BF9) in font [lmroman10-regular]:mapping=t
ex-text;!
Missing character: There is no 象 (U+8C61) in font [lmroman10-regular]:mapping=t
ex-text;!
Missing character: There is no 。 (U+3002) in font [lmroman10-regular]:mapping=t
ex-text;!
Missing character: There is no 发 (U+53D1) in font [lmroman10-regular]:mapping=t
ex-text;!
Missing character: There is no 送 (U+9001) in font [lmroman10-regular]:mapping=t
ex-text;!
Missing character: There is no 点 (U+70B9) in font [lmroman10-regular]:mapping=t
ex-text;!
Missing character: There is no 动 (U+52A8) in font [lmroman10-regular]:mapping=t
ex-text;!
Missing character: There is no 操 (U+64CD) in font [lmroman10-regular]:mapping=t
ex-text;!
Missing character: There is no 作 (U+4F5C) in font [lmroman10-regular]:mapping=t
ex-text;!
Missing character: There is no 的 (U+7684) in font [lmroman10-regular]:mapping=t
ex-text;!
Missing character: There is no 心 (U+5FC3) in font [lmroman10-regular]:mapping=t
ex-text;!
Missing character: There is no 跳 (U+8DF3) in font [lmroman10-regular]:mapping=t
ex-text;!
Missing character: There is no 信 (U+4FE1) in font [lmroman10-regular]:mapping=t
ex-text;!
Missing character: There is no 号 (U+53F7) in font [lmroman10-regular]:mapping=t
ex-text;!
Missing character: There is no 至 (U+81F3) in font [lmroman10-regular]:mapping=t
ex-text;!
Missing character: There is no 少 (U+5C11) in font [lmroman10-regular]:mapping=t
ex-text;!
Missing character: There is no 每 (U+6BCF) in font [lmroman10-regular]:mapping=t
ex-text;!
Missing character: There is no 发 (U+53D1) in font [lmroman10-regular]:mapping=t
ex-text;!
Missing character: There is no 送 (U+9001) in font [lmroman10-regular]:mapping=t
ex-text;!
Missing character: There is no 一 (U+4E00) in font [lmroman10-regular]:mapping=t
ex-text;!
Missing character: There is no 次 (U+6B21) in font [lmroman10-regular]:mapping=t
ex-text;!
Missing character: There is no 请 (U+8BF7) in font [lmroman10-regular]:mapping=t
ex-text;!
Missing character: There is no 求 (U+6C42) in font [lmroman10-regular]:mapping=t
ex-text;!
Missing character: There is no 。 (U+3002) in font [lmroman10-regular]:mapping=t
ex-text;!
Missing character: There is no 参 (U+53C2) in font [lmroman10-regular]:mapping=t
ex-text;!
Missing character: There is no 数 (U+6570) in font [lmroman10-regular]:mapping=t
ex-text;!
Missing character: There is no 参 (U+53C2) in font [lmroman10-regular]:mapping=t
ex-text;!
Missing character: There is no 数 (U+6570) in font [lmroman10-regular]:mapping=t
ex-text;!
Missing character: There is no 请 (U+8BF7) in font [lmroman10-regular]:mapping=t
ex-text;!
Missing character: There is no 求 (U+6C42) in font [lmroman10-regular]:mapping=t
ex-text;!
Missing character: There is no 。 (U+3002) in font [lmroman10-regular]:mapping=t
ex-text;!
Missing character: There is no 参 (U+53C2) in font [lmroman10-regular]:mapping=t
ex-text;!
Missing character: There is no 数 (U+6570) in font [lmroman10-regular]:mapping=t
ex-text;!
Missing character: There is no 参 (U+53C2) in font [lmroman10-regular]:mapping=t
ex-text;!
Missing character: There is no 数 (U+6570) in font [lmroman10-regular]:mapping=t
ex-text;!
Missing character: There is no 请 (U+8BF7) in font [lmroman10-regular]:mapping=t
ex-text;!
Missing character: There is no 求 (U+6C42) in font [lmroman10-regular]:mapping=t
ex-text;!
Missing character: There is no 。 (U+3002) in font [lmroman10-regular]:mapping=t
ex-text;!

Package longtable Warning: Column widths have changed
(longtable)                in table 5.18 on input line 511.

Missing character: There is no 类 (U+7C7B) in font [lmroman10-regular]:mapping=t
ex-text;!
Missing character: There is no 说 (U+8BF4) in font [lmroman10-regular]:mapping=t
ex-text;!
Missing character: There is no 明 (U+660E) in font [lmroman10-regular]:mapping=t
ex-text;!
Missing character: There is no 制 (U+5236) in font [lmroman7-regular]:mapping=te
x-text;!
Missing character: There is no 作 (U+4F5C) in font [lmroman7-regular]:mapping=te
x-text;!
Missing character: There is no 者 (U+8005) in font [lmroman7-regular]:mapping=te
x-text;!
[20]
Missing character: There is no 返 (U+8FD4) in font [lmroman10-regular]:mapping=t
ex-text;!
Missing character: There is no 回 (U+56DE) in font [lmroman10-regular]:mapping=t
ex-text;!

Underfull \hbox (badness 10000) detected at line 512
[][][]
 []

Missing character: There is no 包 (U+5305) in font [lmroman10-regular]:mapping=t
ex-text;!
Missing character: There is no 含 (U+542B) in font [lmroman10-regular]:mapping=t
ex-text;!
Missing character: There is no 指 (U+6307) in font [lmroman10-regular]:mapping=t
ex-text;!
Missing character: There is no 令 (U+4EE4) in font [lmroman10-regular]:mapping=t
ex-text;!
Missing character: There is no 执 (U+6267) in font [lmroman10-regular]:mapping=t
ex-text;!
Missing character: There is no 行 (U+884C) in font [lmroman10-regular]:mapping=t
ex-text;!
Missing character: There is no 结 (U+7ED3) in font [lmroman10-regular]:mapping=t
ex-text;!
Missing character: There is no 果 (U+679C) in font [lmroman10-regular]:mapping=t
ex-text;!
Missing character: There is no 的 (U+7684) in font [lmroman10-regular]:mapping=t
ex-text;!
Missing character: There is no 响 (U+54CD) in font [lmroman10-regular]:mapping=t
ex-text;!
Missing character: There is no 应 (U+5E94) in font [lmroman10-regular]:mapping=t
ex-text;!
Missing character: There is no 对 (U+5BF9) in font [lmroman10-regular]:mapping=t
ex-text;!
Missing character: There is no 象 (U+8C61) in font [lmroman10-regular]:mapping=t
ex-text;!
Missing character: There is no 。 (U+3002) in font [lmroman10-regular]:mapping=t
ex-text;!
Missing character: There is no 按 (U+6309) in font [lmroman10-regular]:mapping=t
ex-text;!
Missing character: There is no 圆 (U+5706) in font [lmroman10-regular]:mapping=t
ex-text;!
Missing character: There is no 弧 (U+5F27) in font [lmroman10-regular]:mapping=t
ex-text;!
Missing character: There is no 路 (U+8DEF) in font [lmroman10-regular]:mapping=t
ex-text;!
Missing character: There is no 径 (U+5F84) in font [lmroman10-regular]:mapping=t
ex-text;!
Missing character: There is no 移 (U+79FB) in font [lmroman10-regular]:mapping=t
ex-text;!
Missing character: There is no 动 (U+52A8) in font [lmroman10-regular]:mapping=t
ex-text;!
Missing character: There is no 机 (U+673A) in font [lmroman10-regular]:mapping=t
ex-text;!
Missing character: There is no 器 (U+5668) in font [lmroman10-regular]:mapping=t
ex-text;!
Missing character: There is no 人 (U+4EBA) in font [lmroman10-regular]:mapping=t
ex-text;!
Missing character: There is no 移 (U+79FB) in font [lmroman10-regular]:mapping=t
ex-text;!
Missing character: There is no 动 (U+52A8) in font [lmroman10-regular]:mapping=t
ex-text;!
Missing character: There is no 指 (U+6307) in font [lmroman10-regular]:mapping=t
ex-text;!
Missing character: There is no 令 (U+4EE4) in font [lmroman10-regular]:mapping=t
ex-text;!
Missing character: There is no 。 (U+3002) in font [lmroman10-regular]:mapping=t
ex-text;!
Missing character: There is no 请 (U+8BF7) in font [lmroman10-regular]:mapping=t
ex-text;!
Missing character: There is no 求 (U+6C42) in font [lmroman10-regular]:mapping=t
ex-text;!
Missing character: There is no 。 (U+3002) in font [lmroman10-regular]:mapping=t
ex-text;!
Missing character: There is no 参 (U+53C2) in font [lmroman10-regular]:mapping=t
ex-text;!
Missing character: There is no 数 (U+6570) in font [lmroman10-regular]:mapping=t
ex-text;!
Missing character: There is no 参 (U+53C2) in font [lmroman10-regular]:mapping=t
ex-text;!
Missing character: There is no 数 (U+6570) in font [lmroman10-regular]:mapping=t
ex-text;!
Missing character: There is no 移 (U+79FB) in font [lmroman10-regular]:mapping=t
ex-text;!
Missing character: There is no 动 (U+52A8) in font [lmroman10-regular]:mapping=t
ex-text;!
Missing character: There is no 指 (U+6307) in font [lmroman10-regular]:mapping=t
ex-text;!
Missing character: There is no 令 (U+4EE4) in font [lmroman10-regular]:mapping=t
ex-text;!
Missing character: There is no 。 (U+3002) in font [lmroman10-regular]:mapping=t
ex-text;!
Missing character: There is no 请 (U+8BF7) in font [lmroman10-regular]:mapping=t
ex-text;!
Missing character: There is no 求 (U+6C42) in font [lmroman10-regular]:mapping=t
ex-text;!
Missing character: There is no 。 (U+3002) in font [lmroman10-regular]:mapping=t
ex-text;!
Missing character: There is no 参 (U+53C2) in font [lmroman10-regular]:mapping=t
ex-text;!
Missing character: There is no 数 (U+6570) in font [lmroman10-regular]:mapping=t
ex-text;!
Missing character: There is no 参 (U+53C2) in font [lmroman10-regular]:mapping=t
ex-text;!
Missing character: There is no 数 (U+6570) in font [lmroman10-regular]:mapping=t
ex-text;!
Missing character: There is no 移 (U+79FB) in font [lmroman10-regular]:mapping=t
ex-text;!
Missing character: There is no 动 (U+52A8) in font [lmroman10-regular]:mapping=t
ex-text;!
Missing character: There is no 指 (U+6307) in font [lmroman10-regular]:mapping=t
ex-text;!
Missing character: There is no 令 (U+4EE4) in font [lmroman10-regular]:mapping=t
ex-text;!
Missing character: There is no 。 (U+3002) in font [lmroman10-regular]:mapping=t
ex-text;!
Missing character: There is no 请 (U+8BF7) in font [lmroman10-regular]:mapping=t
ex-text;!
Missing character: There is no 求 (U+6C42) in font [lmroman10-regular]:mapping=t
ex-text;!
Missing character: There is no 。 (U+3002) in font [lmroman10-regular]:mapping=t
ex-text;!

Package longtable Warning: Column widths have changed
(longtable)                in table 5.19 on input line 531.

Missing character: There is no 返 (U+8FD4) in font [lmroman10-regular]:mapping=t
ex-text;!
Missing character: There is no 回 (U+56DE) in font [lmroman10-regular]:mapping=t
ex-text;!

Underfull \hbox (badness 10000) detected at line 532
[][][]
 []

Missing character: There is no 包 (U+5305) in font [lmroman10-regular]:mapping=t
ex-text;!
Missing character: There is no 含 (U+542B) in font [lmroman10-regular]:mapping=t
ex-text;!
Missing character: There is no 指 (U+6307) in font [lmroman10-regular]:mapping=t
ex-text;!
Missing character: There is no 令 (U+4EE4) in font [lmroman10-regular]:mapping=t
ex-text;!
Missing character: There is no 执 (U+6267) in font [lmroman10-regular]:mapping=t
ex-text;!
Missing character: There is no 行 (U+884C) in font [lmroman10-regular]:mapping=t
ex-text;!
Missing character: There is no 结 (U+7ED3) in font [lmroman10-regular]:mapping=t
ex-text;!
Missing character: There is no 果 (U+679C) in font [lmroman10-regular]:mapping=t
ex-text;!
Missing character: There is no 的 (U+7684) in font [lmroman10-regular]:mapping=t
ex-text;!
Missing character: There is no 响 (U+54CD) in font [lmroman10-regular]:mapping=t
ex-text;!
Missing character: There is no 应 (U+5E94) in font [lmroman10-regular]:mapping=t
ex-text;!
Missing character: There is no 对 (U+5BF9) in font [lmroman10-regular]:mapping=t
ex-text;!
Missing character: There is no 象 (U+8C61) in font [lmroman10-regular]:mapping=t
ex-text;!
Missing character: There is no 。 (U+3002) in font [lmroman10-regular]:mapping=t
ex-text;!
Missing character: There is no 按 (U+6309) in font [lmroman10-regular]:mapping=t
ex-text;!
Missing character: There is no 圆 (U+5706) in font [lmroman10-regular]:mapping=t
ex-text;!
Missing character: There is no 弧 (U+5F27) in font [lmroman10-regular]:mapping=t
ex-text;!
Missing character: There is no 路 (U+8DEF) in font [lmroman10-regular]:mapping=t
ex-text;!
Missing character: There is no 径 (U+5F84) in font [lmroman10-regular]:mapping=t
ex-text;!
Missing character: There is no 移 (U+79FB) in font [lmroman10-regular]:mapping=t
ex-text;!
Missing character: There is no 动 (U+52A8) in font [lmroman10-regular]:mapping=t
ex-text;!
Missing character: There is no 机 (U+673A) in font [lmroman10-regular]:mapping=t
ex-text;!
Missing character: There is no 器 (U+5668) in font [lmroman10-regular]:mapping=t
ex-text;!
Missing character: There is no 人 (U+4EBA) in font [lmroman10-regular]:mapping=t
ex-text;!
Missing character: There is no ， (U+FF0C) in font [lmroman10-regular]:mapping=t
ex-text;!
Missing character: There is no 形 (U+5F62) in font [lmroman10-regular]:mapping=t
ex-text;!
Missing character: There is no 成 (U+6210) in font [lmroman10-regular]:mapping=t
ex-text;!
Missing character: There is no 一 (U+4E00) in font [lmroman10-regular]:mapping=t
ex-text;!
Missing character: There is no 个 (U+4E2A) in font [lmroman10-regular]:mapping=t
ex-text;!
Missing character: There is no 完 (U+5B8C) in font [lmroman10-regular]:mapping=t
ex-text;!
Missing character: There is no 整 (U+6574) in font [lmroman10-regular]:mapping=t
ex-text;!
Missing character: There is no 的 (U+7684) in font [lmroman10-regular]:mapping=t
ex-text;!
Missing character: There is no 圆 (U+5706) in font [lmroman10-regular]:mapping=t
ex-text;!
Missing character: There is no 移 (U+79FB) in font [lmroman10-regular]:mapping=t
ex-text;!
Missing character: There is no 动 (U+52A8) in font [lmroman10-regular]:mapping=t
ex-text;!
Missing character: There is no 指 (U+6307) in font [lmroman10-regular]:mapping=t
ex-text;!
Missing character: There is no 令 (U+4EE4) in font [lmroman10-regular]:mapping=t
ex-text;!
Missing character: There is no 。 (U+3002) in font [lmroman10-regular]:mapping=t
ex-text;!
Missing character: There is no 请 (U+8BF7) in font [lmroman10-regular]:mapping=t
ex-text;!
Missing character: There is no 求 (U+6C42) in font [lmroman10-regular]:mapping=t
ex-text;!
Missing character: There is no 。 (U+3002) in font [lmroman10-regular]:mapping=t
ex-text;!
Missing character: There is no 参 (U+53C2) in font [lmroman10-regular]:mapping=t
ex-text;!
Missing character: There is no 数 (U+6570) in font [lmroman10-regular]:mapping=t
ex-text;!
Missing character: There is no 参 (U+53C2) in font [lmroman10-regular]:mapping=t
ex-text;!
Missing character: There is no 数 (U+6570) in font [lmroman10-regular]:mapping=t
ex-text;!
Missing character: There is no 移 (U+79FB) in font [lmroman10-regular]:mapping=t
ex-text;!
Missing character: There is no 动 (U+52A8) in font [lmroman10-regular]:mapping=t
ex-text;!
Missing character: There is no 指 (U+6307) in font [lmroman10-regular]:mapping=t
ex-text;!
Missing character: There is no 令 (U+4EE4) in font [lmroman10-regular]:mapping=t
ex-text;!
Missing character: There is no 。 (U+3002) in font [lmroman10-regular]:mapping=t
ex-text;!
Missing character: There is no 请 (U+8BF7) in font [lmroman10-regular]:mapping=t
ex-text;!
Missing character: There is no 求 (U+6C42) in font [lmroman10-regular]:mapping=t
ex-text;!
Missing character: There is no 。 (U+3002) in font [lmroman10-regular]:mapping=t
ex-text;!
Missing character: There is no 参 (U+53C2) in font [lmroman10-regular]:mapping=t
ex-text;!
Missing character: There is no 数 (U+6570) in font [lmroman10-regular]:mapping=t
ex-text;!
Missing character: There is no 参 (U+53C2) in font [lmroman10-regular]:mapping=t
ex-text;!
Missing character: There is no 数 (U+6570) in font [lmroman10-regular]:mapping=t
ex-text;!
Missing character: There is no 移 (U+79FB) in font [lmroman10-regular]:mapping=t
ex-text;!
Missing character: There is no 动 (U+52A8) in font [lmroman10-regular]:mapping=t
ex-text;!
Missing character: There is no 指 (U+6307) in font [lmroman10-regular]:mapping=t
ex-text;!
Missing character: There is no 令 (U+4EE4) in font [lmroman10-regular]:mapping=t
ex-text;!
Missing character: There is no 。 (U+3002) in font [lmroman10-regular]:mapping=t
ex-text;!
Missing character: There is no 请 (U+8BF7) in font [lmroman10-regular]:mapping=t
ex-text;!
Missing character: There is no 求 (U+6C42) in font [lmroman10-regular]:mapping=t
ex-text;!
Missing character: There is no 。 (U+3002) in font [lmroman10-regular]:mapping=t
ex-text;!

Package longtable Warning: Column widths have changed
(longtable)                in table 5.20 on input line 551.

Missing character: There is no 返 (U+8FD4) in font [lmroman10-regular]:mapping=t
ex-text;!
Missing character: There is no 回 (U+56DE) in font [lmroman10-regular]:mapping=t
ex-text;!

Underfull \hbox (badness 10000) detected at line 552
[][][]
 []

Missing character: There is no 包 (U+5305) in font [lmroman10-regular]:mapping=t
ex-text;!
Missing character: There is no 含 (U+542B) in font [lmroman10-regular]:mapping=t
ex-text;!
Missing character: There is no 指 (U+6307) in font [lmroman10-regular]:mapping=t
ex-text;!
Missing character: There is no 令 (U+4EE4) in font [lmroman10-regular]:mapping=t
ex-text;!
Missing character: There is no 执 (U+6267) in font [lmroman10-regular]:mapping=t
ex-text;!
Missing character: There is no 行 (U+884C) in font [lmroman10-regular]:mapping=t
ex-text;!
Missing character: There is no 结 (U+7ED3) in font [lmroman10-regular]:mapping=t
ex-text;!
Missing character: There is no 果 (U+679C) in font [lmroman10-regular]:mapping=t
ex-text;!
Missing character: There is no 的 (U+7684) in font [lmroman10-regular]:mapping=t
ex-text;!
Missing character: There is no 响 (U+54CD) in font [lmroman10-regular]:mapping=t
ex-text;!
Missing character: There is no 应 (U+5E94) in font [lmroman10-regular]:mapping=t
ex-text;!
Missing character: There is no 对 (U+5BF9) in font [lmroman10-regular]:mapping=t
ex-text;!
Missing character: There is no 象 (U+8C61) in font [lmroman10-regular]:mapping=t
ex-text;!
Missing character: There is no 。 (U+3002) in font [lmroman10-regular]:mapping=t
ex-text;!
Missing character: There is no 按 (U+6309) in font [lmroman10-regular]:mapping=t
ex-text;!
Missing character: There is no 指 (U+6307) in font [lmroman10-regular]:mapping=t
ex-text;!
Missing character: There is no 定 (U+5B9A) in font [lmroman10-regular]:mapping=t
ex-text;!
Missing character: There is no 路 (U+8DEF) in font [lmroman10-regular]:mapping=t
ex-text;!
Missing character: There is no 径 (U+5F84) in font [lmroman10-regular]:mapping=t
ex-text;!
Missing character: There is no 移 (U+79FB) in font [lmroman10-regular]:mapping=t
ex-text;!
Missing character: There is no 动 (U+52A8) in font [lmroman10-regular]:mapping=t
ex-text;!
Missing character: There is no 机 (U+673A) in font [lmroman10-regular]:mapping=t
ex-text;!
Missing character: There is no 器 (U+5668) in font [lmroman10-regular]:mapping=t
ex-text;!
Missing character: There is no 人 (U+4EBA) in font [lmroman10-regular]:mapping=t
ex-text;!
Missing character: There is no 路 (U+8DEF) in font [lmroman10-regular]:mapping=t
ex-text;!
Missing character: There is no 径 (U+5F84) in font [lmroman10-regular]:mapping=t
ex-text;!
Missing character: There is no 。 (U+3002) in font [lmroman10-regular]:mapping=t
ex-text;!
Missing character: There is no 请 (U+8BF7) in font [lmroman10-regular]:mapping=t
ex-text;!
Missing character: There is no 求 (U+6C42) in font [lmroman10-regular]:mapping=t
ex-text;!
Missing character: There is no 。 (U+3002) in font [lmroman10-regular]:mapping=t
ex-text;!
Missing character: There is no 参 (U+53C2) in font [lmroman10-regular]:mapping=t
ex-text;!
Missing character: There is no 数 (U+6570) in font [lmroman10-regular]:mapping=t
ex-text;!
Missing character: There is no 参 (U+53C2) in font [lmroman10-regular]:mapping=t
ex-text;!
Missing character: There is no 数 (U+6570) in font [lmroman10-regular]:mapping=t
ex-text;!
Missing character: There is no 路 (U+8DEF) in font [lmroman10-regular]:mapping=t
ex-text;!
Missing character: There is no 径 (U+5F84) in font [lmroman10-regular]:mapping=t
ex-text;!
Missing character: There is no 。 (U+3002) in font [lmroman10-regular]:mapping=t
ex-text;!
Missing character: There is no 请 (U+8BF7) in font [lmroman10-regular]:mapping=t
ex-text;!
Missing character: There is no 求 (U+6C42) in font [lmroman10-regular]:mapping=t
ex-text;!
Missing character: There is no 。 (U+3002) in font [lmroman10-regular]:mapping=t
ex-text;!
Missing character: There is no 参 (U+53C2) in font [lmroman10-regular]:mapping=t
ex-text;!
Missing character: There is no 数 (U+6570) in font [lmroman10-regular]:mapping=t
ex-text;!
Missing character: There is no 参 (U+53C2) in font [lmroman10-regular]:mapping=t
ex-text;!
Missing character: There is no 数 (U+6570) in font [lmroman10-regular]:mapping=t
ex-text;!
Missing character: There is no 路 (U+8DEF) in font [lmroman10-regular]:mapping=t
ex-text;!
Missing character: There is no 径 (U+5F84) in font [lmroman10-regular]:mapping=t
ex-text;!
Missing character: There is no 。 (U+3002) in font [lmroman10-regular]:mapping=t
ex-text;!
Missing character: There is no 请 (U+8BF7) in font [lmroman10-regular]:mapping=t
ex-text;!
Missing character: There is no 求 (U+6C42) in font [lmroman10-regular]:mapping=t
ex-text;!
Missing character: There is no 。 (U+3002) in font [lmroman10-regular]:mapping=t
ex-text;!
Missing character: There is no 类 (U+7C7B) in font [lmroman10-regular]:mapping=t
ex-text;!
Missing character: There is no 参 (U+53C2) in font [lmroman10-regular]:mapping=t
ex-text;!
Missing character: There is no 考 (U+8003) in font [lmroman10-regular]:mapping=t
ex-text;!
Missing character: There is no 制 (U+5236) in font [lmroman7-regular]:mapping=te
x-text;!
Missing character: There is no 作 (U+4F5C) in font [lmroman7-regular]:mapping=te
x-text;!
Missing character: There is no 者 (U+8005) in font [lmroman7-regular]:mapping=te
x-text;!
[21]

Package longtable Warning: Column widths have changed
(longtable)                in table 5.21 on input line 571.

Missing character: There is no 返 (U+8FD4) in font [lmroman10-regular]:mapping=t
ex-text;!
Missing character: There is no 回 (U+56DE) in font [lmroman10-regular]:mapping=t
ex-text;!

Underfull \hbox (badness 10000) detected at line 572
[][][]
 []

Missing character: There is no 包 (U+5305) in font [lmroman10-regular]:mapping=t
ex-text;!
Missing character: There is no 含 (U+542B) in font [lmroman10-regular]:mapping=t
ex-text;!
Missing character: There is no 指 (U+6307) in font [lmroman10-regular]:mapping=t
ex-text;!
Missing character: There is no 令 (U+4EE4) in font [lmroman10-regular]:mapping=t
ex-text;!
Missing character: There is no 执 (U+6267) in font [lmroman10-regular]:mapping=t
ex-text;!
Missing character: There is no 行 (U+884C) in font [lmroman10-regular]:mapping=t
ex-text;!
Missing character: There is no 结 (U+7ED3) in font [lmroman10-regular]:mapping=t
ex-text;!
Missing character: There is no 果 (U+679C) in font [lmroman10-regular]:mapping=t
ex-text;!
Missing character: There is no 的 (U+7684) in font [lmroman10-regular]:mapping=t
ex-text;!
Missing character: There is no 响 (U+54CD) in font [lmroman10-regular]:mapping=t
ex-text;!
Missing character: There is no 应 (U+5E94) in font [lmroman10-regular]:mapping=t
ex-text;!
Missing character: There is no 对 (U+5BF9) in font [lmroman10-regular]:mapping=t
ex-text;!
Missing character: There is no 象 (U+8C61) in font [lmroman10-regular]:mapping=t
ex-text;!
Missing character: There is no 。 (U+3002) in font [lmroman10-regular]:mapping=t
ex-text;!
Missing character: There is no 将 (U+5C06) in font [lmroman10-regular]:mapping=t
ex-text;!
Missing character: There is no 机 (U+673A) in font [lmroman10-regular]:mapping=t
ex-text;!
Missing character: There is no 器 (U+5668) in font [lmroman10-regular]:mapping=t
ex-text;!
Missing character: There is no 人 (U+4EBA) in font [lmroman10-regular]:mapping=t
ex-text;!
Missing character: There is no 移 (U+79FB) in font [lmroman10-regular]:mapping=t
ex-text;!
Missing character: There is no 动 (U+52A8) in font [lmroman10-regular]:mapping=t
ex-text;!
Missing character: There is no 到 (U+5230) in font [lmroman10-regular]:mapping=t
ex-text;!
Missing character: There is no 特 (U+7279) in font [lmroman10-regular]:mapping=t
ex-text;!
Missing character: There is no 定 (U+5B9A) in font [lmroman10-regular]:mapping=t
ex-text;!
Missing character: There is no 位 (U+4F4D) in font [lmroman10-regular]:mapping=t
ex-text;!
Missing character: There is no 置 (U+7F6E) in font [lmroman10-regular]:mapping=t
ex-text;!
Missing character: There is no 移 (U+79FB) in font [lmroman10-regular]:mapping=t
ex-text;!
Missing character: There is no 动 (U+52A8) in font [lmroman10-regular]:mapping=t
ex-text;!
Missing character: There is no 到 (U+5230) in font [lmroman10-regular]:mapping=t
ex-text;!
Missing character: There is no 参 (U+53C2) in font [lmroman10-regular]:mapping=t
ex-text;!
Missing character: There is no 数 (U+6570) in font [lmroman10-regular]:mapping=t
ex-text;!
Missing character: There is no 。 (U+3002) in font [lmroman10-regular]:mapping=t
ex-text;!
Missing character: There is no 请 (U+8BF7) in font [lmroman10-regular]:mapping=t
ex-text;!
Missing character: There is no 求 (U+6C42) in font [lmroman10-regular]:mapping=t
ex-text;!
Missing character: There is no 。 (U+3002) in font [lmroman10-regular]:mapping=t
ex-text;!
Missing character: There is no 参 (U+53C2) in font [lmroman10-regular]:mapping=t
ex-text;!
Missing character: There is no 数 (U+6570) in font [lmroman10-regular]:mapping=t
ex-text;!
Missing character: There is no 参 (U+53C2) in font [lmroman10-regular]:mapping=t
ex-text;!
Missing character: There is no 数 (U+6570) in font [lmroman10-regular]:mapping=t
ex-text;!
Missing character: There is no 移 (U+79FB) in font [lmroman10-regular]:mapping=t
ex-text;!
Missing character: There is no 动 (U+52A8) in font [lmroman10-regular]:mapping=t
ex-text;!
Missing character: There is no 到 (U+5230) in font [lmroman10-regular]:mapping=t
ex-text;!
Missing character: There is no 参 (U+53C2) in font [lmroman10-regular]:mapping=t
ex-text;!
Missing character: There is no 数 (U+6570) in font [lmroman10-regular]:mapping=t
ex-text;!
Missing character: There is no 。 (U+3002) in font [lmroman10-regular]:mapping=t
ex-text;!
Missing character: There is no 请 (U+8BF7) in font [lmroman10-regular]:mapping=t
ex-text;!
Missing character: There is no 求 (U+6C42) in font [lmroman10-regular]:mapping=t
ex-text;!
Missing character: There is no 。 (U+3002) in font [lmroman10-regular]:mapping=t
ex-text;!
Missing character: There is no 参 (U+53C2) in font [lmroman10-regular]:mapping=t
ex-text;!
Missing character: There is no 数 (U+6570) in font [lmroman10-regular]:mapping=t
ex-text;!
Missing character: There is no 参 (U+53C2) in font [lmroman10-regular]:mapping=t
ex-text;!
Missing character: There is no 数 (U+6570) in font [lmroman10-regular]:mapping=t
ex-text;!
Missing character: There is no 移 (U+79FB) in font [lmroman10-regular]:mapping=t
ex-text;!
Missing character: There is no 动 (U+52A8) in font [lmroman10-regular]:mapping=t
ex-text;!
Missing character: There is no 到 (U+5230) in font [lmroman10-regular]:mapping=t
ex-text;!
Missing character: There is no 参 (U+53C2) in font [lmroman10-regular]:mapping=t
ex-text;!
Missing character: There is no 数 (U+6570) in font [lmroman10-regular]:mapping=t
ex-text;!
Missing character: There is no 。 (U+3002) in font [lmroman10-regular]:mapping=t
ex-text;!
Missing character: There is no 请 (U+8BF7) in font [lmroman10-regular]:mapping=t
ex-text;!
Missing character: There is no 求 (U+6C42) in font [lmroman10-regular]:mapping=t
ex-text;!
Missing character: There is no 。 (U+3002) in font [lmroman10-regular]:mapping=t
ex-text;!

Package longtable Warning: Column widths have changed
(longtable)                in table 5.22 on input line 591.

Missing character: There is no 返 (U+8FD4) in font [lmroman10-regular]:mapping=t
ex-text;!
Missing character: There is no 回 (U+56DE) in font [lmroman10-regular]:mapping=t
ex-text;!

Underfull \hbox (badness 10000) detected at line 592
[][][]
 []

Missing character: There is no 包 (U+5305) in font [lmroman10-regular]:mapping=t
ex-text;!
Missing character: There is no 含 (U+542B) in font [lmroman10-regular]:mapping=t
ex-text;!
Missing character: There is no 指 (U+6307) in font [lmroman10-regular]:mapping=t
ex-text;!
Missing character: There is no 令 (U+4EE4) in font [lmroman10-regular]:mapping=t
ex-text;!
Missing character: There is no 执 (U+6267) in font [lmroman10-regular]:mapping=t
ex-text;!
Missing character: There is no 行 (U+884C) in font [lmroman10-regular]:mapping=t
ex-text;!
Missing character: There is no 结 (U+7ED3) in font [lmroman10-regular]:mapping=t
ex-text;!
Missing character: There is no 果 (U+679C) in font [lmroman10-regular]:mapping=t
ex-text;!
Missing character: There is no 的 (U+7684) in font [lmroman10-regular]:mapping=t
ex-text;!
Missing character: There is no 响 (U+54CD) in font [lmroman10-regular]:mapping=t
ex-text;!
Missing character: There is no 应 (U+5E94) in font [lmroman10-regular]:mapping=t
ex-text;!
Missing character: There is no 对 (U+5BF9) in font [lmroman10-regular]:mapping=t
ex-text;!
Missing character: There is no 象 (U+8C61) in font [lmroman10-regular]:mapping=t
ex-text;!
Missing character: There is no 。 (U+3002) in font [lmroman10-regular]:mapping=t
ex-text;!
Missing character: There is no 发 (U+53D1) in font [lmroman10-regular]:mapping=t
ex-text;!
Missing character: There is no 送 (U+9001) in font [lmroman10-regular]:mapping=t
ex-text;!
Missing character: There is no 操 (U+64CD) in font [lmroman10-regular]:mapping=t
ex-text;!
Missing character: There is no 作 (U+4F5C) in font [lmroman10-regular]:mapping=t
ex-text;!
Missing character: There is no 的 (U+7684) in font [lmroman10-regular]:mapping=t
ex-text;!
Missing character: There is no 心 (U+5FC3) in font [lmroman10-regular]:mapping=t
ex-text;!
Missing character: There is no 跳 (U+8DF3) in font [lmroman10-regular]:mapping=t
ex-text;!
Missing character: There is no 信 (U+4FE1) in font [lmroman10-regular]:mapping=t
ex-text;!
Missing character: There is no 号 (U+53F7) in font [lmroman10-regular]:mapping=t
ex-text;!
Missing character: There is no 至 (U+81F3) in font [lmroman10-regular]:mapping=t
ex-text;!
Missing character: There is no 少 (U+5C11) in font [lmroman10-regular]:mapping=t
ex-text;!
Missing character: There is no 每 (U+6BCF) in font [lmroman10-regular]:mapping=t
ex-text;!
Missing character: There is no 发 (U+53D1) in font [lmroman10-regular]:mapping=t
ex-text;!
Missing character: There is no 送 (U+9001) in font [lmroman10-regular]:mapping=t
ex-text;!
Missing character: There is no 一 (U+4E00) in font [lmroman10-regular]:mapping=t
ex-text;!
Missing character: There is no 次 (U+6B21) in font [lmroman10-regular]:mapping=t
ex-text;!
Missing character: There is no 请 (U+8BF7) in font [lmroman10-regular]:mapping=t
ex-text;!
Missing character: There is no 求 (U+6C42) in font [lmroman10-regular]:mapping=t
ex-text;!
Missing character: There is no 。 (U+3002) in font [lmroman10-regular]:mapping=t
ex-text;!
Missing character: There is no 参 (U+53C2) in font [lmroman10-regular]:mapping=t
ex-text;!
Missing character: There is no 数 (U+6570) in font [lmroman10-regular]:mapping=t
ex-text;!
Missing character: There is no 参 (U+53C2) in font [lmroman10-regular]:mapping=t
ex-text;!
Missing character: There is no 数 (U+6570) in font [lmroman10-regular]:mapping=t
ex-text;!
Missing character: There is no 请 (U+8BF7) in font [lmroman10-regular]:mapping=t
ex-text;!
Missing character: There is no 求 (U+6C42) in font [lmroman10-regular]:mapping=t
ex-text;!
Missing character: There is no 。 (U+3002) in font [lmroman10-regular]:mapping=t
ex-text;!
Missing character: There is no 参 (U+53C2) in font [lmroman10-regular]:mapping=t
ex-text;!
Missing character: There is no 数 (U+6570) in font [lmroman10-regular]:mapping=t
ex-text;!
Missing character: There is no 参 (U+53C2) in font [lmroman10-regular]:mapping=t
ex-text;!
Missing character: There is no 数 (U+6570) in font [lmroman10-regular]:mapping=t
ex-text;!
Missing character: There is no 请 (U+8BF7) in font [lmroman10-regular]:mapping=t
ex-text;!
Missing character: There is no 求 (U+6C42) in font [lmroman10-regular]:mapping=t
ex-text;!
Missing character: There is no 。 (U+3002) in font [lmroman10-regular]:mapping=t
ex-text;!

Package longtable Warning: Column widths have changed
(longtable)                in table 5.23 on input line 609.

Missing character: There is no 返 (U+8FD4) in font [lmroman10-regular]:mapping=t
ex-text;!
Missing character: There is no 回 (U+56DE) in font [lmroman10-regular]:mapping=t
ex-text;!

Underfull \hbox (badness 10000) detected at line 610
[][][]
 []

Missing character: There is no 包 (U+5305) in font [lmroman10-regular]:mapping=t
ex-text;!
Missing character: There is no 含 (U+542B) in font [lmroman10-regular]:mapping=t
ex-text;!
Missing character: There is no 指 (U+6307) in font [lmroman10-regular]:mapping=t
ex-text;!
Missing character: There is no 令 (U+4EE4) in font [lmroman10-regular]:mapping=t
ex-text;!
Missing character: There is no 执 (U+6267) in font [lmroman10-regular]:mapping=t
ex-text;!
Missing character: There is no 行 (U+884C) in font [lmroman10-regular]:mapping=t
ex-text;!
Missing character: There is no 结 (U+7ED3) in font [lmroman10-regular]:mapping=t
ex-text;!
Missing character: There is no 果 (U+679C) in font [lmroman10-regular]:mapping=t
ex-text;!
Missing character: There is no 的 (U+7684) in font [lmroman10-regular]:mapping=t
ex-text;!
Missing character: There is no 响 (U+54CD) in font [lmroman10-regular]:mapping=t
ex-text;!
Missing character: There is no 应 (U+5E94) in font [lmroman10-regular]:mapping=t
ex-text;!
Missing character: There is no 对 (U+5BF9) in font [lmroman10-regular]:mapping=t
ex-text;!
Missing character: There is no 象 (U+8C61) in font [lmroman10-regular]:mapping=t
ex-text;!
Missing character: There is no 。 (U+3002) in font [lmroman10-regular]:mapping=t
ex-text;!
Missing character: There is no 将 (U+5C06) in font [lmroman10-regular]:mapping=t
ex-text;!
Missing character: There is no 机 (U+673A) in font [lmroman10-regular]:mapping=t
ex-text;!
Missing character: There is no 器 (U+5668) in font [lmroman10-regular]:mapping=t
ex-text;!
Missing character: There is no 人 (U+4EBA) in font [lmroman10-regular]:mapping=t
ex-text;!
Missing character: There is no 移 (U+79FB) in font [lmroman10-regular]:mapping=t
ex-text;!
Missing character: There is no 动 (U+52A8) in font [lmroman10-regular]:mapping=t
ex-text;!
Missing character: There is no 到 (U+5230) in font [lmroman10-regular]:mapping=t
ex-text;!
Missing character: There is no 特 (U+7279) in font [lmroman10-regular]:mapping=t
ex-text;!
Missing character: There is no 定 (U+5B9A) in font [lmroman10-regular]:mapping=t
ex-text;!
Missing character: There is no 关 (U+5173) in font [lmroman10-regular]:mapping=t
ex-text;!
Missing character: There is no 节 (U+8282) in font [lmroman10-regular]:mapping=t
ex-text;!
Missing character: There is no 位 (U+4F4D) in font [lmroman10-regular]:mapping=t
ex-text;!
Missing character: There is no 置 (U+7F6E) in font [lmroman10-regular]:mapping=t
ex-text;!
Missing character: There is no 移 (U+79FB) in font [lmroman10-regular]:mapping=t
ex-text;!
Missing character: There is no 动 (U+52A8) in font [lmroman10-regular]:mapping=t
ex-text;!
Missing character: There is no 指 (U+6307) in font [lmroman10-regular]:mapping=t
ex-text;!
Missing character: There is no 令 (U+4EE4) in font [lmroman10-regular]:mapping=t
ex-text;!
Missing character: There is no 。 (U+3002) in font [lmroman10-regular]:mapping=t
ex-text;!
Missing character: There is no 请 (U+8BF7) in font [lmroman10-regular]:mapping=t
ex-text;!
Missing character: There is no 求 (U+6C42) in font [lmroman10-regular]:mapping=t
ex-text;!
Missing character: There is no 。 (U+3002) in font [lmroman10-regular]:mapping=t
ex-text;!
Missing character: There is no 参 (U+53C2) in font [lmroman10-regular]:mapping=t
ex-text;!
Missing character: There is no 数 (U+6570) in font [lmroman10-regular]:mapping=t
ex-text;!
Missing character: There is no 参 (U+53C2) in font [lmroman10-regular]:mapping=t
ex-text;!
Missing character: There is no 数 (U+6570) in font [lmroman10-regular]:mapping=t
ex-text;!
Missing character: There is no 移 (U+79FB) in font [lmroman10-regular]:mapping=t
ex-text;!
Missing character: There is no 动 (U+52A8) in font [lmroman10-regular]:mapping=t
ex-text;!
Missing character: There is no 指 (U+6307) in font [lmroman10-regular]:mapping=t
ex-text;!
Missing character: There is no 令 (U+4EE4) in font [lmroman10-regular]:mapping=t
ex-text;!
Missing character: There is no 。 (U+3002) in font [lmroman10-regular]:mapping=t
ex-text;!
Missing character: There is no 请 (U+8BF7) in font [lmroman10-regular]:mapping=t
ex-text;!
Missing character: There is no 求 (U+6C42) in font [lmroman10-regular]:mapping=t
ex-text;!
Missing character: There is no 。 (U+3002) in font [lmroman10-regular]:mapping=t
ex-text;!
Missing character: There is no 参 (U+53C2) in font [lmroman10-regular]:mapping=t
ex-text;!
Missing character: There is no 数 (U+6570) in font [lmroman10-regular]:mapping=t
ex-text;!
Missing character: There is no 参 (U+53C2) in font [lmroman10-regular]:mapping=t
ex-text;!
Missing character: There is no 数 (U+6570) in font [lmroman10-regular]:mapping=t
ex-text;!
Missing character: There is no 移 (U+79FB) in font [lmroman10-regular]:mapping=t
ex-text;!
Missing character: There is no 动 (U+52A8) in font [lmroman10-regular]:mapping=t
ex-text;!
Missing character: There is no 指 (U+6307) in font [lmroman10-regular]:mapping=t
ex-text;!
Missing character: There is no 令 (U+4EE4) in font [lmroman10-regular]:mapping=t
ex-text;!
Missing character: There is no 。 (U+3002) in font [lmroman10-regular]:mapping=t
ex-text;!
Missing character: There is no 请 (U+8BF7) in font [lmroman10-regular]:mapping=t
ex-text;!
Missing character: There is no 求 (U+6C42) in font [lmroman10-regular]:mapping=t
ex-text;!
Missing character: There is no 。 (U+3002) in font [lmroman10-regular]:mapping=t
ex-text;!
Missing character: There is no 类 (U+7C7B) in font [lmroman10-regular]:mapping=t
ex-text;!
Missing character: There is no 说 (U+8BF4) in font [lmroman10-regular]:mapping=t
ex-text;!
Missing character: There is no 明 (U+660E) in font [lmroman10-regular]:mapping=t
ex-text;!
Missing character: There is no 制 (U+5236) in font [lmroman7-regular]:mapping=te
x-text;!
Missing character: There is no 作 (U+4F5C) in font [lmroman7-regular]:mapping=te
x-text;!
Missing character: There is no 者 (U+8005) in font [lmroman7-regular]:mapping=te
x-text;!
[22]

Package longtable Warning: Column widths have changed
(longtable)                in table 5.24 on input line 629.

Missing character: There is no 返 (U+8FD4) in font [lmroman10-regular]:mapping=t
ex-text;!
Missing character: There is no 回 (U+56DE) in font [lmroman10-regular]:mapping=t
ex-text;!

Underfull \hbox (badness 10000) detected at line 630
[][][]
 []

Missing character: There is no 包 (U+5305) in font [lmroman10-regular]:mapping=t
ex-text;!
Missing character: There is no 含 (U+542B) in font [lmroman10-regular]:mapping=t
ex-text;!
Missing character: There is no 指 (U+6307) in font [lmroman10-regular]:mapping=t
ex-text;!
Missing character: There is no 令 (U+4EE4) in font [lmroman10-regular]:mapping=t
ex-text;!
Missing character: There is no 执 (U+6267) in font [lmroman10-regular]:mapping=t
ex-text;!
Missing character: There is no 行 (U+884C) in font [lmroman10-regular]:mapping=t
ex-text;!
Missing character: There is no 结 (U+7ED3) in font [lmroman10-regular]:mapping=t
ex-text;!
Missing character: There is no 果 (U+679C) in font [lmroman10-regular]:mapping=t
ex-text;!
Missing character: There is no 的 (U+7684) in font [lmroman10-regular]:mapping=t
ex-text;!
Missing character: There is no 响 (U+54CD) in font [lmroman10-regular]:mapping=t
ex-text;!
Missing character: There is no 应 (U+5E94) in font [lmroman10-regular]:mapping=t
ex-text;!
Missing character: There is no 对 (U+5BF9) in font [lmroman10-regular]:mapping=t
ex-text;!
Missing character: There is no 象 (U+8C61) in font [lmroman10-regular]:mapping=t
ex-text;!
Missing character: There is no 。 (U+3002) in font [lmroman10-regular]:mapping=t
ex-text;!
Missing character: There is no 将 (U+5C06) in font [lmroman10-regular]:mapping=t
ex-text;!
Missing character: There is no 机 (U+673A) in font [lmroman10-regular]:mapping=t
ex-text;!
Missing character: There is no 器 (U+5668) in font [lmroman10-regular]:mapping=t
ex-text;!
Missing character: There is no 人 (U+4EBA) in font [lmroman10-regular]:mapping=t
ex-text;!
Missing character: There is no 移 (U+79FB) in font [lmroman10-regular]:mapping=t
ex-text;!
Missing character: There is no 动 (U+52A8) in font [lmroman10-regular]:mapping=t
ex-text;!
Missing character: There is no 到 (U+5230) in font [lmroman10-regular]:mapping=t
ex-text;!
Missing character: There is no 特 (U+7279) in font [lmroman10-regular]:mapping=t
ex-text;!
Missing character: There is no 定 (U+5B9A) in font [lmroman10-regular]:mapping=t
ex-text;!
Missing character: There is no 关 (U+5173) in font [lmroman10-regular]:mapping=t
ex-text;!
Missing character: There is no 节 (U+8282) in font [lmroman10-regular]:mapping=t
ex-text;!
Missing character: There is no 位 (U+4F4D) in font [lmroman10-regular]:mapping=t
ex-text;!
Missing character: There is no 置 (U+7F6E) in font [lmroman10-regular]:mapping=t
ex-text;!
Missing character: There is no 关 (U+5173) in font [lmroman10-regular]:mapping=t
ex-text;!
Missing character: There is no 节 (U+8282) in font [lmroman10-regular]:mapping=t
ex-text;!
Missing character: There is no 位 (U+4F4D) in font [lmroman10-regular]:mapping=t
ex-text;!
Missing character: There is no 置 (U+7F6E) in font [lmroman10-regular]:mapping=t
ex-text;!
Missing character: There is no 。 (U+3002) in font [lmroman10-regular]:mapping=t
ex-text;!
Missing character: There is no 速 (U+901F) in font [lmroman10-regular]:mapping=t
ex-text;!
Missing character: There is no 度 (U+5EA6) in font [lmroman10-regular]:mapping=t
ex-text;!
Missing character: There is no 加 (U+52A0) in font [lmroman10-regular]:mapping=t
ex-text;!
Missing character: There is no 速 (U+901F) in font [lmroman10-regular]:mapping=t
ex-text;!
Missing character: There is no 度 (U+5EA6) in font [lmroman10-regular]:mapping=t
ex-text;!
Missing character: There is no 请 (U+8BF7) in font [lmroman10-regular]:mapping=t
ex-text;!
Missing character: There is no 求 (U+6C42) in font [lmroman10-regular]:mapping=t
ex-text;!
Missing character: There is no 。 (U+3002) in font [lmroman10-regular]:mapping=t
ex-text;!
Missing character: There is no 参 (U+53C2) in font [lmroman10-regular]:mapping=t
ex-text;!
Missing character: There is no 数 (U+6570) in font [lmroman10-regular]:mapping=t
ex-text;!
Missing character: There is no 参 (U+53C2) in font [lmroman10-regular]:mapping=t
ex-text;!
Missing character: There is no 数 (U+6570) in font [lmroman10-regular]:mapping=t
ex-text;!
Missing character: There is no 关 (U+5173) in font [lmroman10-regular]:mapping=t
ex-text;!
Missing character: There is no 节 (U+8282) in font [lmroman10-regular]:mapping=t
ex-text;!
Missing character: There is no 位 (U+4F4D) in font [lmroman10-regular]:mapping=t
ex-text;!
Missing character: There is no 置 (U+7F6E) in font [lmroman10-regular]:mapping=t
ex-text;!
Missing character: There is no 。 (U+3002) in font [lmroman10-regular]:mapping=t
ex-text;!
Missing character: There is no 速 (U+901F) in font [lmroman10-regular]:mapping=t
ex-text;!
Missing character: There is no 度 (U+5EA6) in font [lmroman10-regular]:mapping=t
ex-text;!
Missing character: There is no 加 (U+52A0) in font [lmroman10-regular]:mapping=t
ex-text;!
Missing character: There is no 速 (U+901F) in font [lmroman10-regular]:mapping=t
ex-text;!
Missing character: There is no 度 (U+5EA6) in font [lmroman10-regular]:mapping=t
ex-text;!
Missing character: There is no 请 (U+8BF7) in font [lmroman10-regular]:mapping=t
ex-text;!
Missing character: There is no 求 (U+6C42) in font [lmroman10-regular]:mapping=t
ex-text;!
Missing character: There is no 。 (U+3002) in font [lmroman10-regular]:mapping=t
ex-text;!
Missing character: There is no 参 (U+53C2) in font [lmroman10-regular]:mapping=t
ex-text;!
Missing character: There is no 数 (U+6570) in font [lmroman10-regular]:mapping=t
ex-text;!
Missing character: There is no 参 (U+53C2) in font [lmroman10-regular]:mapping=t
ex-text;!
Missing character: There is no 数 (U+6570) in font [lmroman10-regular]:mapping=t
ex-text;!
Missing character: There is no 关 (U+5173) in font [lmroman10-regular]:mapping=t
ex-text;!
Missing character: There is no 节 (U+8282) in font [lmroman10-regular]:mapping=t
ex-text;!
Missing character: There is no 位 (U+4F4D) in font [lmroman10-regular]:mapping=t
ex-text;!
Missing character: There is no 置 (U+7F6E) in font [lmroman10-regular]:mapping=t
ex-text;!
Missing character: There is no 。 (U+3002) in font [lmroman10-regular]:mapping=t
ex-text;!
Missing character: There is no 速 (U+901F) in font [lmroman10-regular]:mapping=t
ex-text;!
Missing character: There is no 度 (U+5EA6) in font [lmroman10-regular]:mapping=t
ex-text;!
Missing character: There is no 加 (U+52A0) in font [lmroman10-regular]:mapping=t
ex-text;!
Missing character: There is no 速 (U+901F) in font [lmroman10-regular]:mapping=t
ex-text;!
Missing character: There is no 度 (U+5EA6) in font [lmroman10-regular]:mapping=t
ex-text;!
Missing character: There is no 请 (U+8BF7) in font [lmroman10-regular]:mapping=t
ex-text;!
Missing character: There is no 求 (U+6C42) in font [lmroman10-regular]:mapping=t
ex-text;!
Missing character: There is no 。 (U+3002) in font [lmroman10-regular]:mapping=t
ex-text;!

Package longtable Warning: Column widths have changed
(longtable)                in table 5.25 on input line 653.

Missing character: There is no 返 (U+8FD4) in font [lmroman10-regular]:mapping=t
ex-text;!
Missing character: There is no 回 (U+56DE) in font [lmroman10-regular]:mapping=t
ex-text;!

Underfull \hbox (badness 10000) detected at line 654
[][][]
 []

Missing character: There is no 包 (U+5305) in font [lmroman10-regular]:mapping=t
ex-text;!
Missing character: There is no 含 (U+542B) in font [lmroman10-regular]:mapping=t
ex-text;!
Missing character: There is no 指 (U+6307) in font [lmroman10-regular]:mapping=t
ex-text;!
Missing character: There is no 令 (U+4EE4) in font [lmroman10-regular]:mapping=t
ex-text;!
Missing character: There is no 执 (U+6267) in font [lmroman10-regular]:mapping=t
ex-text;!
Missing character: There is no 行 (U+884C) in font [lmroman10-regular]:mapping=t
ex-text;!
Missing character: There is no 结 (U+7ED3) in font [lmroman10-regular]:mapping=t
ex-text;!
Missing character: There is no 果 (U+679C) in font [lmroman10-regular]:mapping=t
ex-text;!
Missing character: There is no 的 (U+7684) in font [lmroman10-regular]:mapping=t
ex-text;!
Missing character: There is no 响 (U+54CD) in font [lmroman10-regular]:mapping=t
ex-text;!
Missing character: There is no 应 (U+5E94) in font [lmroman10-regular]:mapping=t
ex-text;!
Missing character: There is no 对 (U+5BF9) in font [lmroman10-regular]:mapping=t
ex-text;!
Missing character: There is no 象 (U+8C61) in font [lmroman10-regular]:mapping=t
ex-text;!
Missing character: There is no 。 (U+3002) in font [lmroman10-regular]:mapping=t
ex-text;!
Missing character: There is no 按 (U+6309) in font [lmroman10-regular]:mapping=t
ex-text;!
Missing character: There is no 直 (U+76F4) in font [lmroman10-regular]:mapping=t
ex-text;!
Missing character: There is no 线 (U+7EBF) in font [lmroman10-regular]:mapping=t
ex-text;!
Missing character: There is no 路 (U+8DEF) in font [lmroman10-regular]:mapping=t
ex-text;!
Missing character: There is no 径 (U+5F84) in font [lmroman10-regular]:mapping=t
ex-text;!
Missing character: There is no 移 (U+79FB) in font [lmroman10-regular]:mapping=t
ex-text;!
Missing character: There is no 动 (U+52A8) in font [lmroman10-regular]:mapping=t
ex-text;!
Missing character: There is no 机 (U+673A) in font [lmroman10-regular]:mapping=t
ex-text;!
Missing character: There is no 器 (U+5668) in font [lmroman10-regular]:mapping=t
ex-text;!
Missing character: There is no 人 (U+4EBA) in font [lmroman10-regular]:mapping=t
ex-text;!
Missing character: There is no 移 (U+79FB) in font [lmroman10-regular]:mapping=t
ex-text;!
Missing character: There is no 动 (U+52A8) in font [lmroman10-regular]:mapping=t
ex-text;!
Missing character: There is no 指 (U+6307) in font [lmroman10-regular]:mapping=t
ex-text;!
Missing character: There is no 令 (U+4EE4) in font [lmroman10-regular]:mapping=t
ex-text;!
Missing character: There is no 。 (U+3002) in font [lmroman10-regular]:mapping=t
ex-text;!
Missing character: There is no 请 (U+8BF7) in font [lmroman10-regular]:mapping=t
ex-text;!
Missing character: There is no 求 (U+6C42) in font [lmroman10-regular]:mapping=t
ex-text;!
Missing character: There is no 。 (U+3002) in font [lmroman10-regular]:mapping=t
ex-text;!
Missing character: There is no 参 (U+53C2) in font [lmroman10-regular]:mapping=t
ex-text;!
Missing character: There is no 数 (U+6570) in font [lmroman10-regular]:mapping=t
ex-text;!
Missing character: There is no 参 (U+53C2) in font [lmroman10-regular]:mapping=t
ex-text;!
Missing character: There is no 数 (U+6570) in font [lmroman10-regular]:mapping=t
ex-text;!
Missing character: There is no 移 (U+79FB) in font [lmroman10-regular]:mapping=t
ex-text;!
Missing character: There is no 动 (U+52A8) in font [lmroman10-regular]:mapping=t
ex-text;!
Missing character: There is no 指 (U+6307) in font [lmroman10-regular]:mapping=t
ex-text;!
Missing character: There is no 令 (U+4EE4) in font [lmroman10-regular]:mapping=t
ex-text;!
Missing character: There is no 。 (U+3002) in font [lmroman10-regular]:mapping=t
ex-text;!
Missing character: There is no 请 (U+8BF7) in font [lmroman10-regular]:mapping=t
ex-text;!
Missing character: There is no 求 (U+6C42) in font [lmroman10-regular]:mapping=t
ex-text;!
Missing character: There is no 。 (U+3002) in font [lmroman10-regular]:mapping=t
ex-text;!
Missing character: There is no 参 (U+53C2) in font [lmroman10-regular]:mapping=t
ex-text;!
Missing character: There is no 数 (U+6570) in font [lmroman10-regular]:mapping=t
ex-text;!
Missing character: There is no 参 (U+53C2) in font [lmroman10-regular]:mapping=t
ex-text;!
Missing character: There is no 数 (U+6570) in font [lmroman10-regular]:mapping=t
ex-text;!
Missing character: There is no 移 (U+79FB) in font [lmroman10-regular]:mapping=t
ex-text;!
Missing character: There is no 动 (U+52A8) in font [lmroman10-regular]:mapping=t
ex-text;!
Missing character: There is no 指 (U+6307) in font [lmroman10-regular]:mapping=t
ex-text;!
Missing character: There is no 令 (U+4EE4) in font [lmroman10-regular]:mapping=t
ex-text;!
Missing character: There is no 。 (U+3002) in font [lmroman10-regular]:mapping=t
ex-text;!
Missing character: There is no 请 (U+8BF7) in font [lmroman10-regular]:mapping=t
ex-text;!
Missing character: There is no 求 (U+6C42) in font [lmroman10-regular]:mapping=t
ex-text;!
Missing character: There is no 。 (U+3002) in font [lmroman10-regular]:mapping=t
ex-text;!

Package longtable Warning: Column widths have changed
(longtable)                in table 5.26 on input line 673.

Missing character: There is no 类 (U+7C7B) in font [lmroman10-regular]:mapping=t
ex-text;!
Missing character: There is no 参 (U+53C2) in font [lmroman10-regular]:mapping=t
ex-text;!
Missing character: There is no 考 (U+8003) in font [lmroman10-regular]:mapping=t
ex-text;!
Missing character: There is no 制 (U+5236) in font [lmroman7-regular]:mapping=te
x-text;!
Missing character: There is no 作 (U+4F5C) in font [lmroman7-regular]:mapping=te
x-text;!
Missing character: There is no 者 (U+8005) in font [lmroman7-regular]:mapping=te
x-text;!
[23]
Missing character: There is no 返 (U+8FD4) in font [lmroman10-regular]:mapping=t
ex-text;!
Missing character: There is no 回 (U+56DE) in font [lmroman10-regular]:mapping=t
ex-text;!

Underfull \hbox (badness 10000) detected at line 674
[][][]
 []

Missing character: There is no 包 (U+5305) in font [lmroman10-regular]:mapping=t
ex-text;!
Missing character: There is no 含 (U+542B) in font [lmroman10-regular]:mapping=t
ex-text;!
Missing character: There is no 指 (U+6307) in font [lmroman10-regular]:mapping=t
ex-text;!
Missing character: There is no 令 (U+4EE4) in font [lmroman10-regular]:mapping=t
ex-text;!
Missing character: There is no 执 (U+6267) in font [lmroman10-regular]:mapping=t
ex-text;!
Missing character: There is no 行 (U+884C) in font [lmroman10-regular]:mapping=t
ex-text;!
Missing character: There is no 结 (U+7ED3) in font [lmroman10-regular]:mapping=t
ex-text;!
Missing character: There is no 果 (U+679C) in font [lmroman10-regular]:mapping=t
ex-text;!
Missing character: There is no 的 (U+7684) in font [lmroman10-regular]:mapping=t
ex-text;!
Missing character: There is no 响 (U+54CD) in font [lmroman10-regular]:mapping=t
ex-text;!
Missing character: There is no 应 (U+5E94) in font [lmroman10-regular]:mapping=t
ex-text;!
Missing character: There is no 对 (U+5BF9) in font [lmroman10-regular]:mapping=t
ex-text;!
Missing character: There is no 象 (U+8C61) in font [lmroman10-regular]:mapping=t
ex-text;!
Missing character: There is no 。 (U+3002) in font [lmroman10-regular]:mapping=t
ex-text;!
Missing character: There is no 按 (U+6309) in font [lmroman10-regular]:mapping=t
ex-text;!
Missing character: There is no 直 (U+76F4) in font [lmroman10-regular]:mapping=t
ex-text;!
Missing character: There is no 线 (U+7EBF) in font [lmroman10-regular]:mapping=t
ex-text;!
Missing character: There is no 路 (U+8DEF) in font [lmroman10-regular]:mapping=t
ex-text;!
Missing character: There is no 径 (U+5F84) in font [lmroman10-regular]:mapping=t
ex-text;!
Missing character: There is no 移 (U+79FB) in font [lmroman10-regular]:mapping=t
ex-text;!
Missing character: There is no 动 (U+52A8) in font [lmroman10-regular]:mapping=t
ex-text;!
Missing character: There is no 机 (U+673A) in font [lmroman10-regular]:mapping=t
ex-text;!
Missing character: There is no 器 (U+5668) in font [lmroman10-regular]:mapping=t
ex-text;!
Missing character: There is no 人 (U+4EBA) in font [lmroman10-regular]:mapping=t
ex-text;!
Missing character: There is no 笛 (U+7B1B) in font [lmroman10-regular]:mapping=t
ex-text;!
Missing character: There is no 卡 (U+5361) in font [lmroman10-regular]:mapping=t
ex-text;!
Missing character: There is no 尔 (U+5C14) in font [lmroman10-regular]:mapping=t
ex-text;!
Missing character: There is no 位 (U+4F4D) in font [lmroman10-regular]:mapping=t
ex-text;!
Missing character: There is no 置 (U+7F6E) in font [lmroman10-regular]:mapping=t
ex-text;!
Missing character: There is no 。 (U+3002) in font [lmroman10-regular]:mapping=t
ex-text;!
Missing character: There is no 速 (U+901F) in font [lmroman10-regular]:mapping=t
ex-text;!
Missing character: There is no 度 (U+5EA6) in font [lmroman10-regular]:mapping=t
ex-text;!
Missing character: There is no 加 (U+52A0) in font [lmroman10-regular]:mapping=t
ex-text;!
Missing character: There is no 速 (U+901F) in font [lmroman10-regular]:mapping=t
ex-text;!
Missing character: There is no 度 (U+5EA6) in font [lmroman10-regular]:mapping=t
ex-text;!
Missing character: There is no 目 (U+76EE) in font [lmroman10-regular]:mapping=t
ex-text;!
Missing character: There is no 标 (U+6807) in font [lmroman10-regular]:mapping=t
ex-text;!
Missing character: There is no 点 (U+70B9) in font [lmroman10-regular]:mapping=t
ex-text;!
Missing character: There is no 的 (U+7684) in font [lmroman10-regular]:mapping=t
ex-text;!
Missing character: There is no 可 (U+53EF) in font [lmroman10-regular]:mapping=t
ex-text;!
Missing character: There is no 选 (U+9009) in font [lmroman10-regular]:mapping=t
ex-text;!
Missing character: There is no 坐 (U+5750) in font [lmroman10-regular]:mapping=t
ex-text;!
Missing character: There is no 标 (U+6807) in font [lmroman10-regular]:mapping=t
ex-text;!
Missing character: There is no 系 (U+7CFB) in font [lmroman10-regular]:mapping=t
ex-text;!
Missing character: There is no ， (U+FF0C) in font [lmroman10-regular]:mapping=t
ex-text;!
Missing character: There is no 默 (U+9ED8) in font [lmroman10-regular]:mapping=t
ex-text;!
Missing character: There is no 认 (U+8BA4) in font [lmroman10-regular]:mapping=t
ex-text;!
Missing character: There is no 是 (U+662F) in font [lmroman10-regular]:mapping=t
ex-text;!
Missing character: There is no 世 (U+4E16) in font [lmroman10-regular]:mapping=t
ex-text;!
Missing character: There is no 界 (U+754C) in font [lmroman10-regular]:mapping=t
ex-text;!
Missing character: There is no 坐 (U+5750) in font [lmroman10-regular]:mapping=t
ex-text;!
Missing character: There is no 标 (U+6807) in font [lmroman10-regular]:mapping=t
ex-text;!
Missing character: There is no 系 (U+7CFB) in font [lmroman10-regular]:mapping=t
ex-text;!
Missing character: There is no 。 (U+3002) in font [lmroman10-regular]:mapping=t
ex-text;!
Missing character: There is no 目 (U+76EE) in font [lmroman10-regular]:mapping=t
ex-text;!
Missing character: There is no 标 (U+6807) in font [lmroman10-regular]:mapping=t
ex-text;!
Missing character: There is no 点 (U+70B9) in font [lmroman10-regular]:mapping=t
ex-text;!
Missing character: There is no 的 (U+7684) in font [lmroman10-regular]:mapping=t
ex-text;!
Missing character: There is no 可 (U+53EF) in font [lmroman10-regular]:mapping=t
ex-text;!
Missing character: There is no 选 (U+9009) in font [lmroman10-regular]:mapping=t
ex-text;!
Missing character: There is no 工 (U+5DE5) in font [lmroman10-regular]:mapping=t
ex-text;!
Missing character: There is no 具 (U+5177) in font [lmroman10-regular]:mapping=t
ex-text;!
Missing character: There is no 坐 (U+5750) in font [lmroman10-regular]:mapping=t
ex-text;!
Missing character: There is no 标 (U+6807) in font [lmroman10-regular]:mapping=t
ex-text;!
Missing character: There is no 系 (U+7CFB) in font [lmroman10-regular]:mapping=t
ex-text;!
Missing character: There is no 。 (U+3002) in font [lmroman10-regular]:mapping=t
ex-text;!
Missing character: There is no 请 (U+8BF7) in font [lmroman10-regular]:mapping=t
ex-text;!
Missing character: There is no 求 (U+6C42) in font [lmroman10-regular]:mapping=t
ex-text;!
Missing character: There is no 。 (U+3002) in font [lmroman10-regular]:mapping=t
ex-text;!
Missing character: There is no 参 (U+53C2) in font [lmroman10-regular]:mapping=t
ex-text;!
Missing character: There is no 数 (U+6570) in font [lmroman10-regular]:mapping=t
ex-text;!
Missing character: There is no 参 (U+53C2) in font [lmroman10-regular]:mapping=t
ex-text;!
Missing character: There is no 数 (U+6570) in font [lmroman10-regular]:mapping=t
ex-text;!
Missing character: There is no 笛 (U+7B1B) in font [lmroman10-regular]:mapping=t
ex-text;!
Missing character: There is no 卡 (U+5361) in font [lmroman10-regular]:mapping=t
ex-text;!
Missing character: There is no 尔 (U+5C14) in font [lmroman10-regular]:mapping=t
ex-text;!
Missing character: There is no 位 (U+4F4D) in font [lmroman10-regular]:mapping=t
ex-text;!
Missing character: There is no 置 (U+7F6E) in font [lmroman10-regular]:mapping=t
ex-text;!
Missing character: There is no 。 (U+3002) in font [lmroman10-regular]:mapping=t
ex-text;!
Missing character: There is no 速 (U+901F) in font [lmroman10-regular]:mapping=t
ex-text;!
Missing character: There is no 度 (U+5EA6) in font [lmroman10-regular]:mapping=t
ex-text;!
Missing character: There is no 加 (U+52A0) in font [lmroman10-regular]:mapping=t
ex-text;!
Missing character: There is no 速 (U+901F) in font [lmroman10-regular]:mapping=t
ex-text;!
Missing character: There is no 度 (U+5EA6) in font [lmroman10-regular]:mapping=t
ex-text;!
Missing character: There is no 目 (U+76EE) in font [lmroman10-regular]:mapping=t
ex-text;!
Missing character: There is no 标 (U+6807) in font [lmroman10-regular]:mapping=t
ex-text;!
Missing character: There is no 点 (U+70B9) in font [lmroman10-regular]:mapping=t
ex-text;!
Missing character: There is no 的 (U+7684) in font [lmroman10-regular]:mapping=t
ex-text;!
Missing character: There is no 可 (U+53EF) in font [lmroman10-regular]:mapping=t
ex-text;!
Missing character: There is no 选 (U+9009) in font [lmroman10-regular]:mapping=t
ex-text;!
Missing character: There is no 坐 (U+5750) in font [lmroman10-regular]:mapping=t
ex-text;!
Missing character: There is no 标 (U+6807) in font [lmroman10-regular]:mapping=t
ex-text;!
Missing character: There is no 系 (U+7CFB) in font [lmroman10-regular]:mapping=t
ex-text;!
Missing character: There is no ， (U+FF0C) in font [lmroman10-regular]:mapping=t
ex-text;!
Missing character: There is no 默 (U+9ED8) in font [lmroman10-regular]:mapping=t
ex-text;!
Missing character: There is no 认 (U+8BA4) in font [lmroman10-regular]:mapping=t
ex-text;!
Missing character: There is no 是 (U+662F) in font [lmroman10-regular]:mapping=t
ex-text;!
Missing character: There is no 世 (U+4E16) in font [lmroman10-regular]:mapping=t
ex-text;!
Missing character: There is no 界 (U+754C) in font [lmroman10-regular]:mapping=t
ex-text;!
Missing character: There is no 坐 (U+5750) in font [lmroman10-regular]:mapping=t
ex-text;!
Missing character: There is no 标 (U+6807) in font [lmroman10-regular]:mapping=t
ex-text;!
Missing character: There is no 系 (U+7CFB) in font [lmroman10-regular]:mapping=t
ex-text;!
Missing character: There is no 。 (U+3002) in font [lmroman10-regular]:mapping=t
ex-text;!
Missing character: There is no 目 (U+76EE) in font [lmroman10-regular]:mapping=t
ex-text;!
Missing character: There is no 标 (U+6807) in font [lmroman10-regular]:mapping=t
ex-text;!
Missing character: There is no 点 (U+70B9) in font [lmroman10-regular]:mapping=t
ex-text;!
Missing character: There is no 的 (U+7684) in font [lmroman10-regular]:mapping=t
ex-text;!
Missing character: There is no 可 (U+53EF) in font [lmroman10-regular]:mapping=t
ex-text;!
Missing character: There is no 选 (U+9009) in font [lmroman10-regular]:mapping=t
ex-text;!
Missing character: There is no 工 (U+5DE5) in font [lmroman10-regular]:mapping=t
ex-text;!
Missing character: There is no 具 (U+5177) in font [lmroman10-regular]:mapping=t
ex-text;!
Missing character: There is no 坐 (U+5750) in font [lmroman10-regular]:mapping=t
ex-text;!
Missing character: There is no 标 (U+6807) in font [lmroman10-regular]:mapping=t
ex-text;!
Missing character: There is no 系 (U+7CFB) in font [lmroman10-regular]:mapping=t
ex-text;!
Missing character: There is no 。 (U+3002) in font [lmroman10-regular]:mapping=t
ex-text;!
Missing character: There is no 请 (U+8BF7) in font [lmroman10-regular]:mapping=t
ex-text;!
Missing character: There is no 求 (U+6C42) in font [lmroman10-regular]:mapping=t
ex-text;!
Missing character: There is no 。 (U+3002) in font [lmroman10-regular]:mapping=t
ex-text;!
Missing character: There is no 参 (U+53C2) in font [lmroman10-regular]:mapping=t
ex-text;!
Missing character: There is no 数 (U+6570) in font [lmroman10-regular]:mapping=t
ex-text;!
Missing character: There is no 参 (U+53C2) in font [lmroman10-regular]:mapping=t
ex-text;!
Missing character: There is no 数 (U+6570) in font [lmroman10-regular]:mapping=t
ex-text;!
Missing character: There is no 笛 (U+7B1B) in font [lmroman10-regular]:mapping=t
ex-text;!
Missing character: There is no 卡 (U+5361) in font [lmroman10-regular]:mapping=t
ex-text;!
Missing character: There is no 尔 (U+5C14) in font [lmroman10-regular]:mapping=t
ex-text;!
Missing character: There is no 位 (U+4F4D) in font [lmroman10-regular]:mapping=t
ex-text;!
Missing character: There is no 置 (U+7F6E) in font [lmroman10-regular]:mapping=t
ex-text;!
Missing character: There is no 。 (U+3002) in font [lmroman10-regular]:mapping=t
ex-text;!
Missing character: There is no 速 (U+901F) in font [lmroman10-regular]:mapping=t
ex-text;!
Missing character: There is no 度 (U+5EA6) in font [lmroman10-regular]:mapping=t
ex-text;!
Missing character: There is no 加 (U+52A0) in font [lmroman10-regular]:mapping=t
ex-text;!
Missing character: There is no 速 (U+901F) in font [lmroman10-regular]:mapping=t
ex-text;!
Missing character: There is no 度 (U+5EA6) in font [lmroman10-regular]:mapping=t
ex-text;!
Missing character: There is no 目 (U+76EE) in font [lmroman10-regular]:mapping=t
ex-text;!
Missing character: There is no 标 (U+6807) in font [lmroman10-regular]:mapping=t
ex-text;!
Missing character: There is no 点 (U+70B9) in font [lmroman10-regular]:mapping=t
ex-text;!
Missing character: There is no 的 (U+7684) in font [lmroman10-regular]:mapping=t
ex-text;!
Missing character: There is no 可 (U+53EF) in font [lmroman10-regular]:mapping=t
ex-text;!
Missing character: There is no 选 (U+9009) in font [lmroman10-regular]:mapping=t
ex-text;!
Missing character: There is no 坐 (U+5750) in font [lmroman10-regular]:mapping=t
ex-text;!
Missing character: There is no 标 (U+6807) in font [lmroman10-regular]:mapping=t
ex-text;!
Missing character: There is no 系 (U+7CFB) in font [lmroman10-regular]:mapping=t
ex-text;!
Missing character: There is no ， (U+FF0C) in font [lmroman10-regular]:mapping=t
ex-text;!
Missing character: There is no 默 (U+9ED8) in font [lmroman10-regular]:mapping=t
ex-text;!
Missing character: There is no 认 (U+8BA4) in font [lmroman10-regular]:mapping=t
ex-text;!
Missing character: There is no 是 (U+662F) in font [lmroman10-regular]:mapping=t
ex-text;!
Missing character: There is no 世 (U+4E16) in font [lmroman10-regular]:mapping=t
ex-text;!
Missing character: There is no 界 (U+754C) in font [lmroman10-regular]:mapping=t
ex-text;!
Missing character: There is no 坐 (U+5750) in font [lmroman10-regular]:mapping=t
ex-text;!
Missing character: There is no 标 (U+6807) in font [lmroman10-regular]:mapping=t
ex-text;!
Missing character: There is no 系 (U+7CFB) in font [lmroman10-regular]:mapping=t
ex-text;!
Missing character: There is no 。 (U+3002) in font [lmroman10-regular]:mapping=t
ex-text;!
Missing character: There is no 目 (U+76EE) in font [lmroman10-regular]:mapping=t
ex-text;!
Missing character: There is no 标 (U+6807) in font [lmroman10-regular]:mapping=t
ex-text;!
Missing character: There is no 点 (U+70B9) in font [lmroman10-regular]:mapping=t
ex-text;!
Missing character: There is no 的 (U+7684) in font [lmroman10-regular]:mapping=t
ex-text;!
Missing character: There is no 可 (U+53EF) in font [lmroman10-regular]:mapping=t
ex-text;!
Missing character: There is no 选 (U+9009) in font [lmroman10-regular]:mapping=t
ex-text;!
Missing character: There is no 工 (U+5DE5) in font [lmroman10-regular]:mapping=t
ex-text;!
Missing character: There is no 具 (U+5177) in font [lmroman10-regular]:mapping=t
ex-text;!
Missing character: There is no 坐 (U+5750) in font [lmroman10-regular]:mapping=t
ex-text;!
Missing character: There is no 标 (U+6807) in font [lmroman10-regular]:mapping=t
ex-text;!
Missing character: There is no 系 (U+7CFB) in font [lmroman10-regular]:mapping=t
ex-text;!
Missing character: There is no 。 (U+3002) in font [lmroman10-regular]:mapping=t
ex-text;!
Missing character: There is no 请 (U+8BF7) in font [lmroman10-regular]:mapping=t
ex-text;!
Missing character: There is no 求 (U+6C42) in font [lmroman10-regular]:mapping=t
ex-text;!
Missing character: There is no 。 (U+3002) in font [lmroman10-regular]:mapping=t
ex-text;!

Package longtable Warning: Column widths have changed
(longtable)                in table 5.27 on input line 701.

Missing character: There is no 返 (U+8FD4) in font [lmroman10-regular]:mapping=t
ex-text;!
Missing character: There is no 回 (U+56DE) in font [lmroman10-regular]:mapping=t
ex-text;!

Underfull \hbox (badness 10000) detected at line 702
[][][]
 []

Missing character: There is no 包 (U+5305) in font [lmroman10-regular]:mapping=t
ex-text;!
Missing character: There is no 含 (U+542B) in font [lmroman10-regular]:mapping=t
ex-text;!
Missing character: There is no 指 (U+6307) in font [lmroman10-regular]:mapping=t
ex-text;!
Missing character: There is no 令 (U+4EE4) in font [lmroman10-regular]:mapping=t
ex-text;!
Missing character: There is no 执 (U+6267) in font [lmroman10-regular]:mapping=t
ex-text;!
Missing character: There is no 行 (U+884C) in font [lmroman10-regular]:mapping=t
ex-text;!
Missing character: There is no 结 (U+7ED3) in font [lmroman10-regular]:mapping=t
ex-text;!
Missing character: There is no 果 (U+679C) in font [lmroman10-regular]:mapping=t
ex-text;!
Missing character: There is no 的 (U+7684) in font [lmroman10-regular]:mapping=t
ex-text;!
Missing character: There is no 响 (U+54CD) in font [lmroman10-regular]:mapping=t
ex-text;!
Missing character: There is no 应 (U+5E94) in font [lmroman10-regular]:mapping=t
ex-text;!
Missing character: There is no 对 (U+5BF9) in font [lmroman10-regular]:mapping=t
ex-text;!
Missing character: There is no 象 (U+8C61) in font [lmroman10-regular]:mapping=t
ex-text;!
Missing character: There is no 。 (U+3002) in font [lmroman10-regular]:mapping=t
ex-text;!
Missing character: There is no 暂 (U+6682) in font [lmroman10-regular]:mapping=t
ex-text;!
Missing character: There is no 停 (U+505C) in font [lmroman10-regular]:mapping=t
ex-text;!
Missing character: There is no 机 (U+673A) in font [lmroman10-regular]:mapping=t
ex-text;!
Missing character: There is no 器 (U+5668) in font [lmroman10-regular]:mapping=t
ex-text;!
Missing character: There is no 人 (U+4EBA) in font [lmroman10-regular]:mapping=t
ex-text;!
Missing character: There is no 当 (U+5F53) in font [lmroman10-regular]:mapping=t
ex-text;!
Missing character: There is no 前 (U+524D) in font [lmroman10-regular]:mapping=t
ex-text;!
Missing character: There is no 的 (U+7684) in font [lmroman10-regular]:mapping=t
ex-text;!
Missing character: There is no 运 (U+8FD0) in font [lmroman10-regular]:mapping=t
ex-text;!
Missing character: There is no 动 (U+52A8) in font [lmroman10-regular]:mapping=t
ex-text;!
Missing character: There is no 请 (U+8BF7) in font [lmroman10-regular]:mapping=t
ex-text;!
Missing character: There is no 求 (U+6C42) in font [lmroman10-regular]:mapping=t
ex-text;!
Missing character: There is no 。 (U+3002) in font [lmroman10-regular]:mapping=t
ex-text;!
Missing character: There is no 参 (U+53C2) in font [lmroman10-regular]:mapping=t
ex-text;!
Missing character: There is no 数 (U+6570) in font [lmroman10-regular]:mapping=t
ex-text;!
Missing character: There is no 参 (U+53C2) in font [lmroman10-regular]:mapping=t
ex-text;!
Missing character: There is no 数 (U+6570) in font [lmroman10-regular]:mapping=t
ex-text;!
Missing character: There is no 请 (U+8BF7) in font [lmroman10-regular]:mapping=t
ex-text;!
Missing character: There is no 求 (U+6C42) in font [lmroman10-regular]:mapping=t
ex-text;!
Missing character: There is no 。 (U+3002) in font [lmroman10-regular]:mapping=t
ex-text;!
Missing character: There is no 参 (U+53C2) in font [lmroman10-regular]:mapping=t
ex-text;!
Missing character: There is no 数 (U+6570) in font [lmroman10-regular]:mapping=t
ex-text;!
Missing character: There is no 参 (U+53C2) in font [lmroman10-regular]:mapping=t
ex-text;!
Missing character: There is no 数 (U+6570) in font [lmroman10-regular]:mapping=t
ex-text;!
Missing character: There is no 请 (U+8BF7) in font [lmroman10-regular]:mapping=t
ex-text;!
Missing character: There is no 求 (U+6C42) in font [lmroman10-regular]:mapping=t
ex-text;!
Missing character: There is no 。 (U+3002) in font [lmroman10-regular]:mapping=t
ex-text;!

Package longtable Warning: Column widths have changed
(longtable)                in table 5.28 on input line 719.

Missing character: There is no 返 (U+8FD4) in font [lmroman10-regular]:mapping=t
ex-text;!
Missing character: There is no 回 (U+56DE) in font [lmroman10-regular]:mapping=t
ex-text;!

Underfull \hbox (badness 10000) detected at line 720
[][][]
 []

Missing character: There is no 包 (U+5305) in font [lmroman10-regular]:mapping=t
ex-text;!
Missing character: There is no 含 (U+542B) in font [lmroman10-regular]:mapping=t
ex-text;!
Missing character: There is no 指 (U+6307) in font [lmroman10-regular]:mapping=t
ex-text;!
Missing character: There is no 令 (U+4EE4) in font [lmroman10-regular]:mapping=t
ex-text;!
Missing character: There is no 执 (U+6267) in font [lmroman10-regular]:mapping=t
ex-text;!
Missing character: There is no 行 (U+884C) in font [lmroman10-regular]:mapping=t
ex-text;!
Missing character: There is no 结 (U+7ED3) in font [lmroman10-regular]:mapping=t
ex-text;!
Missing character: There is no 果 (U+679C) in font [lmroman10-regular]:mapping=t
ex-text;!
Missing character: There is no 的 (U+7684) in font [lmroman10-regular]:mapping=t
ex-text;!
Missing character: There is no 响 (U+54CD) in font [lmroman10-regular]:mapping=t
ex-text;!
Missing character: There is no 应 (U+5E94) in font [lmroman10-regular]:mapping=t
ex-text;!
Missing character: There is no 对 (U+5BF9) in font [lmroman10-regular]:mapping=t
ex-text;!
Missing character: There is no 象 (U+8C61) in font [lmroman10-regular]:mapping=t
ex-text;!
Missing character: There is no 。 (U+3002) in font [lmroman10-regular]:mapping=t
ex-text;!
Missing character: There is no 暂 (U+6682) in font [lmroman10-regular]:mapping=t
ex-text;!
Missing character: There is no 停 (U+505C) in font [lmroman10-regular]:mapping=t
ex-text;!
Missing character: There is no 机 (U+673A) in font [lmroman10-regular]:mapping=t
ex-text;!
Missing character: There is no 器 (U+5668) in font [lmroman10-regular]:mapping=t
ex-text;!
Missing character: There is no 人 (U+4EBA) in font [lmroman10-regular]:mapping=t
ex-text;!
Missing character: There is no 上 (U+4E0A) in font [lmroman10-regular]:mapping=t
ex-text;!
Missing character: There is no 正 (U+6B63) in font [lmroman10-regular]:mapping=t
ex-text;!
Missing character: There is no 在 (U+5728) in font [lmroman10-regular]:mapping=t
ex-text;!
Missing character: There is no 运 (U+8FD0) in font [lmroman10-regular]:mapping=t
ex-text;!
Missing character: There is no 行 (U+884C) in font [lmroman10-regular]:mapping=t
ex-text;!
Missing character: There is no 的 (U+7684) in font [lmroman10-regular]:mapping=t
ex-text;!
Missing character: There is no 工 (U+5DE5) in font [lmroman10-regular]:mapping=t
ex-text;!
Missing character: There is no 程 (U+7A0B) in font [lmroman10-regular]:mapping=t
ex-text;!
Missing character: There is no 请 (U+8BF7) in font [lmroman10-regular]:mapping=t
ex-text;!
Missing character: There is no 求 (U+6C42) in font [lmroman10-regular]:mapping=t
ex-text;!
Missing character: There is no 。 (U+3002) in font [lmroman10-regular]:mapping=t
ex-text;!
Missing character: There is no 参 (U+53C2) in font [lmroman10-regular]:mapping=t
ex-text;!
Missing character: There is no 数 (U+6570) in font [lmroman10-regular]:mapping=t
ex-text;!
Missing character: There is no 参 (U+53C2) in font [lmroman10-regular]:mapping=t
ex-text;!
Missing character: There is no 数 (U+6570) in font [lmroman10-regular]:mapping=t
ex-text;!
Missing character: There is no 请 (U+8BF7) in font [lmroman10-regular]:mapping=t
ex-text;!
Missing character: There is no 求 (U+6C42) in font [lmroman10-regular]:mapping=t
ex-text;!
Missing character: There is no 。 (U+3002) in font [lmroman10-regular]:mapping=t
ex-text;!
Missing character: There is no 参 (U+53C2) in font [lmroman10-regular]:mapping=t
ex-text;!
Missing character: There is no 数 (U+6570) in font [lmroman10-regular]:mapping=t
ex-text;!
Missing character: There is no 参 (U+53C2) in font [lmroman10-regular]:mapping=t
ex-text;!
Missing character: There is no 数 (U+6570) in font [lmroman10-regular]:mapping=t
ex-text;!
Missing character: There is no 请 (U+8BF7) in font [lmroman10-regular]:mapping=t
ex-text;!
Missing character: There is no 求 (U+6C42) in font [lmroman10-regular]:mapping=t
ex-text;!
Missing character: There is no 。 (U+3002) in font [lmroman10-regular]:mapping=t
ex-text;!
Missing character: There is no 类 (U+7C7B) in font [lmroman10-regular]:mapping=t
ex-text;!
Missing character: There is no 说 (U+8BF4) in font [lmroman10-regular]:mapping=t
ex-text;!
Missing character: There is no 明 (U+660E) in font [lmroman10-regular]:mapping=t
ex-text;!
Missing character: There is no 制 (U+5236) in font [lmroman7-regular]:mapping=te
x-text;!
Missing character: There is no 作 (U+4F5C) in font [lmroman7-regular]:mapping=te
x-text;!
Missing character: There is no 者 (U+8005) in font [lmroman7-regular]:mapping=te
x-text;!
[24]

Package longtable Warning: Column widths have changed
(longtable)                in table 5.29 on input line 737.

Missing character: There is no 返 (U+8FD4) in font [lmroman10-regular]:mapping=t
ex-text;!
Missing character: There is no 回 (U+56DE) in font [lmroman10-regular]:mapping=t
ex-text;!

Underfull \hbox (badness 10000) detected at line 738
[][][]
 []

Missing character: There is no 包 (U+5305) in font [lmroman10-regular]:mapping=t
ex-text;!
Missing character: There is no 含 (U+542B) in font [lmroman10-regular]:mapping=t
ex-text;!
Missing character: There is no 指 (U+6307) in font [lmroman10-regular]:mapping=t
ex-text;!
Missing character: There is no 令 (U+4EE4) in font [lmroman10-regular]:mapping=t
ex-text;!
Missing character: There is no 执 (U+6267) in font [lmroman10-regular]:mapping=t
ex-text;!
Missing character: There is no 行 (U+884C) in font [lmroman10-regular]:mapping=t
ex-text;!
Missing character: There is no 结 (U+7ED3) in font [lmroman10-regular]:mapping=t
ex-text;!
Missing character: There is no 果 (U+679C) in font [lmroman10-regular]:mapping=t
ex-text;!
Missing character: There is no 的 (U+7684) in font [lmroman10-regular]:mapping=t
ex-text;!
Missing character: There is no 响 (U+54CD) in font [lmroman10-regular]:mapping=t
ex-text;!
Missing character: There is no 应 (U+5E94) in font [lmroman10-regular]:mapping=t
ex-text;!
Missing character: There is no 对 (U+5BF9) in font [lmroman10-regular]:mapping=t
ex-text;!
Missing character: There is no 象 (U+8C61) in font [lmroman10-regular]:mapping=t
ex-text;!
Missing character: There is no 。 (U+3002) in font [lmroman10-regular]:mapping=t
ex-text;!
Missing character: There is no 打 (U+6253) in font [lmroman10-regular]:mapping=t
ex-text;!
Missing character: There is no 印 (U+5370) in font [lmroman10-regular]:mapping=t
ex-text;!
Missing character: There is no 指 (U+6307) in font [lmroman10-regular]:mapping=t
ex-text;!
Missing character: There is no 令 (U+4EE4) in font [lmroman10-regular]:mapping=t
ex-text;!
Missing character: There is no 的 (U+7684) in font [lmroman10-regular]:mapping=t
ex-text;!
Missing character: There is no 响 (U+54CD) in font [lmroman10-regular]:mapping=t
ex-text;!
Missing character: There is no 应 (U+5E94) in font [lmroman10-regular]:mapping=t
ex-text;!
Missing character: There is no 操 (U+64CD) in font [lmroman10-regular]:mapping=t
ex-text;!
Missing character: There is no 作 (U+4F5C) in font [lmroman10-regular]:mapping=t
ex-text;!
Missing character: There is no 名 (U+540D) in font [lmroman10-regular]:mapping=t
ex-text;!
Missing character: There is no 称 (U+79F0) in font [lmroman10-regular]:mapping=t
ex-text;!
Missing character: There is no 。 (U+3002) in font [lmroman10-regular]:mapping=t
ex-text;!
Missing character: There is no 响 (U+54CD) in font [lmroman10-regular]:mapping=t
ex-text;!
Missing character: There is no 应 (U+5E94) in font [lmroman10-regular]:mapping=t
ex-text;!
Missing character: There is no 对 (U+5BF9) in font [lmroman10-regular]:mapping=t
ex-text;!
Missing character: There is no 象 (U+8C61) in font [lmroman10-regular]:mapping=t
ex-text;!
Missing character: There is no 。 (U+3002) in font [lmroman10-regular]:mapping=t
ex-text;!
Missing character: There is no 参 (U+53C2) in font [lmroman10-regular]:mapping=t
ex-text;!
Missing character: There is no 数 (U+6570) in font [lmroman10-regular]:mapping=t
ex-text;!
Missing character: There is no 参 (U+53C2) in font [lmroman10-regular]:mapping=t
ex-text;!
Missing character: There is no 数 (U+6570) in font [lmroman10-regular]:mapping=t
ex-text;!
Missing character: There is no 操 (U+64CD) in font [lmroman10-regular]:mapping=t
ex-text;!
Missing character: There is no 作 (U+4F5C) in font [lmroman10-regular]:mapping=t
ex-text;!
Missing character: There is no 名 (U+540D) in font [lmroman10-regular]:mapping=t
ex-text;!
Missing character: There is no 称 (U+79F0) in font [lmroman10-regular]:mapping=t
ex-text;!
Missing character: There is no 。 (U+3002) in font [lmroman10-regular]:mapping=t
ex-text;!
Missing character: There is no 响 (U+54CD) in font [lmroman10-regular]:mapping=t
ex-text;!
Missing character: There is no 应 (U+5E94) in font [lmroman10-regular]:mapping=t
ex-text;!
Missing character: There is no 对 (U+5BF9) in font [lmroman10-regular]:mapping=t
ex-text;!
Missing character: There is no 象 (U+8C61) in font [lmroman10-regular]:mapping=t
ex-text;!
Missing character: There is no 。 (U+3002) in font [lmroman10-regular]:mapping=t
ex-text;!
Missing character: There is no 参 (U+53C2) in font [lmroman10-regular]:mapping=t
ex-text;!
Missing character: There is no 数 (U+6570) in font [lmroman10-regular]:mapping=t
ex-text;!
Missing character: There is no 参 (U+53C2) in font [lmroman10-regular]:mapping=t
ex-text;!
Missing character: There is no 数 (U+6570) in font [lmroman10-regular]:mapping=t
ex-text;!
Missing character: There is no 操 (U+64CD) in font [lmroman10-regular]:mapping=t
ex-text;!
Missing character: There is no 作 (U+4F5C) in font [lmroman10-regular]:mapping=t
ex-text;!
Missing character: There is no 名 (U+540D) in font [lmroman10-regular]:mapping=t
ex-text;!
Missing character: There is no 称 (U+79F0) in font [lmroman10-regular]:mapping=t
ex-text;!
Missing character: There is no 。 (U+3002) in font [lmroman10-regular]:mapping=t
ex-text;!
Missing character: There is no 响 (U+54CD) in font [lmroman10-regular]:mapping=t
ex-text;!
Missing character: There is no 应 (U+5E94) in font [lmroman10-regular]:mapping=t
ex-text;!
Missing character: There is no 对 (U+5BF9) in font [lmroman10-regular]:mapping=t
ex-text;!
Missing character: There is no 象 (U+8C61) in font [lmroman10-regular]:mapping=t
ex-text;!
Missing character: There is no 。 (U+3002) in font [lmroman10-regular]:mapping=t
ex-text;!

Package longtable Warning: Column widths have changed
(longtable)                in table 5.30 on input line 757.

Missing character: There is no 从 (U+4ECE) in font [lmroman10-regular]:mapping=t
ex-text;!
Missing character: There is no 机 (U+673A) in font [lmroman10-regular]:mapping=t
ex-text;!
Missing character: There is no 器 (U+5668) in font [lmroman10-regular]:mapping=t
ex-text;!
Missing character: There is no 人 (U+4EBA) in font [lmroman10-regular]:mapping=t
ex-text;!
Missing character: There is no 上 (U+4E0A) in font [lmroman10-regular]:mapping=t
ex-text;!
Missing character: There is no 删 (U+5220) in font [lmroman10-regular]:mapping=t
ex-text;!
Missing character: There is no 除 (U+9664) in font [lmroman10-regular]:mapping=t
ex-text;!
Missing character: There is no 一 (U+4E00) in font [lmroman10-regular]:mapping=t
ex-text;!
Missing character: There is no 个 (U+4E2A) in font [lmroman10-regular]:mapping=t
ex-text;!
Missing character: There is no 扩 (U+6269) in font [lmroman10-regular]:mapping=t
ex-text;!
Missing character: There is no 展 (U+5C55) in font [lmroman10-regular]:mapping=t
ex-text;!
Missing character: There is no 数 (U+6570) in font [lmroman10-regular]:mapping=t
ex-text;!
Missing character: There is no 组 (U+7EC4) in font [lmroman10-regular]:mapping=t
ex-text;!
Missing character: There is no 索 (U+7D22) in font [lmroman10-regular]:mapping=t
ex-text;!
Missing character: There is no 引 (U+5F15) in font [lmroman10-regular]:mapping=t
ex-text;!
Missing character: There is no 要 (U+8981) in font [lmroman10-regular]:mapping=t
ex-text;!
Missing character: There is no 删 (U+5220) in font [lmroman10-regular]:mapping=t
ex-text;!
Missing character: There is no 除 (U+9664) in font [lmroman10-regular]:mapping=t
ex-text;!
Missing character: There is no 的 (U+7684) in font [lmroman10-regular]:mapping=t
ex-text;!
Missing character: There is no 扩 (U+6269) in font [lmroman10-regular]:mapping=t
ex-text;!
Missing character: There is no 展 (U+5C55) in font [lmroman10-regular]:mapping=t
ex-text;!
Missing character: There is no 数 (U+6570) in font [lmroman10-regular]:mapping=t
ex-text;!
Missing character: There is no 组 (U+7EC4) in font [lmroman10-regular]:mapping=t
ex-text;!
Missing character: There is no 索 (U+7D22) in font [lmroman10-regular]:mapping=t
ex-text;!
Missing character: There is no 引 (U+5F15) in font [lmroman10-regular]:mapping=t
ex-text;!
Missing character: There is no 。 (U+3002) in font [lmroman10-regular]:mapping=t
ex-text;!
Missing character: There is no 请 (U+8BF7) in font [lmroman10-regular]:mapping=t
ex-text;!
Missing character: There is no 求 (U+6C42) in font [lmroman10-regular]:mapping=t
ex-text;!
Missing character: There is no 。 (U+3002) in font [lmroman10-regular]:mapping=t
ex-text;!
Missing character: There is no 参 (U+53C2) in font [lmroman10-regular]:mapping=t
ex-text;!
Missing character: There is no 数 (U+6570) in font [lmroman10-regular]:mapping=t
ex-text;!
Missing character: There is no 参 (U+53C2) in font [lmroman10-regular]:mapping=t
ex-text;!
Missing character: There is no 数 (U+6570) in font [lmroman10-regular]:mapping=t
ex-text;!
Missing character: There is no 要 (U+8981) in font [lmroman10-regular]:mapping=t
ex-text;!
Missing character: There is no 删 (U+5220) in font [lmroman10-regular]:mapping=t
ex-text;!
Missing character: There is no 除 (U+9664) in font [lmroman10-regular]:mapping=t
ex-text;!
Missing character: There is no 的 (U+7684) in font [lmroman10-regular]:mapping=t
ex-text;!
Missing character: There is no 扩 (U+6269) in font [lmroman10-regular]:mapping=t
ex-text;!
Missing character: There is no 展 (U+5C55) in font [lmroman10-regular]:mapping=t
ex-text;!
Missing character: There is no 数 (U+6570) in font [lmroman10-regular]:mapping=t
ex-text;!
Missing character: There is no 组 (U+7EC4) in font [lmroman10-regular]:mapping=t
ex-text;!
Missing character: There is no 索 (U+7D22) in font [lmroman10-regular]:mapping=t
ex-text;!
Missing character: There is no 引 (U+5F15) in font [lmroman10-regular]:mapping=t
ex-text;!
Missing character: There is no 。 (U+3002) in font [lmroman10-regular]:mapping=t
ex-text;!
Missing character: There is no 请 (U+8BF7) in font [lmroman10-regular]:mapping=t
ex-text;!
Missing character: There is no 求 (U+6C42) in font [lmroman10-regular]:mapping=t
ex-text;!
Missing character: There is no 。 (U+3002) in font [lmroman10-regular]:mapping=t
ex-text;!
Missing character: There is no 参 (U+53C2) in font [lmroman10-regular]:mapping=t
ex-text;!
Missing character: There is no 数 (U+6570) in font [lmroman10-regular]:mapping=t
ex-text;!
Missing character: There is no 参 (U+53C2) in font [lmroman10-regular]:mapping=t
ex-text;!
Missing character: There is no 数 (U+6570) in font [lmroman10-regular]:mapping=t
ex-text;!
Missing character: There is no 要 (U+8981) in font [lmroman10-regular]:mapping=t
ex-text;!
Missing character: There is no 删 (U+5220) in font [lmroman10-regular]:mapping=t
ex-text;!
Missing character: There is no 除 (U+9664) in font [lmroman10-regular]:mapping=t
ex-text;!
Missing character: There is no 的 (U+7684) in font [lmroman10-regular]:mapping=t
ex-text;!
Missing character: There is no 扩 (U+6269) in font [lmroman10-regular]:mapping=t
ex-text;!
Missing character: There is no 展 (U+5C55) in font [lmroman10-regular]:mapping=t
ex-text;!
Missing character: There is no 数 (U+6570) in font [lmroman10-regular]:mapping=t
ex-text;!
Missing character: There is no 组 (U+7EC4) in font [lmroman10-regular]:mapping=t
ex-text;!
Missing character: There is no 索 (U+7D22) in font [lmroman10-regular]:mapping=t
ex-text;!
Missing character: There is no 引 (U+5F15) in font [lmroman10-regular]:mapping=t
ex-text;!
Missing character: There is no 。 (U+3002) in font [lmroman10-regular]:mapping=t
ex-text;!
Missing character: There is no 请 (U+8BF7) in font [lmroman10-regular]:mapping=t
ex-text;!
Missing character: There is no 求 (U+6C42) in font [lmroman10-regular]:mapping=t
ex-text;!
Missing character: There is no 。 (U+3002) in font [lmroman10-regular]:mapping=t
ex-text;!

Package longtable Warning: Column widths have changed
(longtable)                in table 5.31 on input line 774.

Missing character: There is no 返 (U+8FD4) in font [lmroman10-regular]:mapping=t
ex-text;!
Missing character: There is no 回 (U+56DE) in font [lmroman10-regular]:mapping=t
ex-text;!

Underfull \hbox (badness 10000) detected at line 775
[][][]
 []

Missing character: There is no 包 (U+5305) in font [lmroman10-regular]:mapping=t
ex-text;!
Missing character: There is no 含 (U+542B) in font [lmroman10-regular]:mapping=t
ex-text;!
Missing character: There is no 指 (U+6307) in font [lmroman10-regular]:mapping=t
ex-text;!
Missing character: There is no 令 (U+4EE4) in font [lmroman10-regular]:mapping=t
ex-text;!
Missing character: There is no 执 (U+6267) in font [lmroman10-regular]:mapping=t
ex-text;!
Missing character: There is no 行 (U+884C) in font [lmroman10-regular]:mapping=t
ex-text;!
Missing character: There is no 结 (U+7ED3) in font [lmroman10-regular]:mapping=t
ex-text;!
Missing character: There is no 果 (U+679C) in font [lmroman10-regular]:mapping=t
ex-text;!
Missing character: There is no 的 (U+7684) in font [lmroman10-regular]:mapping=t
ex-text;!
Missing character: There is no 响 (U+54CD) in font [lmroman10-regular]:mapping=t
ex-text;!
Missing character: There is no 应 (U+5E94) in font [lmroman10-regular]:mapping=t
ex-text;!
Missing character: There is no 对 (U+5BF9) in font [lmroman10-regular]:mapping=t
ex-text;!
Missing character: There is no 象 (U+8C61) in font [lmroman10-regular]:mapping=t
ex-text;!
Missing character: There is no 。 (U+3002) in font [lmroman10-regular]:mapping=t
ex-text;!
Missing character: There is no 类 (U+7C7B) in font [lmroman10-regular]:mapping=t
ex-text;!
Missing character: There is no 参 (U+53C2) in font [lmroman10-regular]:mapping=t
ex-text;!
Missing character: There is no 考 (U+8003) in font [lmroman10-regular]:mapping=t
ex-text;!
Missing character: There is no 制 (U+5236) in font [lmroman7-regular]:mapping=te
x-text;!
Missing character: There is no 作 (U+4F5C) in font [lmroman7-regular]:mapping=te
x-text;!
Missing character: There is no 者 (U+8005) in font [lmroman7-regular]:mapping=te
x-text;!
[25]
Missing character: There is no 从 (U+4ECE) in font [lmroman10-regular]:mapping=t
ex-text;!
Missing character: There is no 机 (U+673A) in font [lmroman10-regular]:mapping=t
ex-text;!
Missing character: There is no 器 (U+5668) in font [lmroman10-regular]:mapping=t
ex-text;!
Missing character: There is no 人 (U+4EBA) in font [lmroman10-regular]:mapping=t
ex-text;!
Missing character: There is no 上 (U+4E0A) in font [lmroman10-regular]:mapping=t
ex-text;!
Missing character: There is no 删 (U+5220) in font [lmroman10-regular]:mapping=t
ex-text;!
Missing character: There is no 除 (U+9664) in font [lmroman10-regular]:mapping=t
ex-text;!
Missing character: There is no 全 (U+5168) in font [lmroman10-regular]:mapping=t
ex-text;!
Missing character: There is no 局 (U+5C40) in font [lmroman10-regular]:mapping=t
ex-text;!
Missing character: There is no 变 (U+53D8) in font [lmroman10-regular]:mapping=t
ex-text;!
Missing character: There is no 量 (U+91CF) in font [lmroman10-regular]:mapping=t
ex-text;!
Missing character: There is no 要 (U+8981) in font [lmroman10-regular]:mapping=t
ex-text;!
Missing character: There is no 删 (U+5220) in font [lmroman10-regular]:mapping=t
ex-text;!
Missing character: There is no 除 (U+9664) in font [lmroman10-regular]:mapping=t
ex-text;!
Missing character: There is no 的 (U+7684) in font [lmroman10-regular]:mapping=t
ex-text;!
Missing character: There is no 变 (U+53D8) in font [lmroman10-regular]:mapping=t
ex-text;!
Missing character: There is no 量 (U+91CF) in font [lmroman10-regular]:mapping=t
ex-text;!
Missing character: There is no 名 (U+540D) in font [lmroman10-regular]:mapping=t
ex-text;!
Missing character: There is no 称 (U+79F0) in font [lmroman10-regular]:mapping=t
ex-text;!
Missing character: There is no 向 (U+5411) in font [lmroman10-regular]:mapping=t
ex-text;!
Missing character: There is no 量 (U+91CF) in font [lmroman10-regular]:mapping=t
ex-text;!
Missing character: There is no 。 (U+3002) in font [lmroman10-regular]:mapping=t
ex-text;!
Missing character: There is no 请 (U+8BF7) in font [lmroman10-regular]:mapping=t
ex-text;!
Missing character: There is no 求 (U+6C42) in font [lmroman10-regular]:mapping=t
ex-text;!
Missing character: There is no 。 (U+3002) in font [lmroman10-regular]:mapping=t
ex-text;!
Missing character: There is no 参 (U+53C2) in font [lmroman10-regular]:mapping=t
ex-text;!
Missing character: There is no 数 (U+6570) in font [lmroman10-regular]:mapping=t
ex-text;!
Missing character: There is no 参 (U+53C2) in font [lmroman10-regular]:mapping=t
ex-text;!
Missing character: There is no 数 (U+6570) in font [lmroman10-regular]:mapping=t
ex-text;!
Missing character: There is no 要 (U+8981) in font [lmroman10-regular]:mapping=t
ex-text;!
Missing character: There is no 删 (U+5220) in font [lmroman10-regular]:mapping=t
ex-text;!
Missing character: There is no 除 (U+9664) in font [lmroman10-regular]:mapping=t
ex-text;!
Missing character: There is no 的 (U+7684) in font [lmroman10-regular]:mapping=t
ex-text;!
Missing character: There is no 变 (U+53D8) in font [lmroman10-regular]:mapping=t
ex-text;!
Missing character: There is no 量 (U+91CF) in font [lmroman10-regular]:mapping=t
ex-text;!
Missing character: There is no 名 (U+540D) in font [lmroman10-regular]:mapping=t
ex-text;!
Missing character: There is no 称 (U+79F0) in font [lmroman10-regular]:mapping=t
ex-text;!
Missing character: There is no 向 (U+5411) in font [lmroman10-regular]:mapping=t
ex-text;!
Missing character: There is no 量 (U+91CF) in font [lmroman10-regular]:mapping=t
ex-text;!
Missing character: There is no 。 (U+3002) in font [lmroman10-regular]:mapping=t
ex-text;!
Missing character: There is no 请 (U+8BF7) in font [lmroman10-regular]:mapping=t
ex-text;!
Missing character: There is no 求 (U+6C42) in font [lmroman10-regular]:mapping=t
ex-text;!
Missing character: There is no 。 (U+3002) in font [lmroman10-regular]:mapping=t
ex-text;!
Missing character: There is no 参 (U+53C2) in font [lmroman10-regular]:mapping=t
ex-text;!
Missing character: There is no 数 (U+6570) in font [lmroman10-regular]:mapping=t
ex-text;!
Missing character: There is no 参 (U+53C2) in font [lmroman10-regular]:mapping=t
ex-text;!
Missing character: There is no 数 (U+6570) in font [lmroman10-regular]:mapping=t
ex-text;!
Missing character: There is no 要 (U+8981) in font [lmroman10-regular]:mapping=t
ex-text;!
Missing character: There is no 删 (U+5220) in font [lmroman10-regular]:mapping=t
ex-text;!
Missing character: There is no 除 (U+9664) in font [lmroman10-regular]:mapping=t
ex-text;!
Missing character: There is no 的 (U+7684) in font [lmroman10-regular]:mapping=t
ex-text;!
Missing character: There is no 变 (U+53D8) in font [lmroman10-regular]:mapping=t
ex-text;!
Missing character: There is no 量 (U+91CF) in font [lmroman10-regular]:mapping=t
ex-text;!
Missing character: There is no 名 (U+540D) in font [lmroman10-regular]:mapping=t
ex-text;!
Missing character: There is no 称 (U+79F0) in font [lmroman10-regular]:mapping=t
ex-text;!
Missing character: There is no 向 (U+5411) in font [lmroman10-regular]:mapping=t
ex-text;!
Missing character: There is no 量 (U+91CF) in font [lmroman10-regular]:mapping=t
ex-text;!
Missing character: There is no 。 (U+3002) in font [lmroman10-regular]:mapping=t
ex-text;!
Missing character: There is no 请 (U+8BF7) in font [lmroman10-regular]:mapping=t
ex-text;!
Missing character: There is no 求 (U+6C42) in font [lmroman10-regular]:mapping=t
ex-text;!
Missing character: There is no 。 (U+3002) in font [lmroman10-regular]:mapping=t
ex-text;!

Package longtable Warning: Column widths have changed
(longtable)                in table 5.32 on input line 794.

Missing character: There is no 返 (U+8FD4) in font [lmroman10-regular]:mapping=t
ex-text;!
Missing character: There is no 回 (U+56DE) in font [lmroman10-regular]:mapping=t
ex-text;!

Underfull \hbox (badness 10000) detected at line 795
[][][]
 []

Missing character: There is no 包 (U+5305) in font [lmroman10-regular]:mapping=t
ex-text;!
Missing character: There is no 含 (U+542B) in font [lmroman10-regular]:mapping=t
ex-text;!
Missing character: There is no 指 (U+6307) in font [lmroman10-regular]:mapping=t
ex-text;!
Missing character: There is no 令 (U+4EE4) in font [lmroman10-regular]:mapping=t
ex-text;!
Missing character: There is no 执 (U+6267) in font [lmroman10-regular]:mapping=t
ex-text;!
Missing character: There is no 行 (U+884C) in font [lmroman10-regular]:mapping=t
ex-text;!
Missing character: There is no 结 (U+7ED3) in font [lmroman10-regular]:mapping=t
ex-text;!
Missing character: There is no 果 (U+679C) in font [lmroman10-regular]:mapping=t
ex-text;!
Missing character: There is no 的 (U+7684) in font [lmroman10-regular]:mapping=t
ex-text;!
Missing character: There is no 响 (U+54CD) in font [lmroman10-regular]:mapping=t
ex-text;!
Missing character: There is no 应 (U+5E94) in font [lmroman10-regular]:mapping=t
ex-text;!
Missing character: There is no 对 (U+5BF9) in font [lmroman10-regular]:mapping=t
ex-text;!
Missing character: There is no 象 (U+8C61) in font [lmroman10-regular]:mapping=t
ex-text;!
Missing character: There is no 。 (U+3002) in font [lmroman10-regular]:mapping=t
ex-text;!
Missing character: There is no 恢 (U+6062) in font [lmroman10-regular]:mapping=t
ex-text;!
Missing character: There is no 复 (U+590D) in font [lmroman10-regular]:mapping=t
ex-text;!
Missing character: There is no 机 (U+673A) in font [lmroman10-regular]:mapping=t
ex-text;!
Missing character: There is no 器 (U+5668) in font [lmroman10-regular]:mapping=t
ex-text;!
Missing character: There is no 人 (U+4EBA) in font [lmroman10-regular]:mapping=t
ex-text;!
Missing character: There is no 暂 (U+6682) in font [lmroman10-regular]:mapping=t
ex-text;!
Missing character: There is no 停 (U+505C) in font [lmroman10-regular]:mapping=t
ex-text;!
Missing character: There is no 的 (U+7684) in font [lmroman10-regular]:mapping=t
ex-text;!
Missing character: There is no 运 (U+8FD0) in font [lmroman10-regular]:mapping=t
ex-text;!
Missing character: There is no 动 (U+52A8) in font [lmroman10-regular]:mapping=t
ex-text;!
Missing character: There is no 请 (U+8BF7) in font [lmroman10-regular]:mapping=t
ex-text;!
Missing character: There is no 求 (U+6C42) in font [lmroman10-regular]:mapping=t
ex-text;!
Missing character: There is no 。 (U+3002) in font [lmroman10-regular]:mapping=t
ex-text;!
Missing character: There is no 参 (U+53C2) in font [lmroman10-regular]:mapping=t
ex-text;!
Missing character: There is no 数 (U+6570) in font [lmroman10-regular]:mapping=t
ex-text;!
Missing character: There is no 参 (U+53C2) in font [lmroman10-regular]:mapping=t
ex-text;!
Missing character: There is no 数 (U+6570) in font [lmroman10-regular]:mapping=t
ex-text;!
Missing character: There is no 请 (U+8BF7) in font [lmroman10-regular]:mapping=t
ex-text;!
Missing character: There is no 求 (U+6C42) in font [lmroman10-regular]:mapping=t
ex-text;!
Missing character: There is no 。 (U+3002) in font [lmroman10-regular]:mapping=t
ex-text;!
Missing character: There is no 参 (U+53C2) in font [lmroman10-regular]:mapping=t
ex-text;!
Missing character: There is no 数 (U+6570) in font [lmroman10-regular]:mapping=t
ex-text;!
Missing character: There is no 参 (U+53C2) in font [lmroman10-regular]:mapping=t
ex-text;!
Missing character: There is no 数 (U+6570) in font [lmroman10-regular]:mapping=t
ex-text;!
Missing character: There is no 请 (U+8BF7) in font [lmroman10-regular]:mapping=t
ex-text;!
Missing character: There is no 求 (U+6C42) in font [lmroman10-regular]:mapping=t
ex-text;!
Missing character: There is no 。 (U+3002) in font [lmroman10-regular]:mapping=t
ex-text;!

Package longtable Warning: Column widths have changed
(longtable)                in table 5.33 on input line 812.

Missing character: There is no 返 (U+8FD4) in font [lmroman10-regular]:mapping=t
ex-text;!
Missing character: There is no 回 (U+56DE) in font [lmroman10-regular]:mapping=t
ex-text;!

Underfull \hbox (badness 10000) detected at line 813
[][][]
 []

Missing character: There is no 包 (U+5305) in font [lmroman10-regular]:mapping=t
ex-text;!
Missing character: There is no 含 (U+542B) in font [lmroman10-regular]:mapping=t
ex-text;!
Missing character: There is no 指 (U+6307) in font [lmroman10-regular]:mapping=t
ex-text;!
Missing character: There is no 令 (U+4EE4) in font [lmroman10-regular]:mapping=t
ex-text;!
Missing character: There is no 执 (U+6267) in font [lmroman10-regular]:mapping=t
ex-text;!
Missing character: There is no 行 (U+884C) in font [lmroman10-regular]:mapping=t
ex-text;!
Missing character: There is no 结 (U+7ED3) in font [lmroman10-regular]:mapping=t
ex-text;!
Missing character: There is no 果 (U+679C) in font [lmroman10-regular]:mapping=t
ex-text;!
Missing character: There is no 的 (U+7684) in font [lmroman10-regular]:mapping=t
ex-text;!
Missing character: There is no 响 (U+54CD) in font [lmroman10-regular]:mapping=t
ex-text;!
Missing character: There is no 应 (U+5E94) in font [lmroman10-regular]:mapping=t
ex-text;!
Missing character: There is no 对 (U+5BF9) in font [lmroman10-regular]:mapping=t
ex-text;!
Missing character: There is no 象 (U+8C61) in font [lmroman10-regular]:mapping=t
ex-text;!
Missing character: There is no 。 (U+3002) in font [lmroman10-regular]:mapping=t
ex-text;!
Missing character: There is no 恢 (U+6062) in font [lmroman10-regular]:mapping=t
ex-text;!
Missing character: There is no 复 (U+590D) in font [lmroman10-regular]:mapping=t
ex-text;!
Missing character: There is no 机 (U+673A) in font [lmroman10-regular]:mapping=t
ex-text;!
Missing character: There is no 器 (U+5668) in font [lmroman10-regular]:mapping=t
ex-text;!
Missing character: There is no 人 (U+4EBA) in font [lmroman10-regular]:mapping=t
ex-text;!
Missing character: There is no 上 (U+4E0A) in font [lmroman10-regular]:mapping=t
ex-text;!
Missing character: There is no 暂 (U+6682) in font [lmroman10-regular]:mapping=t
ex-text;!
Missing character: There is no 停 (U+505C) in font [lmroman10-regular]:mapping=t
ex-text;!
Missing character: There is no 的 (U+7684) in font [lmroman10-regular]:mapping=t
ex-text;!
Missing character: There is no 工 (U+5DE5) in font [lmroman10-regular]:mapping=t
ex-text;!
Missing character: There is no 程 (U+7A0B) in font [lmroman10-regular]:mapping=t
ex-text;!
Missing character: There is no 请 (U+8BF7) in font [lmroman10-regular]:mapping=t
ex-text;!
Missing character: There is no 求 (U+6C42) in font [lmroman10-regular]:mapping=t
ex-text;!
Missing character: There is no 。 (U+3002) in font [lmroman10-regular]:mapping=t
ex-text;!
Missing character: There is no 参 (U+53C2) in font [lmroman10-regular]:mapping=t
ex-text;!
Missing character: There is no 数 (U+6570) in font [lmroman10-regular]:mapping=t
ex-text;!
Missing character: There is no 参 (U+53C2) in font [lmroman10-regular]:mapping=t
ex-text;!
Missing character: There is no 数 (U+6570) in font [lmroman10-regular]:mapping=t
ex-text;!
Missing character: There is no 请 (U+8BF7) in font [lmroman10-regular]:mapping=t
ex-text;!
Missing character: There is no 求 (U+6C42) in font [lmroman10-regular]:mapping=t
ex-text;!
Missing character: There is no 。 (U+3002) in font [lmroman10-regular]:mapping=t
ex-text;!
Missing character: There is no 参 (U+53C2) in font [lmroman10-regular]:mapping=t
ex-text;!
Missing character: There is no 数 (U+6570) in font [lmroman10-regular]:mapping=t
ex-text;!
Missing character: There is no 参 (U+53C2) in font [lmroman10-regular]:mapping=t
ex-text;!
Missing character: There is no 数 (U+6570) in font [lmroman10-regular]:mapping=t
ex-text;!
Missing character: There is no 请 (U+8BF7) in font [lmroman10-regular]:mapping=t
ex-text;!
Missing character: There is no 求 (U+6C42) in font [lmroman10-regular]:mapping=t
ex-text;!
Missing character: There is no 。 (U+3002) in font [lmroman10-regular]:mapping=t
ex-text;!

Package longtable Warning: Column widths have changed
(longtable)                in table 5.34 on input line 830.

Missing character: There is no 返 (U+8FD4) in font [lmroman10-regular]:mapping=t
ex-text;!
Missing character: There is no 回 (U+56DE) in font [lmroman10-regular]:mapping=t
ex-text;!

Underfull \hbox (badness 10000) detected at line 831
[][][]
 []

Missing character: There is no 包 (U+5305) in font [lmroman10-regular]:mapping=t
ex-text;!
Missing character: There is no 含 (U+542B) in font [lmroman10-regular]:mapping=t
ex-text;!
Missing character: There is no 指 (U+6307) in font [lmroman10-regular]:mapping=t
ex-text;!
Missing character: There is no 令 (U+4EE4) in font [lmroman10-regular]:mapping=t
ex-text;!
Missing character: There is no 执 (U+6267) in font [lmroman10-regular]:mapping=t
ex-text;!
Missing character: There is no 行 (U+884C) in font [lmroman10-regular]:mapping=t
ex-text;!
Missing character: There is no 结 (U+7ED3) in font [lmroman10-regular]:mapping=t
ex-text;!
Missing character: There is no 果 (U+679C) in font [lmroman10-regular]:mapping=t
ex-text;!
Missing character: There is no 的 (U+7684) in font [lmroman10-regular]:mapping=t
ex-text;!
Missing character: There is no 响 (U+54CD) in font [lmroman10-regular]:mapping=t
ex-text;!
Missing character: There is no 应 (U+5E94) in font [lmroman10-regular]:mapping=t
ex-text;!
Missing character: There is no 对 (U+5BF9) in font [lmroman10-regular]:mapping=t
ex-text;!
Missing character: There is no 象 (U+8C61) in font [lmroman10-regular]:mapping=t
ex-text;!
Missing character: There is no 。 (U+3002) in font [lmroman10-regular]:mapping=t
ex-text;!
Missing character: There is no 类 (U+7C7B) in font [lmroman10-regular]:mapping=t
ex-text;!
Missing character: There is no 说 (U+8BF4) in font [lmroman10-regular]:mapping=t
ex-text;!
Missing character: There is no 明 (U+660E) in font [lmroman10-regular]:mapping=t
ex-text;!
Missing character: There is no 制 (U+5236) in font [lmroman7-regular]:mapping=te
x-text;!
Missing character: There is no 作 (U+4F5C) in font [lmroman7-regular]:mapping=te
x-text;!
Missing character: There is no 者 (U+8005) in font [lmroman7-regular]:mapping=te
x-text;!
[26]
Missing character: There is no 清 (U+6E05) in font [lmroman10-regular]:mapping=t
ex-text;!
Missing character: There is no 空 (U+7A7A) in font [lmroman10-regular]:mapping=t
ex-text;!
Missing character: There is no 机 (U+673A) in font [lmroman10-regular]:mapping=t
ex-text;!
Missing character: There is no 器 (U+5668) in font [lmroman10-regular]:mapping=t
ex-text;!
Missing character: There is no 人 (U+4EBA) in font [lmroman10-regular]:mapping=t
ex-text;!
Missing character: There is no 上 (U+4E0A) in font [lmroman10-regular]:mapping=t
ex-text;!
Missing character: There is no 的 (U+7684) in font [lmroman10-regular]:mapping=t
ex-text;!
Missing character: There is no 通 (U+901A) in font [lmroman10-regular]:mapping=t
ex-text;!
Missing character: There is no 信 (U+4FE1) in font [lmroman10-regular]:mapping=t
ex-text;!
Missing character: There is no 缓 (U+7F13) in font [lmroman10-regular]:mapping=t
ex-text;!
Missing character: There is no 冲 (U+51B2) in font [lmroman10-regular]:mapping=t
ex-text;!
Missing character: There is no 区 (U+533A) in font [lmroman10-regular]:mapping=t
ex-text;!
Missing character: There is no 请 (U+8BF7) in font [lmroman10-regular]:mapping=t
ex-text;!
Missing character: There is no 求 (U+6C42) in font [lmroman10-regular]:mapping=t
ex-text;!
Missing character: There is no 。 (U+3002) in font [lmroman10-regular]:mapping=t
ex-text;!
Missing character: There is no 参 (U+53C2) in font [lmroman10-regular]:mapping=t
ex-text;!
Missing character: There is no 数 (U+6570) in font [lmroman10-regular]:mapping=t
ex-text;!
Missing character: There is no 参 (U+53C2) in font [lmroman10-regular]:mapping=t
ex-text;!
Missing character: There is no 数 (U+6570) in font [lmroman10-regular]:mapping=t
ex-text;!
Missing character: There is no 请 (U+8BF7) in font [lmroman10-regular]:mapping=t
ex-text;!
Missing character: There is no 求 (U+6C42) in font [lmroman10-regular]:mapping=t
ex-text;!
Missing character: There is no 。 (U+3002) in font [lmroman10-regular]:mapping=t
ex-text;!
Missing character: There is no 参 (U+53C2) in font [lmroman10-regular]:mapping=t
ex-text;!
Missing character: There is no 数 (U+6570) in font [lmroman10-regular]:mapping=t
ex-text;!
Missing character: There is no 参 (U+53C2) in font [lmroman10-regular]:mapping=t
ex-text;!
Missing character: There is no 数 (U+6570) in font [lmroman10-regular]:mapping=t
ex-text;!
Missing character: There is no 请 (U+8BF7) in font [lmroman10-regular]:mapping=t
ex-text;!
Missing character: There is no 求 (U+6C42) in font [lmroman10-regular]:mapping=t
ex-text;!
Missing character: There is no 。 (U+3002) in font [lmroman10-regular]:mapping=t
ex-text;!

Package longtable Warning: Column widths have changed
(longtable)                in table 5.35 on input line 848.

Missing character: There is no 返 (U+8FD4) in font [lmroman10-regular]:mapping=t
ex-text;!
Missing character: There is no 回 (U+56DE) in font [lmroman10-regular]:mapping=t
ex-text;!

Underfull \hbox (badness 10000) detected at line 849
[][][]
 []

Missing character: There is no 包 (U+5305) in font [lmroman10-regular]:mapping=t
ex-text;!
Missing character: There is no 含 (U+542B) in font [lmroman10-regular]:mapping=t
ex-text;!
Missing character: There is no 指 (U+6307) in font [lmroman10-regular]:mapping=t
ex-text;!
Missing character: There is no 令 (U+4EE4) in font [lmroman10-regular]:mapping=t
ex-text;!
Missing character: There is no 执 (U+6267) in font [lmroman10-regular]:mapping=t
ex-text;!
Missing character: There is no 行 (U+884C) in font [lmroman10-regular]:mapping=t
ex-text;!
Missing character: There is no 结 (U+7ED3) in font [lmroman10-regular]:mapping=t
ex-text;!
Missing character: There is no 果 (U+679C) in font [lmroman10-regular]:mapping=t
ex-text;!
Missing character: There is no 的 (U+7684) in font [lmroman10-regular]:mapping=t
ex-text;!
Missing character: There is no 响 (U+54CD) in font [lmroman10-regular]:mapping=t
ex-text;!
Missing character: There is no 应 (U+5E94) in font [lmroman10-regular]:mapping=t
ex-text;!
Missing character: There is no 对 (U+5BF9) in font [lmroman10-regular]:mapping=t
ex-text;!
Missing character: There is no 象 (U+8C61) in font [lmroman10-regular]:mapping=t
ex-text;!
Missing character: There is no 。 (U+3002) in font [lmroman10-regular]:mapping=t
ex-text;!
Missing character: There is no 初 (U+521D) in font [lmroman10-regular]:mapping=t
ex-text;!
Missing character: There is no 始 (U+59CB) in font [lmroman10-regular]:mapping=t
ex-text;!
Missing character: There is no 化 (U+5316) in font [lmroman10-regular]:mapping=t
ex-text;!
Missing character: There is no 机 (U+673A) in font [lmroman10-regular]:mapping=t
ex-text;!
Missing character: There is no 器 (U+5668) in font [lmroman10-regular]:mapping=t
ex-text;!
Missing character: There is no 人 (U+4EBA) in font [lmroman10-regular]:mapping=t
ex-text;!
Missing character: There is no 上 (U+4E0A) in font [lmroman10-regular]:mapping=t
ex-text;!
Missing character: There is no 的 (U+7684) in font [lmroman10-regular]:mapping=t
ex-text;!
Missing character: There is no 通 (U+901A) in font [lmroman10-regular]:mapping=t
ex-text;!
Missing character: There is no 信 (U+4FE1) in font [lmroman10-regular]:mapping=t
ex-text;!
Missing character: There is no 通 (U+901A) in font [lmroman10-regular]:mapping=t
ex-text;!
Missing character: There is no 信 (U+4FE1) in font [lmroman10-regular]:mapping=t
ex-text;!
Missing character: There is no 的 (U+7684) in font [lmroman10-regular]:mapping=t
ex-text;!
Missing character: There is no 波 (U+6CE2) in font [lmroman10-regular]:mapping=t
ex-text;!
Missing character: There is no 特 (U+7279) in font [lmroman10-regular]:mapping=t
ex-text;!
Missing character: There is no 率 (U+7387) in font [lmroman10-regular]:mapping=t
ex-text;!
Missing character: There is no 。 (U+3002) in font [lmroman10-regular]:mapping=t
ex-text;!
Missing character: There is no 通 (U+901A) in font [lmroman10-regular]:mapping=t
ex-text;!
Missing character: There is no 信 (U+4FE1) in font [lmroman10-regular]:mapping=t
ex-text;!
Missing character: There is no 的 (U+7684) in font [lmroman10-regular]:mapping=t
ex-text;!
Missing character: There is no 停 (U+505C) in font [lmroman10-regular]:mapping=t
ex-text;!
Missing character: There is no 止 (U+6B62) in font [lmroman10-regular]:mapping=t
ex-text;!
Missing character: There is no 位 (U+4F4D) in font [lmroman10-regular]:mapping=t
ex-text;!
Missing character: There is no 。 (U+3002) in font [lmroman10-regular]:mapping=t
ex-text;!
Missing character: There is no 通 (U+901A) in font [lmroman10-regular]:mapping=t
ex-text;!
Missing character: There is no 信 (U+4FE1) in font [lmroman10-regular]:mapping=t
ex-text;!
Missing character: There is no 的 (U+7684) in font [lmroman10-regular]:mapping=t
ex-text;!
Missing character: There is no 数 (U+6570) in font [lmroman10-regular]:mapping=t
ex-text;!
Missing character: There is no 据 (U+636E) in font [lmroman10-regular]:mapping=t
ex-text;!
Missing character: There is no 位 (U+4F4D) in font [lmroman10-regular]:mapping=t
ex-text;!
Missing character: There is no 。 (U+3002) in font [lmroman10-regular]:mapping=t
ex-text;!
Missing character: There is no 通 (U+901A) in font [lmroman10-regular]:mapping=t
ex-text;!
Missing character: There is no 信 (U+4FE1) in font [lmroman10-regular]:mapping=t
ex-text;!
Missing character: There is no 的 (U+7684) in font [lmroman10-regular]:mapping=t
ex-text;!
Missing character: There is no 校 (U+6821) in font [lmroman10-regular]:mapping=t
ex-text;!
Missing character: There is no 验 (U+9A8C) in font [lmroman10-regular]:mapping=t
ex-text;!
Missing character: There is no 位 (U+4F4D) in font [lmroman10-regular]:mapping=t
ex-text;!
Missing character: There is no 。 (U+3002) in font [lmroman10-regular]:mapping=t
ex-text;!
Missing character: There is no 请 (U+8BF7) in font [lmroman10-regular]:mapping=t
ex-text;!
Missing character: There is no 求 (U+6C42) in font [lmroman10-regular]:mapping=t
ex-text;!
Missing character: There is no 。 (U+3002) in font [lmroman10-regular]:mapping=t
ex-text;!
Missing character: There is no 参 (U+53C2) in font [lmroman10-regular]:mapping=t
ex-text;!
Missing character: There is no 数 (U+6570) in font [lmroman10-regular]:mapping=t
ex-text;!
Missing character: There is no 参 (U+53C2) in font [lmroman10-regular]:mapping=t
ex-text;!
Missing character: There is no 数 (U+6570) in font [lmroman10-regular]:mapping=t
ex-text;!
Missing character: There is no 通 (U+901A) in font [lmroman10-regular]:mapping=t
ex-text;!
Missing character: There is no 信 (U+4FE1) in font [lmroman10-regular]:mapping=t
ex-text;!
Missing character: There is no 的 (U+7684) in font [lmroman10-regular]:mapping=t
ex-text;!
Missing character: There is no 波 (U+6CE2) in font [lmroman10-regular]:mapping=t
ex-text;!
Missing character: There is no 特 (U+7279) in font [lmroman10-regular]:mapping=t
ex-text;!
Missing character: There is no 率 (U+7387) in font [lmroman10-regular]:mapping=t
ex-text;!
Missing character: There is no 。 (U+3002) in font [lmroman10-regular]:mapping=t
ex-text;!
Missing character: There is no 通 (U+901A) in font [lmroman10-regular]:mapping=t
ex-text;!
Missing character: There is no 信 (U+4FE1) in font [lmroman10-regular]:mapping=t
ex-text;!
Missing character: There is no 的 (U+7684) in font [lmroman10-regular]:mapping=t
ex-text;!
Missing character: There is no 停 (U+505C) in font [lmroman10-regular]:mapping=t
ex-text;!
Missing character: There is no 止 (U+6B62) in font [lmroman10-regular]:mapping=t
ex-text;!
Missing character: There is no 位 (U+4F4D) in font [lmroman10-regular]:mapping=t
ex-text;!
Missing character: There is no 。 (U+3002) in font [lmroman10-regular]:mapping=t
ex-text;!
Missing character: There is no 通 (U+901A) in font [lmroman10-regular]:mapping=t
ex-text;!
Missing character: There is no 信 (U+4FE1) in font [lmroman10-regular]:mapping=t
ex-text;!
Missing character: There is no 的 (U+7684) in font [lmroman10-regular]:mapping=t
ex-text;!
Missing character: There is no 数 (U+6570) in font [lmroman10-regular]:mapping=t
ex-text;!
Missing character: There is no 据 (U+636E) in font [lmroman10-regular]:mapping=t
ex-text;!
Missing character: There is no 位 (U+4F4D) in font [lmroman10-regular]:mapping=t
ex-text;!
Missing character: There is no 。 (U+3002) in font [lmroman10-regular]:mapping=t
ex-text;!
Missing character: There is no 通 (U+901A) in font [lmroman10-regular]:mapping=t
ex-text;!
Missing character: There is no 信 (U+4FE1) in font [lmroman10-regular]:mapping=t
ex-text;!
Missing character: There is no 的 (U+7684) in font [lmroman10-regular]:mapping=t
ex-text;!
Missing character: There is no 校 (U+6821) in font [lmroman10-regular]:mapping=t
ex-text;!
Missing character: There is no 验 (U+9A8C) in font [lmroman10-regular]:mapping=t
ex-text;!
Missing character: There is no 位 (U+4F4D) in font [lmroman10-regular]:mapping=t
ex-text;!
Missing character: There is no 。 (U+3002) in font [lmroman10-regular]:mapping=t
ex-text;!
Missing character: There is no 请 (U+8BF7) in font [lmroman10-regular]:mapping=t
ex-text;!
Missing character: There is no 求 (U+6C42) in font [lmroman10-regular]:mapping=t
ex-text;!
Missing character: There is no 。 (U+3002) in font [lmroman10-regular]:mapping=t
ex-text;!
Missing character: There is no 参 (U+53C2) in font [lmroman10-regular]:mapping=t
ex-text;!
Missing character: There is no 数 (U+6570) in font [lmroman10-regular]:mapping=t
ex-text;!
Missing character: There is no 参 (U+53C2) in font [lmroman10-regular]:mapping=t
ex-text;!
Missing character: There is no 数 (U+6570) in font [lmroman10-regular]:mapping=t
ex-text;!
Missing character: There is no 通 (U+901A) in font [lmroman10-regular]:mapping=t
ex-text;!
Missing character: There is no 信 (U+4FE1) in font [lmroman10-regular]:mapping=t
ex-text;!
Missing character: There is no 的 (U+7684) in font [lmroman10-regular]:mapping=t
ex-text;!
Missing character: There is no 波 (U+6CE2) in font [lmroman10-regular]:mapping=t
ex-text;!
Missing character: There is no 特 (U+7279) in font [lmroman10-regular]:mapping=t
ex-text;!
Missing character: There is no 率 (U+7387) in font [lmroman10-regular]:mapping=t
ex-text;!
Missing character: There is no 。 (U+3002) in font [lmroman10-regular]:mapping=t
ex-text;!
Missing character: There is no 通 (U+901A) in font [lmroman10-regular]:mapping=t
ex-text;!
Missing character: There is no 信 (U+4FE1) in font [lmroman10-regular]:mapping=t
ex-text;!
Missing character: There is no 的 (U+7684) in font [lmroman10-regular]:mapping=t
ex-text;!
Missing character: There is no 停 (U+505C) in font [lmroman10-regular]:mapping=t
ex-text;!
Missing character: There is no 止 (U+6B62) in font [lmroman10-regular]:mapping=t
ex-text;!
Missing character: There is no 位 (U+4F4D) in font [lmroman10-regular]:mapping=t
ex-text;!
Missing character: There is no 。 (U+3002) in font [lmroman10-regular]:mapping=t
ex-text;!
Missing character: There is no 通 (U+901A) in font [lmroman10-regular]:mapping=t
ex-text;!
Missing character: There is no 信 (U+4FE1) in font [lmroman10-regular]:mapping=t
ex-text;!
Missing character: There is no 的 (U+7684) in font [lmroman10-regular]:mapping=t
ex-text;!
Missing character: There is no 数 (U+6570) in font [lmroman10-regular]:mapping=t
ex-text;!
Missing character: There is no 据 (U+636E) in font [lmroman10-regular]:mapping=t
ex-text;!
Missing character: There is no 位 (U+4F4D) in font [lmroman10-regular]:mapping=t
ex-text;!
Missing character: There is no 。 (U+3002) in font [lmroman10-regular]:mapping=t
ex-text;!
Missing character: There is no 通 (U+901A) in font [lmroman10-regular]:mapping=t
ex-text;!
Missing character: There is no 信 (U+4FE1) in font [lmroman10-regular]:mapping=t
ex-text;!
Missing character: There is no 的 (U+7684) in font [lmroman10-regular]:mapping=t
ex-text;!
Missing character: There is no 校 (U+6821) in font [lmroman10-regular]:mapping=t
ex-text;!
Missing character: There is no 验 (U+9A8C) in font [lmroman10-regular]:mapping=t
ex-text;!
Missing character: There is no 位 (U+4F4D) in font [lmroman10-regular]:mapping=t
ex-text;!
Missing character: There is no 。 (U+3002) in font [lmroman10-regular]:mapping=t
ex-text;!
Missing character: There is no 请 (U+8BF7) in font [lmroman10-regular]:mapping=t
ex-text;!
Missing character: There is no 求 (U+6C42) in font [lmroman10-regular]:mapping=t
ex-text;!
Missing character: There is no 。 (U+3002) in font [lmroman10-regular]:mapping=t
ex-text;!

Package longtable Warning: Column widths have changed
(longtable)                in table 5.36 on input line 874.

Missing character: There is no 返 (U+8FD4) in font [lmroman10-regular]:mapping=t
ex-text;!
Missing character: There is no 回 (U+56DE) in font [lmroman10-regular]:mapping=t
ex-text;!

Underfull \hbox (badness 10000) detected at line 875
[][][]
 []

Missing character: There is no 包 (U+5305) in font [lmroman10-regular]:mapping=t
ex-text;!
Missing character: There is no 含 (U+542B) in font [lmroman10-regular]:mapping=t
ex-text;!
Missing character: There is no 指 (U+6307) in font [lmroman10-regular]:mapping=t
ex-text;!
Missing character: There is no 令 (U+4EE4) in font [lmroman10-regular]:mapping=t
ex-text;!
Missing character: There is no 执 (U+6267) in font [lmroman10-regular]:mapping=t
ex-text;!
Missing character: There is no 行 (U+884C) in font [lmroman10-regular]:mapping=t
ex-text;!
Missing character: There is no 结 (U+7ED3) in font [lmroman10-regular]:mapping=t
ex-text;!
Missing character: There is no 果 (U+679C) in font [lmroman10-regular]:mapping=t
ex-text;!
Missing character: There is no 的 (U+7684) in font [lmroman10-regular]:mapping=t
ex-text;!
Missing character: There is no 响 (U+54CD) in font [lmroman10-regular]:mapping=t
ex-text;!
Missing character: There is no 应 (U+5E94) in font [lmroman10-regular]:mapping=t
ex-text;!
Missing character: There is no 对 (U+5BF9) in font [lmroman10-regular]:mapping=t
ex-text;!
Missing character: There is no 象 (U+8C61) in font [lmroman10-regular]:mapping=t
ex-text;!
Missing character: There is no 。 (U+3002) in font [lmroman10-regular]:mapping=t
ex-text;!
Missing character: There is no 从 (U+4ECE) in font [lmroman10-regular]:mapping=t
ex-text;!
Missing character: There is no 机 (U+673A) in font [lmroman10-regular]:mapping=t
ex-text;!
Missing character: There is no 器 (U+5668) in font [lmroman10-regular]:mapping=t
ex-text;!
Missing character: There is no 人 (U+4EBA) in font [lmroman10-regular]:mapping=t
ex-text;!
Missing character: There is no 上 (U+4E0A) in font [lmroman10-regular]:mapping=t
ex-text;!
Missing character: There is no 的 (U+7684) in font [lmroman10-regular]:mapping=t
ex-text;!
Missing character: There is no 通 (U+901A) in font [lmroman10-regular]:mapping=t
ex-text;!
Missing character: There is no 信 (U+4FE1) in font [lmroman10-regular]:mapping=t
ex-text;!
Missing character: There is no 读 (U+8BFB) in font [lmroman10-regular]:mapping=t
ex-text;!
Missing character: There is no 取 (U+53D6) in font [lmroman10-regular]:mapping=t
ex-text;!
Missing character: There is no 数 (U+6570) in font [lmroman10-regular]:mapping=t
ex-text;!
Missing character: There is no 据 (U+636E) in font [lmroman10-regular]:mapping=t
ex-text;!
Missing character: There is no 要 (U+8981) in font [lmroman10-regular]:mapping=t
ex-text;!
Missing character: There is no 读 (U+8BFB) in font [lmroman10-regular]:mapping=t
ex-text;!
Missing character: There is no 取 (U+53D6) in font [lmroman10-regular]:mapping=t
ex-text;!
Missing character: There is no 的 (U+7684) in font [lmroman10-regular]:mapping=t
ex-text;!
Missing character: There is no 字 (U+5B57) in font [lmroman10-regular]:mapping=t
ex-text;!
Missing character: There is no 节 (U+8282) in font [lmroman10-regular]:mapping=t
ex-text;!
Missing character: There is no 数 (U+6570) in font [lmroman10-regular]:mapping=t
ex-text;!
Missing character: There is no 。 (U+3002) in font [lmroman10-regular]:mapping=t
ex-text;!
Missing character: There is no 读 (U+8BFB) in font [lmroman10-regular]:mapping=t
ex-text;!
Missing character: There is no 取 (U+53D6) in font [lmroman10-regular]:mapping=t
ex-text;!
Missing character: There is no 操 (U+64CD) in font [lmroman10-regular]:mapping=t
ex-text;!
Missing character: There is no 作 (U+4F5C) in font [lmroman10-regular]:mapping=t
ex-text;!
Missing character: There is no 的 (U+7684) in font [lmroman10-regular]:mapping=t
ex-text;!
Missing character: There is no 超 (U+8D85) in font [lmroman10-regular]:mapping=t
ex-text;!
Missing character: There is no 时 (U+65F6) in font [lmroman10-regular]:mapping=t
ex-text;!
Missing character: There is no 时 (U+65F6) in font [lmroman10-regular]:mapping=t
ex-text;!
Missing character: There is no 间 (U+95F4) in font [lmroman10-regular]:mapping=t
ex-text;!
Missing character: There is no 。 (U+3002) in font [lmroman10-regular]:mapping=t
ex-text;!
Missing character: There is no 请 (U+8BF7) in font [lmroman10-regular]:mapping=t
ex-text;!
Missing character: There is no 求 (U+6C42) in font [lmroman10-regular]:mapping=t
ex-text;!
Missing character: There is no 。 (U+3002) in font [lmroman10-regular]:mapping=t
ex-text;!
Missing character: There is no 参 (U+53C2) in font [lmroman10-regular]:mapping=t
ex-text;!
Missing character: There is no 数 (U+6570) in font [lmroman10-regular]:mapping=t
ex-text;!
Missing character: There is no 参 (U+53C2) in font [lmroman10-regular]:mapping=t
ex-text;!
Missing character: There is no 数 (U+6570) in font [lmroman10-regular]:mapping=t
ex-text;!
Missing character: There is no 要 (U+8981) in font [lmroman10-regular]:mapping=t
ex-text;!
Missing character: There is no 读 (U+8BFB) in font [lmroman10-regular]:mapping=t
ex-text;!
Missing character: There is no 取 (U+53D6) in font [lmroman10-regular]:mapping=t
ex-text;!
Missing character: There is no 的 (U+7684) in font [lmroman10-regular]:mapping=t
ex-text;!
Missing character: There is no 字 (U+5B57) in font [lmroman10-regular]:mapping=t
ex-text;!
Missing character: There is no 节 (U+8282) in font [lmroman10-regular]:mapping=t
ex-text;!
Missing character: There is no 数 (U+6570) in font [lmroman10-regular]:mapping=t
ex-text;!
Missing character: There is no 。 (U+3002) in font [lmroman10-regular]:mapping=t
ex-text;!
Missing character: There is no 读 (U+8BFB) in font [lmroman10-regular]:mapping=t
ex-text;!
Missing character: There is no 取 (U+53D6) in font [lmroman10-regular]:mapping=t
ex-text;!
Missing character: There is no 操 (U+64CD) in font [lmroman10-regular]:mapping=t
ex-text;!
Missing character: There is no 作 (U+4F5C) in font [lmroman10-regular]:mapping=t
ex-text;!
Missing character: There is no 的 (U+7684) in font [lmroman10-regular]:mapping=t
ex-text;!
Missing character: There is no 超 (U+8D85) in font [lmroman10-regular]:mapping=t
ex-text;!
Missing character: There is no 时 (U+65F6) in font [lmroman10-regular]:mapping=t
ex-text;!
Missing character: There is no 时 (U+65F6) in font [lmroman10-regular]:mapping=t
ex-text;!
Missing character: There is no 间 (U+95F4) in font [lmroman10-regular]:mapping=t
ex-text;!
Missing character: There is no 。 (U+3002) in font [lmroman10-regular]:mapping=t
ex-text;!
Missing character: There is no 请 (U+8BF7) in font [lmroman10-regular]:mapping=t
ex-text;!
Missing character: There is no 求 (U+6C42) in font [lmroman10-regular]:mapping=t
ex-text;!
Missing character: There is no 。 (U+3002) in font [lmroman10-regular]:mapping=t
ex-text;!
Missing character: There is no 参 (U+53C2) in font [lmroman10-regular]:mapping=t
ex-text;!
Missing character: There is no 数 (U+6570) in font [lmroman10-regular]:mapping=t
ex-text;!
Missing character: There is no 参 (U+53C2) in font [lmroman10-regular]:mapping=t
ex-text;!
Missing character: There is no 数 (U+6570) in font [lmroman10-regular]:mapping=t
ex-text;!
Missing character: There is no 要 (U+8981) in font [lmroman10-regular]:mapping=t
ex-text;!
Missing character: There is no 读 (U+8BFB) in font [lmroman10-regular]:mapping=t
ex-text;!
Missing character: There is no 取 (U+53D6) in font [lmroman10-regular]:mapping=t
ex-text;!
Missing character: There is no 的 (U+7684) in font [lmroman10-regular]:mapping=t
ex-text;!
Missing character: There is no 字 (U+5B57) in font [lmroman10-regular]:mapping=t
ex-text;!
Missing character: There is no 节 (U+8282) in font [lmroman10-regular]:mapping=t
ex-text;!
Missing character: There is no 数 (U+6570) in font [lmroman10-regular]:mapping=t
ex-text;!
Missing character: There is no 。 (U+3002) in font [lmroman10-regular]:mapping=t
ex-text;!
Missing character: There is no 读 (U+8BFB) in font [lmroman10-regular]:mapping=t
ex-text;!
Missing character: There is no 取 (U+53D6) in font [lmroman10-regular]:mapping=t
ex-text;!
Missing character: There is no 操 (U+64CD) in font [lmroman10-regular]:mapping=t
ex-text;!
Missing character: There is no 作 (U+4F5C) in font [lmroman10-regular]:mapping=t
ex-text;!
Missing character: There is no 的 (U+7684) in font [lmroman10-regular]:mapping=t
ex-text;!
Missing character: There is no 超 (U+8D85) in font [lmroman10-regular]:mapping=t
ex-text;!
Missing character: There is no 时 (U+65F6) in font [lmroman10-regular]:mapping=t
ex-text;!
Missing character: There is no 时 (U+65F6) in font [lmroman10-regular]:mapping=t
ex-text;!
Missing character: There is no 间 (U+95F4) in font [lmroman10-regular]:mapping=t
ex-text;!
Missing character: There is no 。 (U+3002) in font [lmroman10-regular]:mapping=t
ex-text;!
Missing character: There is no 请 (U+8BF7) in font [lmroman10-regular]:mapping=t
ex-text;!
Missing character: There is no 求 (U+6C42) in font [lmroman10-regular]:mapping=t
ex-text;!
Missing character: There is no 。 (U+3002) in font [lmroman10-regular]:mapping=t
ex-text;!
Missing character: There is no 类 (U+7C7B) in font [lmroman10-regular]:mapping=t
ex-text;!
Missing character: There is no 参 (U+53C2) in font [lmroman10-regular]:mapping=t
ex-text;!
Missing character: There is no 考 (U+8003) in font [lmroman10-regular]:mapping=t
ex-text;!
Missing character: There is no 制 (U+5236) in font [lmroman7-regular]:mapping=te
x-text;!
Missing character: There is no 作 (U+4F5C) in font [lmroman7-regular]:mapping=te
x-text;!
Missing character: There is no 者 (U+8005) in font [lmroman7-regular]:mapping=te
x-text;!
[27]

Package longtable Warning: Column widths have changed
(longtable)                in table 5.37 on input line 896.

Missing character: There is no 返 (U+8FD4) in font [lmroman10-regular]:mapping=t
ex-text;!
Missing character: There is no 回 (U+56DE) in font [lmroman10-regular]:mapping=t
ex-text;!

Underfull \hbox (badness 10000) detected at line 897
[][][]
 []

Missing character: There is no 包 (U+5305) in font [lmroman10-regular]:mapping=t
ex-text;!
Missing character: There is no 含 (U+542B) in font [lmroman10-regular]:mapping=t
ex-text;!
Missing character: There is no 指 (U+6307) in font [lmroman10-regular]:mapping=t
ex-text;!
Missing character: There is no 令 (U+4EE4) in font [lmroman10-regular]:mapping=t
ex-text;!
Missing character: There is no 执 (U+6267) in font [lmroman10-regular]:mapping=t
ex-text;!
Missing character: There is no 行 (U+884C) in font [lmroman10-regular]:mapping=t
ex-text;!
Missing character: There is no 结 (U+7ED3) in font [lmroman10-regular]:mapping=t
ex-text;!
Missing character: There is no 果 (U+679C) in font [lmroman10-regular]:mapping=t
ex-text;!
Missing character: There is no 的 (U+7684) in font [lmroman10-regular]:mapping=t
ex-text;!
Missing character: There is no 响 (U+54CD) in font [lmroman10-regular]:mapping=t
ex-text;!
Missing character: There is no 应 (U+5E94) in font [lmroman10-regular]:mapping=t
ex-text;!
Missing character: There is no 对 (U+5BF9) in font [lmroman10-regular]:mapping=t
ex-text;!
Missing character: There is no 象 (U+8C61) in font [lmroman10-regular]:mapping=t
ex-text;!
Missing character: There is no 。 (U+3002) in font [lmroman10-regular]:mapping=t
ex-text;!
Missing character: There is no 向 (U+5411) in font [lmroman10-regular]:mapping=t
ex-text;!
Missing character: There is no 机 (U+673A) in font [lmroman10-regular]:mapping=t
ex-text;!
Missing character: There is no 器 (U+5668) in font [lmroman10-regular]:mapping=t
ex-text;!
Missing character: There is no 人 (U+4EBA) in font [lmroman10-regular]:mapping=t
ex-text;!
Missing character: There is no 上 (U+4E0A) in font [lmroman10-regular]:mapping=t
ex-text;!
Missing character: There is no 的 (U+7684) in font [lmroman10-regular]:mapping=t
ex-text;!
Missing character: There is no 通 (U+901A) in font [lmroman10-regular]:mapping=t
ex-text;!
Missing character: There is no 信 (U+4FE1) in font [lmroman10-regular]:mapping=t
ex-text;!
Missing character: There is no 写 (U+5199) in font [lmroman10-regular]:mapping=t
ex-text;!
Missing character: There is no 入 (U+5165) in font [lmroman10-regular]:mapping=t
ex-text;!
Missing character: There is no 数 (U+6570) in font [lmroman10-regular]:mapping=t
ex-text;!
Missing character: There is no 据 (U+636E) in font [lmroman10-regular]:mapping=t
ex-text;!
Missing character: There is no 要 (U+8981) in font [lmroman10-regular]:mapping=t
ex-text;!
Missing character: There is no 写 (U+5199) in font [lmroman10-regular]:mapping=t
ex-text;!
Missing character: There is no 入 (U+5165) in font [lmroman10-regular]:mapping=t
ex-text;!
Missing character: There is no 的 (U+7684) in font [lmroman10-regular]:mapping=t
ex-text;!
Missing character: There is no 数 (U+6570) in font [lmroman10-regular]:mapping=t
ex-text;!
Missing character: There is no 据 (U+636E) in font [lmroman10-regular]:mapping=t
ex-text;!
Missing character: There is no 。 (U+3002) in font [lmroman10-regular]:mapping=t
ex-text;!
Missing character: There is no 请 (U+8BF7) in font [lmroman10-regular]:mapping=t
ex-text;!
Missing character: There is no 求 (U+6C42) in font [lmroman10-regular]:mapping=t
ex-text;!
Missing character: There is no 。 (U+3002) in font [lmroman10-regular]:mapping=t
ex-text;!
Missing character: There is no 参 (U+53C2) in font [lmroman10-regular]:mapping=t
ex-text;!
Missing character: There is no 数 (U+6570) in font [lmroman10-regular]:mapping=t
ex-text;!
Missing character: There is no 参 (U+53C2) in font [lmroman10-regular]:mapping=t
ex-text;!
Missing character: There is no 数 (U+6570) in font [lmroman10-regular]:mapping=t
ex-text;!
Missing character: There is no 要 (U+8981) in font [lmroman10-regular]:mapping=t
ex-text;!
Missing character: There is no 写 (U+5199) in font [lmroman10-regular]:mapping=t
ex-text;!
Missing character: There is no 入 (U+5165) in font [lmroman10-regular]:mapping=t
ex-text;!
Missing character: There is no 的 (U+7684) in font [lmroman10-regular]:mapping=t
ex-text;!
Missing character: There is no 数 (U+6570) in font [lmroman10-regular]:mapping=t
ex-text;!
Missing character: There is no 据 (U+636E) in font [lmroman10-regular]:mapping=t
ex-text;!
Missing character: There is no 。 (U+3002) in font [lmroman10-regular]:mapping=t
ex-text;!
Missing character: There is no 请 (U+8BF7) in font [lmroman10-regular]:mapping=t
ex-text;!
Missing character: There is no 求 (U+6C42) in font [lmroman10-regular]:mapping=t
ex-text;!
Missing character: There is no 。 (U+3002) in font [lmroman10-regular]:mapping=t
ex-text;!
Missing character: There is no 参 (U+53C2) in font [lmroman10-regular]:mapping=t
ex-text;!
Missing character: There is no 数 (U+6570) in font [lmroman10-regular]:mapping=t
ex-text;!
Missing character: There is no 参 (U+53C2) in font [lmroman10-regular]:mapping=t
ex-text;!
Missing character: There is no 数 (U+6570) in font [lmroman10-regular]:mapping=t
ex-text;!
Missing character: There is no 要 (U+8981) in font [lmroman10-regular]:mapping=t
ex-text;!
Missing character: There is no 写 (U+5199) in font [lmroman10-regular]:mapping=t
ex-text;!
Missing character: There is no 入 (U+5165) in font [lmroman10-regular]:mapping=t
ex-text;!
Missing character: There is no 的 (U+7684) in font [lmroman10-regular]:mapping=t
ex-text;!
Missing character: There is no 数 (U+6570) in font [lmroman10-regular]:mapping=t
ex-text;!
Missing character: There is no 据 (U+636E) in font [lmroman10-regular]:mapping=t
ex-text;!
Missing character: There is no 。 (U+3002) in font [lmroman10-regular]:mapping=t
ex-text;!
Missing character: There is no 请 (U+8BF7) in font [lmroman10-regular]:mapping=t
ex-text;!
Missing character: There is no 求 (U+6C42) in font [lmroman10-regular]:mapping=t
ex-text;!
Missing character: There is no 。 (U+3002) in font [lmroman10-regular]:mapping=t
ex-text;!

Package longtable Warning: Column widths have changed
(longtable)                in table 5.38 on input line 916.

Missing character: There is no 返 (U+8FD4) in font [lmroman10-regular]:mapping=t
ex-text;!
Missing character: There is no 回 (U+56DE) in font [lmroman10-regular]:mapping=t
ex-text;!

Underfull \hbox (badness 10000) detected at line 917
[][][]
 []

Missing character: There is no 包 (U+5305) in font [lmroman10-regular]:mapping=t
ex-text;!
Missing character: There is no 含 (U+542B) in font [lmroman10-regular]:mapping=t
ex-text;!
Missing character: There is no 指 (U+6307) in font [lmroman10-regular]:mapping=t
ex-text;!
Missing character: There is no 令 (U+4EE4) in font [lmroman10-regular]:mapping=t
ex-text;!
Missing character: There is no 执 (U+6267) in font [lmroman10-regular]:mapping=t
ex-text;!
Missing character: There is no 行 (U+884C) in font [lmroman10-regular]:mapping=t
ex-text;!
Missing character: There is no 结 (U+7ED3) in font [lmroman10-regular]:mapping=t
ex-text;!
Missing character: There is no 果 (U+679C) in font [lmroman10-regular]:mapping=t
ex-text;!
Missing character: There is no 的 (U+7684) in font [lmroman10-regular]:mapping=t
ex-text;!
Missing character: There is no 响 (U+54CD) in font [lmroman10-regular]:mapping=t
ex-text;!
Missing character: There is no 应 (U+5E94) in font [lmroman10-regular]:mapping=t
ex-text;!
Missing character: There is no 对 (U+5BF9) in font [lmroman10-regular]:mapping=t
ex-text;!
Missing character: There is no 象 (U+8C61) in font [lmroman10-regular]:mapping=t
ex-text;!
Missing character: There is no 。 (U+3002) in font [lmroman10-regular]:mapping=t
ex-text;!
Missing character: There is no 在 (U+5728) in font [lmroman10-regular]:mapping=t
ex-text;!
Missing character: There is no 机 (U+673A) in font [lmroman10-regular]:mapping=t
ex-text;!
Missing character: There is no 器 (U+5668) in font [lmroman10-regular]:mapping=t
ex-text;!
Missing character: There is no 人 (U+4EBA) in font [lmroman10-regular]:mapping=t
ex-text;!
Missing character: There is no 上 (U+4E0A) in font [lmroman10-regular]:mapping=t
ex-text;!
Missing character: There is no 通 (U+901A) in font [lmroman10-regular]:mapping=t
ex-text;!
Missing character: There is no 过 (U+8FC7) in font [lmroman10-regular]:mapping=t
ex-text;!
Missing character: There is no 工 (U+5DE5) in font [lmroman10-regular]:mapping=t
ex-text;!
Missing character: There is no 程 (U+7A0B) in font [lmroman10-regular]:mapping=t
ex-text;!
Missing character: There is no 运 (U+8FD0) in font [lmroman10-regular]:mapping=t
ex-text;!
Missing character: There is no 行 (U+884C) in font [lmroman10-regular]:mapping=t
ex-text;!
Missing character: There is no 工 (U+5DE5) in font [lmroman10-regular]:mapping=t
ex-text;!
Missing character: There is no 程 (U+7A0B) in font [lmroman10-regular]:mapping=t
ex-text;!
Missing character: There is no 工 (U+5DE5) in font [lmroman10-regular]:mapping=t
ex-text;!
Missing character: There is no 程 (U+7A0B) in font [lmroman10-regular]:mapping=t
ex-text;!
Missing character: There is no 。 (U+3002) in font [lmroman10-regular]:mapping=t
ex-text;!
Missing character: There is no 请 (U+8BF7) in font [lmroman10-regular]:mapping=t
ex-text;!
Missing character: There is no 求 (U+6C42) in font [lmroman10-regular]:mapping=t
ex-text;!
Missing character: There is no 。 (U+3002) in font [lmroman10-regular]:mapping=t
ex-text;!
Missing character: There is no 参 (U+53C2) in font [lmroman10-regular]:mapping=t
ex-text;!
Missing character: There is no 数 (U+6570) in font [lmroman10-regular]:mapping=t
ex-text;!
Missing character: There is no 参 (U+53C2) in font [lmroman10-regular]:mapping=t
ex-text;!
Missing character: There is no 数 (U+6570) in font [lmroman10-regular]:mapping=t
ex-text;!
Missing character: There is no 工 (U+5DE5) in font [lmroman10-regular]:mapping=t
ex-text;!
Missing character: There is no 程 (U+7A0B) in font [lmroman10-regular]:mapping=t
ex-text;!
Missing character: There is no 。 (U+3002) in font [lmroman10-regular]:mapping=t
ex-text;!
Missing character: There is no 请 (U+8BF7) in font [lmroman10-regular]:mapping=t
ex-text;!
Missing character: There is no 求 (U+6C42) in font [lmroman10-regular]:mapping=t
ex-text;!
Missing character: There is no 。 (U+3002) in font [lmroman10-regular]:mapping=t
ex-text;!
Missing character: There is no 参 (U+53C2) in font [lmroman10-regular]:mapping=t
ex-text;!
Missing character: There is no 数 (U+6570) in font [lmroman10-regular]:mapping=t
ex-text;!
Missing character: There is no 参 (U+53C2) in font [lmroman10-regular]:mapping=t
ex-text;!
Missing character: There is no 数 (U+6570) in font [lmroman10-regular]:mapping=t
ex-text;!
Missing character: There is no 工 (U+5DE5) in font [lmroman10-regular]:mapping=t
ex-text;!
Missing character: There is no 程 (U+7A0B) in font [lmroman10-regular]:mapping=t
ex-text;!
Missing character: There is no 。 (U+3002) in font [lmroman10-regular]:mapping=t
ex-text;!
Missing character: There is no 请 (U+8BF7) in font [lmroman10-regular]:mapping=t
ex-text;!
Missing character: There is no 求 (U+6C42) in font [lmroman10-regular]:mapping=t
ex-text;!
Missing character: There is no 。 (U+3002) in font [lmroman10-regular]:mapping=t
ex-text;!

Package longtable Warning: Column widths have changed
(longtable)                in table 5.39 on input line 936.

Missing character: There is no 返 (U+8FD4) in font [lmroman10-regular]:mapping=t
ex-text;!
Missing character: There is no 回 (U+56DE) in font [lmroman10-regular]:mapping=t
ex-text;!

Underfull \hbox (badness 10000) detected at line 937
[][][]
 []

Missing character: There is no 包 (U+5305) in font [lmroman10-regular]:mapping=t
ex-text;!
Missing character: There is no 含 (U+542B) in font [lmroman10-regular]:mapping=t
ex-text;!
Missing character: There is no 指 (U+6307) in font [lmroman10-regular]:mapping=t
ex-text;!
Missing character: There is no 令 (U+4EE4) in font [lmroman10-regular]:mapping=t
ex-text;!
Missing character: There is no 执 (U+6267) in font [lmroman10-regular]:mapping=t
ex-text;!
Missing character: There is no 行 (U+884C) in font [lmroman10-regular]:mapping=t
ex-text;!
Missing character: There is no 结 (U+7ED3) in font [lmroman10-regular]:mapping=t
ex-text;!
Missing character: There is no 果 (U+679C) in font [lmroman10-regular]:mapping=t
ex-text;!
Missing character: There is no 的 (U+7684) in font [lmroman10-regular]:mapping=t
ex-text;!
Missing character: There is no 响 (U+54CD) in font [lmroman10-regular]:mapping=t
ex-text;!
Missing character: There is no 应 (U+5E94) in font [lmroman10-regular]:mapping=t
ex-text;!
Missing character: There is no 对 (U+5BF9) in font [lmroman10-regular]:mapping=t
ex-text;!
Missing character: There is no 象 (U+8C61) in font [lmroman10-regular]:mapping=t
ex-text;!
Missing character: There is no 。 (U+3002) in font [lmroman10-regular]:mapping=t
ex-text;!
Missing character: There is no 类 (U+7C7B) in font [lmroman10-regular]:mapping=t
ex-text;!
Missing character: There is no 说 (U+8BF4) in font [lmroman10-regular]:mapping=t
ex-text;!
Missing character: There is no 明 (U+660E) in font [lmroman10-regular]:mapping=t
ex-text;!
Missing character: There is no 制 (U+5236) in font [lmroman7-regular]:mapping=te
x-text;!
Missing character: There is no 作 (U+4F5C) in font [lmroman7-regular]:mapping=te
x-text;!
Missing character: There is no 者 (U+8005) in font [lmroman7-regular]:mapping=te
x-text;!
[28]
Missing character: There is no 在 (U+5728) in font [lmroman10-regular]:mapping=t
ex-text;!
Missing character: There is no 机 (U+673A) in font [lmroman10-regular]:mapping=t
ex-text;!
Missing character: There is no 器 (U+5668) in font [lmroman10-regular]:mapping=t
ex-text;!
Missing character: There is no 人 (U+4EBA) in font [lmroman10-regular]:mapping=t
ex-text;!
Missing character: There is no 上 (U+4E0A) in font [lmroman10-regular]:mapping=t
ex-text;!
Missing character: There is no 通 (U+901A) in font [lmroman10-regular]:mapping=t
ex-text;!
Missing character: There is no 过 (U+8FC7) in font [lmroman10-regular]:mapping=t
ex-text;!
Missing character: There is no 索 (U+7D22) in font [lmroman10-regular]:mapping=t
ex-text;!
Missing character: There is no 引 (U+5F15) in font [lmroman10-regular]:mapping=t
ex-text;!
Missing character: There is no 运 (U+8FD0) in font [lmroman10-regular]:mapping=t
ex-text;!
Missing character: There is no 行 (U+884C) in font [lmroman10-regular]:mapping=t
ex-text;!
Missing character: There is no 工 (U+5DE5) in font [lmroman10-regular]:mapping=t
ex-text;!
Missing character: There is no 程 (U+7A0B) in font [lmroman10-regular]:mapping=t
ex-text;!
Missing character: There is no 工 (U+5DE5) in font [lmroman10-regular]:mapping=t
ex-text;!
Missing character: There is no 程 (U+7A0B) in font [lmroman10-regular]:mapping=t
ex-text;!
Missing character: There is no 索 (U+7D22) in font [lmroman10-regular]:mapping=t
ex-text;!
Missing character: There is no 引 (U+5F15) in font [lmroman10-regular]:mapping=t
ex-text;!
Missing character: There is no 。 (U+3002) in font [lmroman10-regular]:mapping=t
ex-text;!
Missing character: There is no 请 (U+8BF7) in font [lmroman10-regular]:mapping=t
ex-text;!
Missing character: There is no 求 (U+6C42) in font [lmroman10-regular]:mapping=t
ex-text;!
Missing character: There is no 。 (U+3002) in font [lmroman10-regular]:mapping=t
ex-text;!
Missing character: There is no 参 (U+53C2) in font [lmroman10-regular]:mapping=t
ex-text;!
Missing character: There is no 数 (U+6570) in font [lmroman10-regular]:mapping=t
ex-text;!
Missing character: There is no 参 (U+53C2) in font [lmroman10-regular]:mapping=t
ex-text;!
Missing character: There is no 数 (U+6570) in font [lmroman10-regular]:mapping=t
ex-text;!
Missing character: There is no 工 (U+5DE5) in font [lmroman10-regular]:mapping=t
ex-text;!
Missing character: There is no 程 (U+7A0B) in font [lmroman10-regular]:mapping=t
ex-text;!
Missing character: There is no 索 (U+7D22) in font [lmroman10-regular]:mapping=t
ex-text;!
Missing character: There is no 引 (U+5F15) in font [lmroman10-regular]:mapping=t
ex-text;!
Missing character: There is no 。 (U+3002) in font [lmroman10-regular]:mapping=t
ex-text;!
Missing character: There is no 请 (U+8BF7) in font [lmroman10-regular]:mapping=t
ex-text;!
Missing character: There is no 求 (U+6C42) in font [lmroman10-regular]:mapping=t
ex-text;!
Missing character: There is no 。 (U+3002) in font [lmroman10-regular]:mapping=t
ex-text;!
Missing character: There is no 参 (U+53C2) in font [lmroman10-regular]:mapping=t
ex-text;!
Missing character: There is no 数 (U+6570) in font [lmroman10-regular]:mapping=t
ex-text;!
Missing character: There is no 参 (U+53C2) in font [lmroman10-regular]:mapping=t
ex-text;!
Missing character: There is no 数 (U+6570) in font [lmroman10-regular]:mapping=t
ex-text;!
Missing character: There is no 工 (U+5DE5) in font [lmroman10-regular]:mapping=t
ex-text;!
Missing character: There is no 程 (U+7A0B) in font [lmroman10-regular]:mapping=t
ex-text;!
Missing character: There is no 索 (U+7D22) in font [lmroman10-regular]:mapping=t
ex-text;!
Missing character: There is no 引 (U+5F15) in font [lmroman10-regular]:mapping=t
ex-text;!
Missing character: There is no 。 (U+3002) in font [lmroman10-regular]:mapping=t
ex-text;!
Missing character: There is no 请 (U+8BF7) in font [lmroman10-regular]:mapping=t
ex-text;!
Missing character: There is no 求 (U+6C42) in font [lmroman10-regular]:mapping=t
ex-text;!
Missing character: There is no 。 (U+3002) in font [lmroman10-regular]:mapping=t
ex-text;!

Package longtable Warning: Column widths have changed
(longtable)                in table 5.40 on input line 956.

Missing character: There is no 返 (U+8FD4) in font [lmroman10-regular]:mapping=t
ex-text;!
Missing character: There is no 回 (U+56DE) in font [lmroman10-regular]:mapping=t
ex-text;!

Underfull \hbox (badness 10000) detected at line 957
[][][]
 []

Missing character: There is no 包 (U+5305) in font [lmroman10-regular]:mapping=t
ex-text;!
Missing character: There is no 含 (U+542B) in font [lmroman10-regular]:mapping=t
ex-text;!
Missing character: There is no 指 (U+6307) in font [lmroman10-regular]:mapping=t
ex-text;!
Missing character: There is no 令 (U+4EE4) in font [lmroman10-regular]:mapping=t
ex-text;!
Missing character: There is no 执 (U+6267) in font [lmroman10-regular]:mapping=t
ex-text;!
Missing character: There is no 行 (U+884C) in font [lmroman10-regular]:mapping=t
ex-text;!
Missing character: There is no 结 (U+7ED3) in font [lmroman10-regular]:mapping=t
ex-text;!
Missing character: There is no 果 (U+679C) in font [lmroman10-regular]:mapping=t
ex-text;!
Missing character: There is no 的 (U+7684) in font [lmroman10-regular]:mapping=t
ex-text;!
Missing character: There is no 响 (U+54CD) in font [lmroman10-regular]:mapping=t
ex-text;!
Missing character: There is no 应 (U+5E94) in font [lmroman10-regular]:mapping=t
ex-text;!
Missing character: There is no 对 (U+5BF9) in font [lmroman10-regular]:mapping=t
ex-text;!
Missing character: There is no 象 (U+8C61) in font [lmroman10-regular]:mapping=t
ex-text;!
Missing character: There is no 。 (U+3002) in font [lmroman10-regular]:mapping=t
ex-text;!
Missing character: There is no 在 (U+5728) in font [lmroman10-regular]:mapping=t
ex-text;!
Missing character: There is no 机 (U+673A) in font [lmroman10-regular]:mapping=t
ex-text;!
Missing character: There is no 器 (U+5668) in font [lmroman10-regular]:mapping=t
ex-text;!
Missing character: There is no 人 (U+4EBA) in font [lmroman10-regular]:mapping=t
ex-text;!
Missing character: There is no 上 (U+4E0A) in font [lmroman10-regular]:mapping=t
ex-text;!
Missing character: There is no 运 (U+8FD0) in font [lmroman10-regular]:mapping=t
ex-text;!
Missing character: There is no 行 (U+884C) in font [lmroman10-regular]:mapping=t
ex-text;!
Missing character: There is no 脚 (U+811A) in font [lmroman10-regular]:mapping=t
ex-text;!
Missing character: There is no 本 (U+672C) in font [lmroman10-regular]:mapping=t
ex-text;!
Missing character: There is no 脚 (U+811A) in font [lmroman10-regular]:mapping=t
ex-text;!
Missing character: There is no 本 (U+672C) in font [lmroman10-regular]:mapping=t
ex-text;!
Missing character: There is no 内 (U+5185) in font [lmroman10-regular]:mapping=t
ex-text;!
Missing character: There is no 容 (U+5BB9) in font [lmroman10-regular]:mapping=t
ex-text;!
Missing character: There is no 。 (U+3002) in font [lmroman10-regular]:mapping=t
ex-text;!
Missing character: There is no 请 (U+8BF7) in font [lmroman10-regular]:mapping=t
ex-text;!
Missing character: There is no 求 (U+6C42) in font [lmroman10-regular]:mapping=t
ex-text;!
Missing character: There is no 。 (U+3002) in font [lmroman10-regular]:mapping=t
ex-text;!
Missing character: There is no 参 (U+53C2) in font [lmroman10-regular]:mapping=t
ex-text;!
Missing character: There is no 数 (U+6570) in font [lmroman10-regular]:mapping=t
ex-text;!
Missing character: There is no 参 (U+53C2) in font [lmroman10-regular]:mapping=t
ex-text;!
Missing character: There is no 数 (U+6570) in font [lmroman10-regular]:mapping=t
ex-text;!
Missing character: There is no 脚 (U+811A) in font [lmroman10-regular]:mapping=t
ex-text;!
Missing character: There is no 本 (U+672C) in font [lmroman10-regular]:mapping=t
ex-text;!
Missing character: There is no 内 (U+5185) in font [lmroman10-regular]:mapping=t
ex-text;!
Missing character: There is no 容 (U+5BB9) in font [lmroman10-regular]:mapping=t
ex-text;!
Missing character: There is no 。 (U+3002) in font [lmroman10-regular]:mapping=t
ex-text;!
Missing character: There is no 请 (U+8BF7) in font [lmroman10-regular]:mapping=t
ex-text;!
Missing character: There is no 求 (U+6C42) in font [lmroman10-regular]:mapping=t
ex-text;!
Missing character: There is no 。 (U+3002) in font [lmroman10-regular]:mapping=t
ex-text;!
Missing character: There is no 参 (U+53C2) in font [lmroman10-regular]:mapping=t
ex-text;!
Missing character: There is no 数 (U+6570) in font [lmroman10-regular]:mapping=t
ex-text;!
Missing character: There is no 参 (U+53C2) in font [lmroman10-regular]:mapping=t
ex-text;!
Missing character: There is no 数 (U+6570) in font [lmroman10-regular]:mapping=t
ex-text;!
Missing character: There is no 脚 (U+811A) in font [lmroman10-regular]:mapping=t
ex-text;!
Missing character: There is no 本 (U+672C) in font [lmroman10-regular]:mapping=t
ex-text;!
Missing character: There is no 内 (U+5185) in font [lmroman10-regular]:mapping=t
ex-text;!
Missing character: There is no 容 (U+5BB9) in font [lmroman10-regular]:mapping=t
ex-text;!
Missing character: There is no 。 (U+3002) in font [lmroman10-regular]:mapping=t
ex-text;!
Missing character: There is no 请 (U+8BF7) in font [lmroman10-regular]:mapping=t
ex-text;!
Missing character: There is no 求 (U+6C42) in font [lmroman10-regular]:mapping=t
ex-text;!
Missing character: There is no 。 (U+3002) in font [lmroman10-regular]:mapping=t
ex-text;!

Package longtable Warning: Column widths have changed
(longtable)                in table 5.41 on input line 976.

Missing character: There is no 返 (U+8FD4) in font [lmroman10-regular]:mapping=t
ex-text;!
Missing character: There is no 回 (U+56DE) in font [lmroman10-regular]:mapping=t
ex-text;!

Underfull \hbox (badness 10000) detected at line 977
[][][]
 []

Missing character: There is no 包 (U+5305) in font [lmroman10-regular]:mapping=t
ex-text;!
Missing character: There is no 含 (U+542B) in font [lmroman10-regular]:mapping=t
ex-text;!
Missing character: There is no 指 (U+6307) in font [lmroman10-regular]:mapping=t
ex-text;!
Missing character: There is no 令 (U+4EE4) in font [lmroman10-regular]:mapping=t
ex-text;!
Missing character: There is no 执 (U+6267) in font [lmroman10-regular]:mapping=t
ex-text;!
Missing character: There is no 行 (U+884C) in font [lmroman10-regular]:mapping=t
ex-text;!
Missing character: There is no 结 (U+7ED3) in font [lmroman10-regular]:mapping=t
ex-text;!
Missing character: There is no 果 (U+679C) in font [lmroman10-regular]:mapping=t
ex-text;!
Missing character: There is no 的 (U+7684) in font [lmroman10-regular]:mapping=t
ex-text;!
Missing character: There is no 响 (U+54CD) in font [lmroman10-regular]:mapping=t
ex-text;!
Missing character: There is no 应 (U+5E94) in font [lmroman10-regular]:mapping=t
ex-text;!
Missing character: There is no 对 (U+5BF9) in font [lmroman10-regular]:mapping=t
ex-text;!
Missing character: There is no 象 (U+8C61) in font [lmroman10-regular]:mapping=t
ex-text;!
Missing character: There is no 。 (U+3002) in font [lmroman10-regular]:mapping=t
ex-text;!
Missing character: There is no 在 (U+5728) in font [lmroman10-regular]:mapping=t
ex-text;!
Missing character: There is no 机 (U+673A) in font [lmroman10-regular]:mapping=t
ex-text;!
Missing character: There is no 器 (U+5668) in font [lmroman10-regular]:mapping=t
ex-text;!
Missing character: There is no 人 (U+4EBA) in font [lmroman10-regular]:mapping=t
ex-text;!
Missing character: There is no 上 (U+4E0A) in font [lmroman10-regular]:mapping=t
ex-text;!
Missing character: There is no 单 (U+5355) in font [lmroman10-regular]:mapping=t
ex-text;!
Missing character: There is no 步 (U+6B65) in font [lmroman10-regular]:mapping=t
ex-text;!
Missing character: There is no 运 (U+8FD0) in font [lmroman10-regular]:mapping=t
ex-text;!
Missing character: There is no 行 (U+884C) in font [lmroman10-regular]:mapping=t
ex-text;!
Missing character: There is no 工 (U+5DE5) in font [lmroman10-regular]:mapping=t
ex-text;!
Missing character: There is no 程 (U+7A0B) in font [lmroman10-regular]:mapping=t
ex-text;!
Missing character: There is no 工 (U+5DE5) in font [lmroman10-regular]:mapping=t
ex-text;!
Missing character: There is no 程 (U+7A0B) in font [lmroman10-regular]:mapping=t
ex-text;!
Missing character: There is no 。 (U+3002) in font [lmroman10-regular]:mapping=t
ex-text;!
Missing character: There is no 请 (U+8BF7) in font [lmroman10-regular]:mapping=t
ex-text;!
Missing character: There is no 求 (U+6C42) in font [lmroman10-regular]:mapping=t
ex-text;!
Missing character: There is no 。 (U+3002) in font [lmroman10-regular]:mapping=t
ex-text;!
Missing character: There is no 参 (U+53C2) in font [lmroman10-regular]:mapping=t
ex-text;!
Missing character: There is no 数 (U+6570) in font [lmroman10-regular]:mapping=t
ex-text;!
Missing character: There is no 参 (U+53C2) in font [lmroman10-regular]:mapping=t
ex-text;!
Missing character: There is no 数 (U+6570) in font [lmroman10-regular]:mapping=t
ex-text;!
Missing character: There is no 工 (U+5DE5) in font [lmroman10-regular]:mapping=t
ex-text;!
Missing character: There is no 程 (U+7A0B) in font [lmroman10-regular]:mapping=t
ex-text;!
Missing character: There is no 。 (U+3002) in font [lmroman10-regular]:mapping=t
ex-text;!
Missing character: There is no 请 (U+8BF7) in font [lmroman10-regular]:mapping=t
ex-text;!
Missing character: There is no 求 (U+6C42) in font [lmroman10-regular]:mapping=t
ex-text;!
Missing character: There is no 。 (U+3002) in font [lmroman10-regular]:mapping=t
ex-text;!
Missing character: There is no 参 (U+53C2) in font [lmroman10-regular]:mapping=t
ex-text;!
Missing character: There is no 数 (U+6570) in font [lmroman10-regular]:mapping=t
ex-text;!
Missing character: There is no 参 (U+53C2) in font [lmroman10-regular]:mapping=t
ex-text;!
Missing character: There is no 数 (U+6570) in font [lmroman10-regular]:mapping=t
ex-text;!
Missing character: There is no 工 (U+5DE5) in font [lmroman10-regular]:mapping=t
ex-text;!
Missing character: There is no 程 (U+7A0B) in font [lmroman10-regular]:mapping=t
ex-text;!
Missing character: There is no 。 (U+3002) in font [lmroman10-regular]:mapping=t
ex-text;!
Missing character: There is no 请 (U+8BF7) in font [lmroman10-regular]:mapping=t
ex-text;!
Missing character: There is no 求 (U+6C42) in font [lmroman10-regular]:mapping=t
ex-text;!
Missing character: There is no 。 (U+3002) in font [lmroman10-regular]:mapping=t
ex-text;!

Package longtable Warning: Column widths have changed
(longtable)                in table 5.42 on input line 996.

Missing character: There is no 类 (U+7C7B) in font [lmroman10-regular]:mapping=t
ex-text;!
Missing character: There is no 参 (U+53C2) in font [lmroman10-regular]:mapping=t
ex-text;!
Missing character: There is no 考 (U+8003) in font [lmroman10-regular]:mapping=t
ex-text;!
Missing character: There is no 制 (U+5236) in font [lmroman7-regular]:mapping=te
x-text;!
Missing character: There is no 作 (U+4F5C) in font [lmroman7-regular]:mapping=te
x-text;!
Missing character: There is no 者 (U+8005) in font [lmroman7-regular]:mapping=te
x-text;!
[29]
Missing character: There is no 返 (U+8FD4) in font [lmroman10-regular]:mapping=t
ex-text;!
Missing character: There is no 回 (U+56DE) in font [lmroman10-regular]:mapping=t
ex-text;!

Underfull \hbox (badness 10000) detected at line 997
[][][]
 []

Missing character: There is no 包 (U+5305) in font [lmroman10-regular]:mapping=t
ex-text;!
Missing character: There is no 含 (U+542B) in font [lmroman10-regular]:mapping=t
ex-text;!
Missing character: There is no 指 (U+6307) in font [lmroman10-regular]:mapping=t
ex-text;!
Missing character: There is no 令 (U+4EE4) in font [lmroman10-regular]:mapping=t
ex-text;!
Missing character: There is no 执 (U+6267) in font [lmroman10-regular]:mapping=t
ex-text;!
Missing character: There is no 行 (U+884C) in font [lmroman10-regular]:mapping=t
ex-text;!
Missing character: There is no 结 (U+7ED3) in font [lmroman10-regular]:mapping=t
ex-text;!
Missing character: There is no 果 (U+679C) in font [lmroman10-regular]:mapping=t
ex-text;!
Missing character: There is no 的 (U+7684) in font [lmroman10-regular]:mapping=t
ex-text;!
Missing character: There is no 响 (U+54CD) in font [lmroman10-regular]:mapping=t
ex-text;!
Missing character: There is no 应 (U+5E94) in font [lmroman10-regular]:mapping=t
ex-text;!
Missing character: There is no 对 (U+5BF9) in font [lmroman10-regular]:mapping=t
ex-text;!
Missing character: There is no 象 (U+8C61) in font [lmroman10-regular]:mapping=t
ex-text;!
Missing character: There is no 。 (U+3002) in font [lmroman10-regular]:mapping=t
ex-text;!
Missing character: There is no 将 (U+5C06) in font [lmroman10-regular]:mapping=t
ex-text;!
Missing character: There is no 全 (U+5168) in font [lmroman10-regular]:mapping=t
ex-text;!
Missing character: There is no 局 (U+5C40) in font [lmroman10-regular]:mapping=t
ex-text;!
Missing character: There is no 变 (U+53D8) in font [lmroman10-regular]:mapping=t
ex-text;!
Missing character: There is no 量 (U+91CF) in font [lmroman10-regular]:mapping=t
ex-text;!
Missing character: There is no 列 (U+5217) in font [lmroman10-regular]:mapping=t
ex-text;!
Missing character: There is no 表 (U+8868) in font [lmroman10-regular]:mapping=t
ex-text;!
Missing character: There is no 保 (U+4FDD) in font [lmroman10-regular]:mapping=t
ex-text;!
Missing character: There is no 存 (U+5B58) in font [lmroman10-regular]:mapping=t
ex-text;!
Missing character: There is no 到 (U+5230) in font [lmroman10-regular]:mapping=t
ex-text;!
Missing character: There is no 机 (U+673A) in font [lmroman10-regular]:mapping=t
ex-text;!
Missing character: There is no 器 (U+5668) in font [lmroman10-regular]:mapping=t
ex-text;!
Missing character: There is no 人 (U+4EBA) in font [lmroman10-regular]:mapping=t
ex-text;!
Missing character: There is no 要 (U+8981) in font [lmroman10-regular]:mapping=t
ex-text;!
Missing character: There is no 保 (U+4FDD) in font [lmroman10-regular]:mapping=t
ex-text;!
Missing character: There is no 存 (U+5B58) in font [lmroman10-regular]:mapping=t
ex-text;!
Missing character: There is no 的 (U+7684) in font [lmroman10-regular]:mapping=t
ex-text;!
Missing character: There is no 全 (U+5168) in font [lmroman10-regular]:mapping=t
ex-text;!
Missing character: There is no 局 (U+5C40) in font [lmroman10-regular]:mapping=t
ex-text;!
Missing character: There is no 变 (U+53D8) in font [lmroman10-regular]:mapping=t
ex-text;!
Missing character: There is no 量 (U+91CF) in font [lmroman10-regular]:mapping=t
ex-text;!
Missing character: There is no 映 (U+6620) in font [lmroman10-regular]:mapping=t
ex-text;!
Missing character: There is no 射 (U+5C04) in font [lmroman10-regular]:mapping=t
ex-text;!
Missing character: There is no 。 (U+3002) in font [lmroman10-regular]:mapping=t
ex-text;!
Missing character: There is no 请 (U+8BF7) in font [lmroman10-regular]:mapping=t
ex-text;!
Missing character: There is no 求 (U+6C42) in font [lmroman10-regular]:mapping=t
ex-text;!
Missing character: There is no 。 (U+3002) in font [lmroman10-regular]:mapping=t
ex-text;!
Missing character: There is no 参 (U+53C2) in font [lmroman10-regular]:mapping=t
ex-text;!
Missing character: There is no 数 (U+6570) in font [lmroman10-regular]:mapping=t
ex-text;!
Missing character: There is no 参 (U+53C2) in font [lmroman10-regular]:mapping=t
ex-text;!
Missing character: There is no 数 (U+6570) in font [lmroman10-regular]:mapping=t
ex-text;!
Missing character: There is no 要 (U+8981) in font [lmroman10-regular]:mapping=t
ex-text;!
Missing character: There is no 保 (U+4FDD) in font [lmroman10-regular]:mapping=t
ex-text;!
Missing character: There is no 存 (U+5B58) in font [lmroman10-regular]:mapping=t
ex-text;!
Missing character: There is no 的 (U+7684) in font [lmroman10-regular]:mapping=t
ex-text;!
Missing character: There is no 全 (U+5168) in font [lmroman10-regular]:mapping=t
ex-text;!
Missing character: There is no 局 (U+5C40) in font [lmroman10-regular]:mapping=t
ex-text;!
Missing character: There is no 变 (U+53D8) in font [lmroman10-regular]:mapping=t
ex-text;!
Missing character: There is no 量 (U+91CF) in font [lmroman10-regular]:mapping=t
ex-text;!
Missing character: There is no 映 (U+6620) in font [lmroman10-regular]:mapping=t
ex-text;!
Missing character: There is no 射 (U+5C04) in font [lmroman10-regular]:mapping=t
ex-text;!
Missing character: There is no 。 (U+3002) in font [lmroman10-regular]:mapping=t
ex-text;!
Missing character: There is no 请 (U+8BF7) in font [lmroman10-regular]:mapping=t
ex-text;!
Missing character: There is no 求 (U+6C42) in font [lmroman10-regular]:mapping=t
ex-text;!
Missing character: There is no 。 (U+3002) in font [lmroman10-regular]:mapping=t
ex-text;!
Missing character: There is no 参 (U+53C2) in font [lmroman10-regular]:mapping=t
ex-text;!
Missing character: There is no 数 (U+6570) in font [lmroman10-regular]:mapping=t
ex-text;!
Missing character: There is no 参 (U+53C2) in font [lmroman10-regular]:mapping=t
ex-text;!
Missing character: There is no 数 (U+6570) in font [lmroman10-regular]:mapping=t
ex-text;!
Missing character: There is no 要 (U+8981) in font [lmroman10-regular]:mapping=t
ex-text;!
Missing character: There is no 保 (U+4FDD) in font [lmroman10-regular]:mapping=t
ex-text;!
Missing character: There is no 存 (U+5B58) in font [lmroman10-regular]:mapping=t
ex-text;!
Missing character: There is no 的 (U+7684) in font [lmroman10-regular]:mapping=t
ex-text;!
Missing character: There is no 全 (U+5168) in font [lmroman10-regular]:mapping=t
ex-text;!
Missing character: There is no 局 (U+5C40) in font [lmroman10-regular]:mapping=t
ex-text;!
Missing character: There is no 变 (U+53D8) in font [lmroman10-regular]:mapping=t
ex-text;!
Missing character: There is no 量 (U+91CF) in font [lmroman10-regular]:mapping=t
ex-text;!
Missing character: There is no 映 (U+6620) in font [lmroman10-regular]:mapping=t
ex-text;!
Missing character: There is no 射 (U+5C04) in font [lmroman10-regular]:mapping=t
ex-text;!
Missing character: There is no 。 (U+3002) in font [lmroman10-regular]:mapping=t
ex-text;!
Missing character: There is no 请 (U+8BF7) in font [lmroman10-regular]:mapping=t
ex-text;!
Missing character: There is no 求 (U+6C42) in font [lmroman10-regular]:mapping=t
ex-text;!
Missing character: There is no 。 (U+3002) in font [lmroman10-regular]:mapping=t
ex-text;!

Package longtable Warning: Column widths have changed
(longtable)                in table 5.43 on input line 1016.

Missing character: There is no 返 (U+8FD4) in font [lmroman10-regular]:mapping=t
ex-text;!
Missing character: There is no 回 (U+56DE) in font [lmroman10-regular]:mapping=t
ex-text;!

Underfull \hbox (badness 10000) detected at line 1017
[][][]
 []

Missing character: There is no 包 (U+5305) in font [lmroman10-regular]:mapping=t
ex-text;!
Missing character: There is no 含 (U+542B) in font [lmroman10-regular]:mapping=t
ex-text;!
Missing character: There is no 指 (U+6307) in font [lmroman10-regular]:mapping=t
ex-text;!
Missing character: There is no 令 (U+4EE4) in font [lmroman10-regular]:mapping=t
ex-text;!
Missing character: There is no 执 (U+6267) in font [lmroman10-regular]:mapping=t
ex-text;!
Missing character: There is no 行 (U+884C) in font [lmroman10-regular]:mapping=t
ex-text;!
Missing character: There is no 结 (U+7ED3) in font [lmroman10-regular]:mapping=t
ex-text;!
Missing character: There is no 果 (U+679C) in font [lmroman10-regular]:mapping=t
ex-text;!
Missing character: There is no 的 (U+7684) in font [lmroman10-regular]:mapping=t
ex-text;!
Missing character: There is no 响 (U+54CD) in font [lmroman10-regular]:mapping=t
ex-text;!
Missing character: There is no 应 (U+5E94) in font [lmroman10-regular]:mapping=t
ex-text;!
Missing character: There is no 对 (U+5BF9) in font [lmroman10-regular]:mapping=t
ex-text;!
Missing character: There is no 象 (U+8C61) in font [lmroman10-regular]:mapping=t
ex-text;!
Missing character: There is no 。 (U+3002) in font [lmroman10-regular]:mapping=t
ex-text;!
Missing character: There is no 向 (U+5411) in font [lmroman10-regular]:mapping=t
ex-text;!
Missing character: There is no 机 (U+673A) in font [lmroman10-regular]:mapping=t
ex-text;!
Missing character: There is no 器 (U+5668) in font [lmroman10-regular]:mapping=t
ex-text;!
Missing character: There is no 人 (U+4EBA) in font [lmroman10-regular]:mapping=t
ex-text;!
Missing character: There is no 发 (U+53D1) in font [lmroman10-regular]:mapping=t
ex-text;!
Missing character: There is no 送 (U+9001) in font [lmroman10-regular]:mapping=t
ex-text;!
Missing character: There is no 指 (U+6307) in font [lmroman10-regular]:mapping=t
ex-text;!
Missing character: There is no 令 (U+4EE4) in font [lmroman10-regular]:mapping=t
ex-text;!
Missing character: There is no 指 (U+6307) in font [lmroman10-regular]:mapping=t
ex-text;!
Missing character: There is no 令 (U+4EE4) in font [lmroman10-regular]:mapping=t
ex-text;!
Missing character: There is no 类 (U+7C7B) in font [lmroman10-regular]:mapping=t
ex-text;!
Missing character: There is no 型 (U+578B) in font [lmroman10-regular]:mapping=t
ex-text;!
Missing character: There is no ， (U+FF0C) in font [lmroman10-regular]:mapping=t
ex-text;!
Missing character: There is no 例 (U+4F8B) in font [lmroman10-regular]:mapping=t
ex-text;!
Missing character: There is no 如 (U+5982) in font [lmroman10-regular]:mapping=t
ex-text;!
Missing character: There is no 、 (U+3001) in font [lmroman10-regular]:mapping=t
ex-text;!
Missing character: There is no 等 (U+7B49) in font [lmroman10-regular]:mapping=t
ex-text;!
Missing character: There is no 。 (U+3002) in font [lmroman10-regular]:mapping=t
ex-text;!
Missing character: There is no 指 (U+6307) in font [lmroman10-regular]:mapping=t
ex-text;!
Missing character: There is no 令 (U+4EE4) in font [lmroman10-regular]:mapping=t
ex-text;!
Missing character: There is no 数 (U+6570) in font [lmroman10-regular]:mapping=t
ex-text;!
Missing character: There is no 据 (U+636E) in font [lmroman10-regular]:mapping=t
ex-text;!
Missing character: There is no ， (U+FF0C) in font [lmroman10-regular]:mapping=t
ex-text;!
Missing character: There is no 格 (U+683C) in font [lmroman10-regular]:mapping=t
ex-text;!
Missing character: There is no 式 (U+5F0F) in font [lmroman10-regular]:mapping=t
ex-text;!
Missing character: There is no ， (U+FF0C) in font [lmroman10-regular]:mapping=t
ex-text;!
Missing character: There is no 根 (U+6839) in font [lmroman10-regular]:mapping=t
ex-text;!
Missing character: There is no 据 (U+636E) in font [lmroman10-regular]:mapping=t
ex-text;!
Missing character: There is no 不 (U+4E0D) in font [lmroman10-regular]:mapping=t
ex-text;!
Missing character: There is no 同 (U+540C) in font [lmroman10-regular]:mapping=t
ex-text;!
Missing character: There is no 指 (U+6307) in font [lmroman10-regular]:mapping=t
ex-text;!
Missing character: There is no 令 (U+4EE4) in font [lmroman10-regular]:mapping=t
ex-text;!
Missing character: There is no 类 (U+7C7B) in font [lmroman10-regular]:mapping=t
ex-text;!
Missing character: There is no 型 (U+578B) in font [lmroman10-regular]:mapping=t
ex-text;!
Missing character: There is no 具 (U+5177) in font [lmroman10-regular]:mapping=t
ex-text;!
Missing character: There is no 体 (U+4F53) in font [lmroman10-regular]:mapping=t
ex-text;!
Missing character: There is no 定 (U+5B9A) in font [lmroman10-regular]:mapping=t
ex-text;!
Missing character: There is no 义 (U+4E49) in font [lmroman10-regular]:mapping=t
ex-text;!
Missing character: There is no 。 (U+3002) in font [lmroman10-regular]:mapping=t
ex-text;!
Missing character: There is no 请 (U+8BF7) in font [lmroman10-regular]:mapping=t
ex-text;!
Missing character: There is no 求 (U+6C42) in font [lmroman10-regular]:mapping=t
ex-text;!
Missing character: There is no ， (U+FF0C) in font [lmroman10-regular]:mapping=t
ex-text;!
Missing character: There is no 用 (U+7528) in font [lmroman10-regular]:mapping=t
ex-text;!
Missing character: There is no 于 (U+4E8E) in font [lmroman10-regular]:mapping=t
ex-text;!
Missing character: There is no 匹 (U+5339) in font [lmroman10-regular]:mapping=t
ex-text;!
Missing character: There is no 配 (U+914D) in font [lmroman10-regular]:mapping=t
ex-text;!
Missing character: There is no 响 (U+54CD) in font [lmroman10-regular]:mapping=t
ex-text;!
Missing character: There is no 应 (U+5E94) in font [lmroman10-regular]:mapping=t
ex-text;!
Missing character: There is no ， (U+FF0C) in font [lmroman10-regular]:mapping=t
ex-text;!
Missing character: There is no 默 (U+9ED8) in font [lmroman10-regular]:mapping=t
ex-text;!
Missing character: There is no 认 (U+8BA4) in font [lmroman10-regular]:mapping=t
ex-text;!
Missing character: There is no 为 (U+4E3A) in font [lmroman10-regular]:mapping=t
ex-text;!
Missing character: There is no 。 (U+3002) in font [lmroman10-regular]:mapping=t
ex-text;!
Missing character: There is no 参 (U+53C2) in font [lmroman10-regular]:mapping=t
ex-text;!
Missing character: There is no 数 (U+6570) in font [lmroman10-regular]:mapping=t
ex-text;!
Missing character: There is no 参 (U+53C2) in font [lmroman10-regular]:mapping=t
ex-text;!
Missing character: There is no 数 (U+6570) in font [lmroman10-regular]:mapping=t
ex-text;!
Missing character: There is no 指 (U+6307) in font [lmroman10-regular]:mapping=t
ex-text;!
Missing character: There is no 令 (U+4EE4) in font [lmroman10-regular]:mapping=t
ex-text;!
Missing character: There is no 类 (U+7C7B) in font [lmroman10-regular]:mapping=t
ex-text;!
Missing character: There is no 型 (U+578B) in font [lmroman10-regular]:mapping=t
ex-text;!
Missing character: There is no ， (U+FF0C) in font [lmroman10-regular]:mapping=t
ex-text;!
Missing character: There is no 例 (U+4F8B) in font [lmroman10-regular]:mapping=t
ex-text;!
Missing character: There is no 如 (U+5982) in font [lmroman10-regular]:mapping=t
ex-text;!
Missing character: There is no 、 (U+3001) in font [lmroman10-regular]:mapping=t
ex-text;!
Missing character: There is no 等 (U+7B49) in font [lmroman10-regular]:mapping=t
ex-text;!
Missing character: There is no 。 (U+3002) in font [lmroman10-regular]:mapping=t
ex-text;!
Missing character: There is no 指 (U+6307) in font [lmroman10-regular]:mapping=t
ex-text;!
Missing character: There is no 令 (U+4EE4) in font [lmroman10-regular]:mapping=t
ex-text;!
Missing character: There is no 数 (U+6570) in font [lmroman10-regular]:mapping=t
ex-text;!
Missing character: There is no 据 (U+636E) in font [lmroman10-regular]:mapping=t
ex-text;!
Missing character: There is no ， (U+FF0C) in font [lmroman10-regular]:mapping=t
ex-text;!
Missing character: There is no 格 (U+683C) in font [lmroman10-regular]:mapping=t
ex-text;!
Missing character: There is no 式 (U+5F0F) in font [lmroman10-regular]:mapping=t
ex-text;!
Missing character: There is no ， (U+FF0C) in font [lmroman10-regular]:mapping=t
ex-text;!
Missing character: There is no 根 (U+6839) in font [lmroman10-regular]:mapping=t
ex-text;!
Missing character: There is no 据 (U+636E) in font [lmroman10-regular]:mapping=t
ex-text;!
Missing character: There is no 不 (U+4E0D) in font [lmroman10-regular]:mapping=t
ex-text;!
Missing character: There is no 同 (U+540C) in font [lmroman10-regular]:mapping=t
ex-text;!
Missing character: There is no 指 (U+6307) in font [lmroman10-regular]:mapping=t
ex-text;!
Missing character: There is no 令 (U+4EE4) in font [lmroman10-regular]:mapping=t
ex-text;!
Missing character: There is no 类 (U+7C7B) in font [lmroman10-regular]:mapping=t
ex-text;!
Missing character: There is no 型 (U+578B) in font [lmroman10-regular]:mapping=t
ex-text;!
Missing character: There is no 具 (U+5177) in font [lmroman10-regular]:mapping=t
ex-text;!
Missing character: There is no 体 (U+4F53) in font [lmroman10-regular]:mapping=t
ex-text;!
Missing character: There is no 定 (U+5B9A) in font [lmroman10-regular]:mapping=t
ex-text;!
Missing character: There is no 义 (U+4E49) in font [lmroman10-regular]:mapping=t
ex-text;!
Missing character: There is no 。 (U+3002) in font [lmroman10-regular]:mapping=t
ex-text;!
Missing character: There is no 请 (U+8BF7) in font [lmroman10-regular]:mapping=t
ex-text;!
Missing character: There is no 求 (U+6C42) in font [lmroman10-regular]:mapping=t
ex-text;!
Missing character: There is no ， (U+FF0C) in font [lmroman10-regular]:mapping=t
ex-text;!
Missing character: There is no 用 (U+7528) in font [lmroman10-regular]:mapping=t
ex-text;!
Missing character: There is no 于 (U+4E8E) in font [lmroman10-regular]:mapping=t
ex-text;!
Missing character: There is no 匹 (U+5339) in font [lmroman10-regular]:mapping=t
ex-text;!
Missing character: There is no 配 (U+914D) in font [lmroman10-regular]:mapping=t
ex-text;!
Missing character: There is no 响 (U+54CD) in font [lmroman10-regular]:mapping=t
ex-text;!
Missing character: There is no 应 (U+5E94) in font [lmroman10-regular]:mapping=t
ex-text;!
Missing character: There is no ， (U+FF0C) in font [lmroman10-regular]:mapping=t
ex-text;!
Missing character: There is no 默 (U+9ED8) in font [lmroman10-regular]:mapping=t
ex-text;!
Missing character: There is no 认 (U+8BA4) in font [lmroman10-regular]:mapping=t
ex-text;!
Missing character: There is no 为 (U+4E3A) in font [lmroman10-regular]:mapping=t
ex-text;!
Missing character: There is no 。 (U+3002) in font [lmroman10-regular]:mapping=t
ex-text;!
Missing character: There is no 参 (U+53C2) in font [lmroman10-regular]:mapping=t
ex-text;!
Missing character: There is no 数 (U+6570) in font [lmroman10-regular]:mapping=t
ex-text;!
Missing character: There is no 参 (U+53C2) in font [lmroman10-regular]:mapping=t
ex-text;!
Missing character: There is no 数 (U+6570) in font [lmroman10-regular]:mapping=t
ex-text;!
Missing character: There is no 指 (U+6307) in font [lmroman10-regular]:mapping=t
ex-text;!
Missing character: There is no 令 (U+4EE4) in font [lmroman10-regular]:mapping=t
ex-text;!
Missing character: There is no 类 (U+7C7B) in font [lmroman10-regular]:mapping=t
ex-text;!
Missing character: There is no 型 (U+578B) in font [lmroman10-regular]:mapping=t
ex-text;!
Missing character: There is no ， (U+FF0C) in font [lmroman10-regular]:mapping=t
ex-text;!
Missing character: There is no 例 (U+4F8B) in font [lmroman10-regular]:mapping=t
ex-text;!
Missing character: There is no 如 (U+5982) in font [lmroman10-regular]:mapping=t
ex-text;!
Missing character: There is no 、 (U+3001) in font [lmroman10-regular]:mapping=t
ex-text;!
Missing character: There is no 等 (U+7B49) in font [lmroman10-regular]:mapping=t
ex-text;!
Missing character: There is no 。 (U+3002) in font [lmroman10-regular]:mapping=t
ex-text;!
Missing character: There is no 指 (U+6307) in font [lmroman10-regular]:mapping=t
ex-text;!
Missing character: There is no 令 (U+4EE4) in font [lmroman10-regular]:mapping=t
ex-text;!
Missing character: There is no 数 (U+6570) in font [lmroman10-regular]:mapping=t
ex-text;!
Missing character: There is no 据 (U+636E) in font [lmroman10-regular]:mapping=t
ex-text;!
Missing character: There is no ， (U+FF0C) in font [lmroman10-regular]:mapping=t
ex-text;!
Missing character: There is no 格 (U+683C) in font [lmroman10-regular]:mapping=t
ex-text;!
Missing character: There is no 式 (U+5F0F) in font [lmroman10-regular]:mapping=t
ex-text;!
Missing character: There is no ， (U+FF0C) in font [lmroman10-regular]:mapping=t
ex-text;!
Missing character: There is no 根 (U+6839) in font [lmroman10-regular]:mapping=t
ex-text;!
Missing character: There is no 据 (U+636E) in font [lmroman10-regular]:mapping=t
ex-text;!
Missing character: There is no 不 (U+4E0D) in font [lmroman10-regular]:mapping=t
ex-text;!
Missing character: There is no 同 (U+540C) in font [lmroman10-regular]:mapping=t
ex-text;!
Missing character: There is no 指 (U+6307) in font [lmroman10-regular]:mapping=t
ex-text;!
Missing character: There is no 令 (U+4EE4) in font [lmroman10-regular]:mapping=t
ex-text;!
Missing character: There is no 类 (U+7C7B) in font [lmroman10-regular]:mapping=t
ex-text;!
Missing character: There is no 型 (U+578B) in font [lmroman10-regular]:mapping=t
ex-text;!
Missing character: There is no 具 (U+5177) in font [lmroman10-regular]:mapping=t
ex-text;!
Missing character: There is no 体 (U+4F53) in font [lmroman10-regular]:mapping=t
ex-text;!
Missing character: There is no 定 (U+5B9A) in font [lmroman10-regular]:mapping=t
ex-text;!
Missing character: There is no 义 (U+4E49) in font [lmroman10-regular]:mapping=t
ex-text;!
Missing character: There is no 。 (U+3002) in font [lmroman10-regular]:mapping=t
ex-text;!
Missing character: There is no 请 (U+8BF7) in font [lmroman10-regular]:mapping=t
ex-text;!
Missing character: There is no 求 (U+6C42) in font [lmroman10-regular]:mapping=t
ex-text;!
Missing character: There is no ， (U+FF0C) in font [lmroman10-regular]:mapping=t
ex-text;!
Missing character: There is no 用 (U+7528) in font [lmroman10-regular]:mapping=t
ex-text;!
Missing character: There is no 于 (U+4E8E) in font [lmroman10-regular]:mapping=t
ex-text;!
Missing character: There is no 匹 (U+5339) in font [lmroman10-regular]:mapping=t
ex-text;!
Missing character: There is no 配 (U+914D) in font [lmroman10-regular]:mapping=t
ex-text;!
Missing character: There is no 响 (U+54CD) in font [lmroman10-regular]:mapping=t
ex-text;!
Missing character: There is no 应 (U+5E94) in font [lmroman10-regular]:mapping=t
ex-text;!
Missing character: There is no ， (U+FF0C) in font [lmroman10-regular]:mapping=t
ex-text;!
Missing character: There is no 默 (U+9ED8) in font [lmroman10-regular]:mapping=t
ex-text;!
Missing character: There is no 认 (U+8BA4) in font [lmroman10-regular]:mapping=t
ex-text;!
Missing character: There is no 为 (U+4E3A) in font [lmroman10-regular]:mapping=t
ex-text;!
Missing character: There is no 。 (U+3002) in font [lmroman10-regular]:mapping=t
ex-text;!

Package longtable Warning: Column widths have changed
(longtable)                in table 5.44 on input line 1038.

Missing character: There is no 返 (U+8FD4) in font [lmroman10-regular]:mapping=t
ex-text;!
Missing character: There is no 回 (U+56DE) in font [lmroman10-regular]:mapping=t
ex-text;!

Underfull \hbox (badness 10000) detected at line 1039
[][][]
 []

Missing character: There is no 包 (U+5305) in font [lmroman10-regular]:mapping=t
ex-text;!
Missing character: There is no 含 (U+542B) in font [lmroman10-regular]:mapping=t
ex-text;!
Missing character: There is no 指 (U+6307) in font [lmroman10-regular]:mapping=t
ex-text;!
Missing character: There is no 令 (U+4EE4) in font [lmroman10-regular]:mapping=t
ex-text;!
Missing character: There is no 执 (U+6267) in font [lmroman10-regular]:mapping=t
ex-text;!
Missing character: There is no 行 (U+884C) in font [lmroman10-regular]:mapping=t
ex-text;!
Missing character: There is no 结 (U+7ED3) in font [lmroman10-regular]:mapping=t
ex-text;!
Missing character: There is no 果 (U+679C) in font [lmroman10-regular]:mapping=t
ex-text;!
Missing character: There is no 的 (U+7684) in font [lmroman10-regular]:mapping=t
ex-text;!
Missing character: There is no 响 (U+54CD) in font [lmroman10-regular]:mapping=t
ex-text;!
Missing character: There is no 应 (U+5E94) in font [lmroman10-regular]:mapping=t
ex-text;!
Missing character: There is no 对 (U+5BF9) in font [lmroman10-regular]:mapping=t
ex-text;!
Missing character: There is no 象 (U+8C61) in font [lmroman10-regular]:mapping=t
ex-text;!
Missing character: There is no 。 (U+3002) in font [lmroman10-regular]:mapping=t
ex-text;!
Missing character: There is no 设 (U+8BBE) in font [lmroman10-regular]:mapping=t
ex-text;!
Missing character: There is no 置 (U+7F6E) in font [lmroman10-regular]:mapping=t
ex-text;!
Missing character: There is no 模 (U+6A21) in font [lmroman10-regular]:mapping=t
ex-text;!
Missing character: There is no 拟 (U+62DF) in font [lmroman10-regular]:mapping=t
ex-text;!
Missing character: There is no 输 (U+8F93) in font [lmroman10-regular]:mapping=t
ex-text;!
Missing character: There is no 出 (U+51FA) in font [lmroman10-regular]:mapping=t
ex-text;!
Missing character: There is no 端 (U+7AEF) in font [lmroman10-regular]:mapping=t
ex-text;!
Missing character: There is no 口 (U+53E3) in font [lmroman10-regular]:mapping=t
ex-text;!
Missing character: There is no 的 (U+7684) in font [lmroman10-regular]:mapping=t
ex-text;!
Missing character: There is no 值 (U+503C) in font [lmroman10-regular]:mapping=t
ex-text;!
Missing character: There is no 端 (U+7AEF) in font [lmroman10-regular]:mapping=t
ex-text;!
Missing character: There is no 口 (U+53E3) in font [lmroman10-regular]:mapping=t
ex-text;!
Missing character: There is no 号 (U+53F7) in font [lmroman10-regular]:mapping=t
ex-text;!
Missing character: There is no 。 (U+3002) in font [lmroman10-regular]:mapping=t
ex-text;!
Missing character: There is no 要 (U+8981) in font [lmroman10-regular]:mapping=t
ex-text;!
Missing character: There is no 设 (U+8BBE) in font [lmroman10-regular]:mapping=t
ex-text;!
Missing character: There is no 置 (U+7F6E) in font [lmroman10-regular]:mapping=t
ex-text;!
Missing character: There is no 的 (U+7684) in font [lmroman10-regular]:mapping=t
ex-text;!
Missing character: There is no 值 (U+503C) in font [lmroman10-regular]:mapping=t
ex-text;!
Missing character: There is no 。 (U+3002) in font [lmroman10-regular]:mapping=t
ex-text;!
Missing character: There is no 请 (U+8BF7) in font [lmroman10-regular]:mapping=t
ex-text;!
Missing character: There is no 求 (U+6C42) in font [lmroman10-regular]:mapping=t
ex-text;!
Missing character: There is no 。 (U+3002) in font [lmroman10-regular]:mapping=t
ex-text;!
Missing character: There is no 参 (U+53C2) in font [lmroman10-regular]:mapping=t
ex-text;!
Missing character: There is no 数 (U+6570) in font [lmroman10-regular]:mapping=t
ex-text;!
Missing character: There is no 参 (U+53C2) in font [lmroman10-regular]:mapping=t
ex-text;!
Missing character: There is no 数 (U+6570) in font [lmroman10-regular]:mapping=t
ex-text;!
Missing character: There is no 端 (U+7AEF) in font [lmroman10-regular]:mapping=t
ex-text;!
Missing character: There is no 口 (U+53E3) in font [lmroman10-regular]:mapping=t
ex-text;!
Missing character: There is no 号 (U+53F7) in font [lmroman10-regular]:mapping=t
ex-text;!
Missing character: There is no 。 (U+3002) in font [lmroman10-regular]:mapping=t
ex-text;!
Missing character: There is no 要 (U+8981) in font [lmroman10-regular]:mapping=t
ex-text;!
Missing character: There is no 设 (U+8BBE) in font [lmroman10-regular]:mapping=t
ex-text;!
Missing character: There is no 置 (U+7F6E) in font [lmroman10-regular]:mapping=t
ex-text;!
Missing character: There is no 的 (U+7684) in font [lmroman10-regular]:mapping=t
ex-text;!
Missing character: There is no 值 (U+503C) in font [lmroman10-regular]:mapping=t
ex-text;!
Missing character: There is no 。 (U+3002) in font [lmroman10-regular]:mapping=t
ex-text;!
Missing character: There is no 请 (U+8BF7) in font [lmroman10-regular]:mapping=t
ex-text;!
Missing character: There is no 求 (U+6C42) in font [lmroman10-regular]:mapping=t
ex-text;!
Missing character: There is no 。 (U+3002) in font [lmroman10-regular]:mapping=t
ex-text;!
Missing character: There is no 参 (U+53C2) in font [lmroman10-regular]:mapping=t
ex-text;!
Missing character: There is no 数 (U+6570) in font [lmroman10-regular]:mapping=t
ex-text;!
Missing character: There is no 参 (U+53C2) in font [lmroman10-regular]:mapping=t
ex-text;!
Missing character: There is no 数 (U+6570) in font [lmroman10-regular]:mapping=t
ex-text;!
Missing character: There is no 端 (U+7AEF) in font [lmroman10-regular]:mapping=t
ex-text;!
Missing character: There is no 口 (U+53E3) in font [lmroman10-regular]:mapping=t
ex-text;!
Missing character: There is no 号 (U+53F7) in font [lmroman10-regular]:mapping=t
ex-text;!
Missing character: There is no 。 (U+3002) in font [lmroman10-regular]:mapping=t
ex-text;!
Missing character: There is no 要 (U+8981) in font [lmroman10-regular]:mapping=t
ex-text;!
Missing character: There is no 设 (U+8BBE) in font [lmroman10-regular]:mapping=t
ex-text;!
Missing character: There is no 置 (U+7F6E) in font [lmroman10-regular]:mapping=t
ex-text;!
Missing character: There is no 的 (U+7684) in font [lmroman10-regular]:mapping=t
ex-text;!
Missing character: There is no 值 (U+503C) in font [lmroman10-regular]:mapping=t
ex-text;!
Missing character: There is no 。 (U+3002) in font [lmroman10-regular]:mapping=t
ex-text;!
Missing character: There is no 请 (U+8BF7) in font [lmroman10-regular]:mapping=t
ex-text;!
Missing character: There is no 求 (U+6C42) in font [lmroman10-regular]:mapping=t
ex-text;!
Missing character: There is no 。 (U+3002) in font [lmroman10-regular]:mapping=t
ex-text;!
Missing character: There is no 类 (U+7C7B) in font [lmroman10-regular]:mapping=t
ex-text;!
Missing character: There is no 说 (U+8BF4) in font [lmroman10-regular]:mapping=t
ex-text;!
Missing character: There is no 明 (U+660E) in font [lmroman10-regular]:mapping=t
ex-text;!
Missing character: There is no 制 (U+5236) in font [lmroman7-regular]:mapping=te
x-text;!
Missing character: There is no 作 (U+4F5C) in font [lmroman7-regular]:mapping=te
x-text;!
Missing character: There is no 者 (U+8005) in font [lmroman7-regular]:mapping=te
x-text;!
[30]

Package longtable Warning: Column widths have changed
(longtable)                in table 5.45 on input line 1060.

Missing character: There is no 返 (U+8FD4) in font [lmroman10-regular]:mapping=t
ex-text;!
Missing character: There is no 回 (U+56DE) in font [lmroman10-regular]:mapping=t
ex-text;!

Underfull \hbox (badness 10000) detected at line 1061
[][][]
 []

Missing character: There is no 包 (U+5305) in font [lmroman10-regular]:mapping=t
ex-text;!
Missing character: There is no 含 (U+542B) in font [lmroman10-regular]:mapping=t
ex-text;!
Missing character: There is no 指 (U+6307) in font [lmroman10-regular]:mapping=t
ex-text;!
Missing character: There is no 令 (U+4EE4) in font [lmroman10-regular]:mapping=t
ex-text;!
Missing character: There is no 执 (U+6267) in font [lmroman10-regular]:mapping=t
ex-text;!
Missing character: There is no 行 (U+884C) in font [lmroman10-regular]:mapping=t
ex-text;!
Missing character: There is no 结 (U+7ED3) in font [lmroman10-regular]:mapping=t
ex-text;!
Missing character: There is no 果 (U+679C) in font [lmroman10-regular]:mapping=t
ex-text;!
Missing character: There is no 的 (U+7684) in font [lmroman10-regular]:mapping=t
ex-text;!
Missing character: There is no 响 (U+54CD) in font [lmroman10-regular]:mapping=t
ex-text;!
Missing character: There is no 应 (U+5E94) in font [lmroman10-regular]:mapping=t
ex-text;!
Missing character: There is no 对 (U+5BF9) in font [lmroman10-regular]:mapping=t
ex-text;!
Missing character: There is no 象 (U+8C61) in font [lmroman10-regular]:mapping=t
ex-text;!
Missing character: There is no 。 (U+3002) in font [lmroman10-regular]:mapping=t
ex-text;!
Missing character: There is no 设 (U+8BBE) in font [lmroman10-regular]:mapping=t
ex-text;!
Missing character: There is no 置 (U+7F6E) in font [lmroman10-regular]:mapping=t
ex-text;!
Missing character: There is no 机 (U+673A) in font [lmroman10-regular]:mapping=t
ex-text;!
Missing character: There is no 器 (U+5668) in font [lmroman10-regular]:mapping=t
ex-text;!
Missing character: There is no 人 (U+4EBA) in font [lmroman10-regular]:mapping=t
ex-text;!
Missing character: There is no 的 (U+7684) in font [lmroman10-regular]:mapping=t
ex-text;!
Missing character: There is no 自 (U+81EA) in font [lmroman10-regular]:mapping=t
ex-text;!
Missing character: There is no 动 (U+52A8) in font [lmroman10-regular]:mapping=t
ex-text;!
Missing character: There is no 运 (U+8FD0) in font [lmroman10-regular]:mapping=t
ex-text;!
Missing character: There is no 动 (U+52A8) in font [lmroman10-regular]:mapping=t
ex-text;!
Missing character: There is no 倍 (U+500D) in font [lmroman10-regular]:mapping=t
ex-text;!
Missing character: There is no 率 (U+7387) in font [lmroman10-regular]:mapping=t
ex-text;!
Missing character: There is no 速 (U+901F) in font [lmroman10-regular]:mapping=t
ex-text;!
Missing character: There is no 度 (U+5EA6) in font [lmroman10-regular]:mapping=t
ex-text;!
Missing character: There is no 倍 (U+500D) in font [lmroman10-regular]:mapping=t
ex-text;!
Missing character: There is no 率 (U+7387) in font [lmroman10-regular]:mapping=t
ex-text;!
Missing character: There is no ， (U+FF0C) in font [lmroman10-regular]:mapping=t
ex-text;!
Missing character: There is no 百 (U+767E) in font [lmroman10-regular]:mapping=t
ex-text;!
Missing character: There is no 分 (U+5206) in font [lmroman10-regular]:mapping=t
ex-text;!
Missing character: There is no 比 (U+6BD4) in font [lmroman10-regular]:mapping=t
ex-text;!
Missing character: There is no 形 (U+5F62) in font [lmroman10-regular]:mapping=t
ex-text;!
Missing character: There is no 式 (U+5F0F) in font [lmroman10-regular]:mapping=t
ex-text;!
Missing character: There is no （ (U+FF08) in font [lmroman10-regular]:mapping=t
ex-text;!
Missing character: There is no ） (U+FF09) in font [lmroman10-regular]:mapping=t
ex-text;!
Missing character: There is no 。 (U+3002) in font [lmroman10-regular]:mapping=t
ex-text;!
Missing character: There is no 请 (U+8BF7) in font [lmroman10-regular]:mapping=t
ex-text;!
Missing character: There is no 求 (U+6C42) in font [lmroman10-regular]:mapping=t
ex-text;!
Missing character: There is no 。 (U+3002) in font [lmroman10-regular]:mapping=t
ex-text;!
Missing character: There is no 参 (U+53C2) in font [lmroman10-regular]:mapping=t
ex-text;!
Missing character: There is no 数 (U+6570) in font [lmroman10-regular]:mapping=t
ex-text;!
Missing character: There is no 参 (U+53C2) in font [lmroman10-regular]:mapping=t
ex-text;!
Missing character: There is no 数 (U+6570) in font [lmroman10-regular]:mapping=t
ex-text;!
Missing character: There is no 速 (U+901F) in font [lmroman10-regular]:mapping=t
ex-text;!
Missing character: There is no 度 (U+5EA6) in font [lmroman10-regular]:mapping=t
ex-text;!
Missing character: There is no 倍 (U+500D) in font [lmroman10-regular]:mapping=t
ex-text;!
Missing character: There is no 率 (U+7387) in font [lmroman10-regular]:mapping=t
ex-text;!
Missing character: There is no ， (U+FF0C) in font [lmroman10-regular]:mapping=t
ex-text;!
Missing character: There is no 百 (U+767E) in font [lmroman10-regular]:mapping=t
ex-text;!
Missing character: There is no 分 (U+5206) in font [lmroman10-regular]:mapping=t
ex-text;!
Missing character: There is no 比 (U+6BD4) in font [lmroman10-regular]:mapping=t
ex-text;!
Missing character: There is no 形 (U+5F62) in font [lmroman10-regular]:mapping=t
ex-text;!
Missing character: There is no 式 (U+5F0F) in font [lmroman10-regular]:mapping=t
ex-text;!
Missing character: There is no （ (U+FF08) in font [lmroman10-regular]:mapping=t
ex-text;!
Missing character: There is no ） (U+FF09) in font [lmroman10-regular]:mapping=t
ex-text;!
Missing character: There is no 。 (U+3002) in font [lmroman10-regular]:mapping=t
ex-text;!
Missing character: There is no 请 (U+8BF7) in font [lmroman10-regular]:mapping=t
ex-text;!
Missing character: There is no 求 (U+6C42) in font [lmroman10-regular]:mapping=t
ex-text;!
Missing character: There is no 。 (U+3002) in font [lmroman10-regular]:mapping=t
ex-text;!
Missing character: There is no 参 (U+53C2) in font [lmroman10-regular]:mapping=t
ex-text;!
Missing character: There is no 数 (U+6570) in font [lmroman10-regular]:mapping=t
ex-text;!
Missing character: There is no 参 (U+53C2) in font [lmroman10-regular]:mapping=t
ex-text;!
Missing character: There is no 数 (U+6570) in font [lmroman10-regular]:mapping=t
ex-text;!
Missing character: There is no 速 (U+901F) in font [lmroman10-regular]:mapping=t
ex-text;!
Missing character: There is no 度 (U+5EA6) in font [lmroman10-regular]:mapping=t
ex-text;!
Missing character: There is no 倍 (U+500D) in font [lmroman10-regular]:mapping=t
ex-text;!
Missing character: There is no 率 (U+7387) in font [lmroman10-regular]:mapping=t
ex-text;!
Missing character: There is no ， (U+FF0C) in font [lmroman10-regular]:mapping=t
ex-text;!
Missing character: There is no 百 (U+767E) in font [lmroman10-regular]:mapping=t
ex-text;!
Missing character: There is no 分 (U+5206) in font [lmroman10-regular]:mapping=t
ex-text;!
Missing character: There is no 比 (U+6BD4) in font [lmroman10-regular]:mapping=t
ex-text;!
Missing character: There is no 形 (U+5F62) in font [lmroman10-regular]:mapping=t
ex-text;!
Missing character: There is no 式 (U+5F0F) in font [lmroman10-regular]:mapping=t
ex-text;!
Missing character: There is no （ (U+FF08) in font [lmroman10-regular]:mapping=t
ex-text;!
Missing character: There is no ） (U+FF09) in font [lmroman10-regular]:mapping=t
ex-text;!
Missing character: There is no 。 (U+3002) in font [lmroman10-regular]:mapping=t
ex-text;!
Missing character: There is no 请 (U+8BF7) in font [lmroman10-regular]:mapping=t
ex-text;!
Missing character: There is no 求 (U+6C42) in font [lmroman10-regular]:mapping=t
ex-text;!
Missing character: There is no 。 (U+3002) in font [lmroman10-regular]:mapping=t
ex-text;!

Package longtable Warning: Column widths have changed
(longtable)                in table 5.46 on input line 1080.

Missing character: There is no 返 (U+8FD4) in font [lmroman10-regular]:mapping=t
ex-text;!
Missing character: There is no 回 (U+56DE) in font [lmroman10-regular]:mapping=t
ex-text;!

Underfull \hbox (badness 10000) detected at line 1081
[][][]
 []

Missing character: There is no 包 (U+5305) in font [lmroman10-regular]:mapping=t
ex-text;!
Missing character: There is no 含 (U+542B) in font [lmroman10-regular]:mapping=t
ex-text;!
Missing character: There is no 指 (U+6307) in font [lmroman10-regular]:mapping=t
ex-text;!
Missing character: There is no 令 (U+4EE4) in font [lmroman10-regular]:mapping=t
ex-text;!
Missing character: There is no 执 (U+6267) in font [lmroman10-regular]:mapping=t
ex-text;!
Missing character: There is no 行 (U+884C) in font [lmroman10-regular]:mapping=t
ex-text;!
Missing character: There is no 结 (U+7ED3) in font [lmroman10-regular]:mapping=t
ex-text;!
Missing character: There is no 果 (U+679C) in font [lmroman10-regular]:mapping=t
ex-text;!
Missing character: There is no 的 (U+7684) in font [lmroman10-regular]:mapping=t
ex-text;!
Missing character: There is no 响 (U+54CD) in font [lmroman10-regular]:mapping=t
ex-text;!
Missing character: There is no 应 (U+5E94) in font [lmroman10-regular]:mapping=t
ex-text;!
Missing character: There is no 对 (U+5BF9) in font [lmroman10-regular]:mapping=t
ex-text;!
Missing character: There is no 象 (U+8C61) in font [lmroman10-regular]:mapping=t
ex-text;!
Missing character: There is no 。 (U+3002) in font [lmroman10-regular]:mapping=t
ex-text;!
Missing character: There is no 设 (U+8BBE) in font [lmroman10-regular]:mapping=t
ex-text;!
Missing character: There is no 置 (U+7F6E) in font [lmroman10-regular]:mapping=t
ex-text;!
Missing character: There is no 机 (U+673A) in font [lmroman10-regular]:mapping=t
ex-text;!
Missing character: There is no 器 (U+5668) in font [lmroman10-regular]:mapping=t
ex-text;!
Missing character: There is no 人 (U+4EBA) in font [lmroman10-regular]:mapping=t
ex-text;!
Missing character: There is no 上 (U+4E0A) in font [lmroman10-regular]:mapping=t
ex-text;!
Missing character: There is no 的 (U+7684) in font [lmroman10-regular]:mapping=t
ex-text;!
Missing character: There is no 碰 (U+78B0) in font [lmroman10-regular]:mapping=t
ex-text;!
Missing character: There is no 撞 (U+649E) in font [lmroman10-regular]:mapping=t
ex-text;!
Missing character: There is no 灵 (U+7075) in font [lmroman10-regular]:mapping=t
ex-text;!
Missing character: There is no 敏 (U+654F) in font [lmroman10-regular]:mapping=t
ex-text;!
Missing character: There is no 度 (U+5EA6) in font [lmroman10-regular]:mapping=t
ex-text;!
Missing character: There is no 等 (U+7B49) in font [lmroman10-regular]:mapping=t
ex-text;!
Missing character: There is no 级 (U+7EA7) in font [lmroman10-regular]:mapping=t
ex-text;!
Missing character: There is no 碰 (U+78B0) in font [lmroman10-regular]:mapping=t
ex-text;!
Missing character: There is no 撞 (U+649E) in font [lmroman10-regular]:mapping=t
ex-text;!
Missing character: There is no 灵 (U+7075) in font [lmroman10-regular]:mapping=t
ex-text;!
Missing character: There is no 敏 (U+654F) in font [lmroman10-regular]:mapping=t
ex-text;!
Missing character: There is no 度 (U+5EA6) in font [lmroman10-regular]:mapping=t
ex-text;!
Missing character: There is no 等 (U+7B49) in font [lmroman10-regular]:mapping=t
ex-text;!
Missing character: There is no 级 (U+7EA7) in font [lmroman10-regular]:mapping=t
ex-text;!
Missing character: There is no （ (U+FF08) in font [lmroman10-regular]:mapping=t
ex-text;!
Missing character: There is no ） (U+FF09) in font [lmroman10-regular]:mapping=t
ex-text;!
Missing character: There is no 。 (U+3002) in font [lmroman10-regular]:mapping=t
ex-text;!
Missing character: There is no 请 (U+8BF7) in font [lmroman10-regular]:mapping=t
ex-text;!
Missing character: There is no 求 (U+6C42) in font [lmroman10-regular]:mapping=t
ex-text;!
Missing character: There is no 。 (U+3002) in font [lmroman10-regular]:mapping=t
ex-text;!
Missing character: There is no 参 (U+53C2) in font [lmroman10-regular]:mapping=t
ex-text;!
Missing character: There is no 数 (U+6570) in font [lmroman10-regular]:mapping=t
ex-text;!
Missing character: There is no 参 (U+53C2) in font [lmroman10-regular]:mapping=t
ex-text;!
Missing character: There is no 数 (U+6570) in font [lmroman10-regular]:mapping=t
ex-text;!
Missing character: There is no 碰 (U+78B0) in font [lmroman10-regular]:mapping=t
ex-text;!
Missing character: There is no 撞 (U+649E) in font [lmroman10-regular]:mapping=t
ex-text;!
Missing character: There is no 灵 (U+7075) in font [lmroman10-regular]:mapping=t
ex-text;!
Missing character: There is no 敏 (U+654F) in font [lmroman10-regular]:mapping=t
ex-text;!
Missing character: There is no 度 (U+5EA6) in font [lmroman10-regular]:mapping=t
ex-text;!
Missing character: There is no 等 (U+7B49) in font [lmroman10-regular]:mapping=t
ex-text;!
Missing character: There is no 级 (U+7EA7) in font [lmroman10-regular]:mapping=t
ex-text;!
Missing character: There is no （ (U+FF08) in font [lmroman10-regular]:mapping=t
ex-text;!
Missing character: There is no ） (U+FF09) in font [lmroman10-regular]:mapping=t
ex-text;!
Missing character: There is no 。 (U+3002) in font [lmroman10-regular]:mapping=t
ex-text;!
Missing character: There is no 请 (U+8BF7) in font [lmroman10-regular]:mapping=t
ex-text;!
Missing character: There is no 求 (U+6C42) in font [lmroman10-regular]:mapping=t
ex-text;!
Missing character: There is no 。 (U+3002) in font [lmroman10-regular]:mapping=t
ex-text;!
Missing character: There is no 参 (U+53C2) in font [lmroman10-regular]:mapping=t
ex-text;!
Missing character: There is no 数 (U+6570) in font [lmroman10-regular]:mapping=t
ex-text;!
Missing character: There is no 参 (U+53C2) in font [lmroman10-regular]:mapping=t
ex-text;!
Missing character: There is no 数 (U+6570) in font [lmroman10-regular]:mapping=t
ex-text;!
Missing character: There is no 碰 (U+78B0) in font [lmroman10-regular]:mapping=t
ex-text;!
Missing character: There is no 撞 (U+649E) in font [lmroman10-regular]:mapping=t
ex-text;!
Missing character: There is no 灵 (U+7075) in font [lmroman10-regular]:mapping=t
ex-text;!
Missing character: There is no 敏 (U+654F) in font [lmroman10-regular]:mapping=t
ex-text;!
Missing character: There is no 度 (U+5EA6) in font [lmroman10-regular]:mapping=t
ex-text;!
Missing character: There is no 等 (U+7B49) in font [lmroman10-regular]:mapping=t
ex-text;!
Missing character: There is no 级 (U+7EA7) in font [lmroman10-regular]:mapping=t
ex-text;!
Missing character: There is no （ (U+FF08) in font [lmroman10-regular]:mapping=t
ex-text;!
Missing character: There is no ） (U+FF09) in font [lmroman10-regular]:mapping=t
ex-text;!
Missing character: There is no 。 (U+3002) in font [lmroman10-regular]:mapping=t
ex-text;!
Missing character: There is no 请 (U+8BF7) in font [lmroman10-regular]:mapping=t
ex-text;!
Missing character: There is no 求 (U+6C42) in font [lmroman10-regular]:mapping=t
ex-text;!
Missing character: There is no 。 (U+3002) in font [lmroman10-regular]:mapping=t
ex-text;!

Package longtable Warning: Column widths have changed
(longtable)                in table 5.47 on input line 1100.

Missing character: There is no 返 (U+8FD4) in font [lmroman10-regular]:mapping=t
ex-text;!
Missing character: There is no 回 (U+56DE) in font [lmroman10-regular]:mapping=t
ex-text;!

Underfull \hbox (badness 10000) detected at line 1101
[][][]
 []

Missing character: There is no 包 (U+5305) in font [lmroman10-regular]:mapping=t
ex-text;!
Missing character: There is no 含 (U+542B) in font [lmroman10-regular]:mapping=t
ex-text;!
Missing character: There is no 指 (U+6307) in font [lmroman10-regular]:mapping=t
ex-text;!
Missing character: There is no 令 (U+4EE4) in font [lmroman10-regular]:mapping=t
ex-text;!
Missing character: There is no 执 (U+6267) in font [lmroman10-regular]:mapping=t
ex-text;!
Missing character: There is no 行 (U+884C) in font [lmroman10-regular]:mapping=t
ex-text;!
Missing character: There is no 结 (U+7ED3) in font [lmroman10-regular]:mapping=t
ex-text;!
Missing character: There is no 果 (U+679C) in font [lmroman10-regular]:mapping=t
ex-text;!
Missing character: There is no 的 (U+7684) in font [lmroman10-regular]:mapping=t
ex-text;!
Missing character: There is no 响 (U+54CD) in font [lmroman10-regular]:mapping=t
ex-text;!
Missing character: There is no 应 (U+5E94) in font [lmroman10-regular]:mapping=t
ex-text;!
Missing character: There is no 对 (U+5BF9) in font [lmroman10-regular]:mapping=t
ex-text;!
Missing character: There is no 象 (U+8C61) in font [lmroman10-regular]:mapping=t
ex-text;!
Missing character: There is no 。 (U+3002) in font [lmroman10-regular]:mapping=t
ex-text;!
Missing character: There is no 类 (U+7C7B) in font [lmroman10-regular]:mapping=t
ex-text;!
Missing character: There is no 参 (U+53C2) in font [lmroman10-regular]:mapping=t
ex-text;!
Missing character: There is no 考 (U+8003) in font [lmroman10-regular]:mapping=t
ex-text;!
Missing character: There is no 制 (U+5236) in font [lmroman7-regular]:mapping=te
x-text;!
Missing character: There is no 作 (U+4F5C) in font [lmroman7-regular]:mapping=te
x-text;!
Missing character: There is no 者 (U+8005) in font [lmroman7-regular]:mapping=te
x-text;!
[31]
Missing character: There is no 设 (U+8BBE) in font [lmroman10-regular]:mapping=t
ex-text;!
Missing character: There is no 置 (U+7F6E) in font [lmroman10-regular]:mapping=t
ex-text;!
Missing character: There is no 数 (U+6570) in font [lmroman10-regular]:mapping=t
ex-text;!
Missing character: There is no 字 (U+5B57) in font [lmroman10-regular]:mapping=t
ex-text;!
Missing character: There is no 输 (U+8F93) in font [lmroman10-regular]:mapping=t
ex-text;!
Missing character: There is no 出 (U+51FA) in font [lmroman10-regular]:mapping=t
ex-text;!
Missing character: There is no 端 (U+7AEF) in font [lmroman10-regular]:mapping=t
ex-text;!
Missing character: There is no 口 (U+53E3) in font [lmroman10-regular]:mapping=t
ex-text;!
Missing character: There is no 的 (U+7684) in font [lmroman10-regular]:mapping=t
ex-text;!
Missing character: There is no 值 (U+503C) in font [lmroman10-regular]:mapping=t
ex-text;!
Missing character: There is no 端 (U+7AEF) in font [lmroman10-regular]:mapping=t
ex-text;!
Missing character: There is no 口 (U+53E3) in font [lmroman10-regular]:mapping=t
ex-text;!
Missing character: There is no 号 (U+53F7) in font [lmroman10-regular]:mapping=t
ex-text;!
Missing character: There is no 。 (U+3002) in font [lmroman10-regular]:mapping=t
ex-text;!
Missing character: There is no 要 (U+8981) in font [lmroman10-regular]:mapping=t
ex-text;!
Missing character: There is no 设 (U+8BBE) in font [lmroman10-regular]:mapping=t
ex-text;!
Missing character: There is no 置 (U+7F6E) in font [lmroman10-regular]:mapping=t
ex-text;!
Missing character: There is no 的 (U+7684) in font [lmroman10-regular]:mapping=t
ex-text;!
Missing character: There is no 值 (U+503C) in font [lmroman10-regular]:mapping=t
ex-text;!
Missing character: There is no 。 (U+3002) in font [lmroman10-regular]:mapping=t
ex-text;!
Missing character: There is no 请 (U+8BF7) in font [lmroman10-regular]:mapping=t
ex-text;!
Missing character: There is no 求 (U+6C42) in font [lmroman10-regular]:mapping=t
ex-text;!
Missing character: There is no 。 (U+3002) in font [lmroman10-regular]:mapping=t
ex-text;!
Missing character: There is no 参 (U+53C2) in font [lmroman10-regular]:mapping=t
ex-text;!
Missing character: There is no 数 (U+6570) in font [lmroman10-regular]:mapping=t
ex-text;!
Missing character: There is no 参 (U+53C2) in font [lmroman10-regular]:mapping=t
ex-text;!
Missing character: There is no 数 (U+6570) in font [lmroman10-regular]:mapping=t
ex-text;!
Missing character: There is no 端 (U+7AEF) in font [lmroman10-regular]:mapping=t
ex-text;!
Missing character: There is no 口 (U+53E3) in font [lmroman10-regular]:mapping=t
ex-text;!
Missing character: There is no 号 (U+53F7) in font [lmroman10-regular]:mapping=t
ex-text;!
Missing character: There is no 。 (U+3002) in font [lmroman10-regular]:mapping=t
ex-text;!
Missing character: There is no 要 (U+8981) in font [lmroman10-regular]:mapping=t
ex-text;!
Missing character: There is no 设 (U+8BBE) in font [lmroman10-regular]:mapping=t
ex-text;!
Missing character: There is no 置 (U+7F6E) in font [lmroman10-regular]:mapping=t
ex-text;!
Missing character: There is no 的 (U+7684) in font [lmroman10-regular]:mapping=t
ex-text;!
Missing character: There is no 值 (U+503C) in font [lmroman10-regular]:mapping=t
ex-text;!
Missing character: There is no 。 (U+3002) in font [lmroman10-regular]:mapping=t
ex-text;!
Missing character: There is no 请 (U+8BF7) in font [lmroman10-regular]:mapping=t
ex-text;!
Missing character: There is no 求 (U+6C42) in font [lmroman10-regular]:mapping=t
ex-text;!
Missing character: There is no 。 (U+3002) in font [lmroman10-regular]:mapping=t
ex-text;!
Missing character: There is no 参 (U+53C2) in font [lmroman10-regular]:mapping=t
ex-text;!
Missing character: There is no 数 (U+6570) in font [lmroman10-regular]:mapping=t
ex-text;!
Missing character: There is no 参 (U+53C2) in font [lmroman10-regular]:mapping=t
ex-text;!
Missing character: There is no 数 (U+6570) in font [lmroman10-regular]:mapping=t
ex-text;!
Missing character: There is no 端 (U+7AEF) in font [lmroman10-regular]:mapping=t
ex-text;!
Missing character: There is no 口 (U+53E3) in font [lmroman10-regular]:mapping=t
ex-text;!
Missing character: There is no 号 (U+53F7) in font [lmroman10-regular]:mapping=t
ex-text;!
Missing character: There is no 。 (U+3002) in font [lmroman10-regular]:mapping=t
ex-text;!
Missing character: There is no 要 (U+8981) in font [lmroman10-regular]:mapping=t
ex-text;!
Missing character: There is no 设 (U+8BBE) in font [lmroman10-regular]:mapping=t
ex-text;!
Missing character: There is no 置 (U+7F6E) in font [lmroman10-regular]:mapping=t
ex-text;!
Missing character: There is no 的 (U+7684) in font [lmroman10-regular]:mapping=t
ex-text;!
Missing character: There is no 值 (U+503C) in font [lmroman10-regular]:mapping=t
ex-text;!
Missing character: There is no 。 (U+3002) in font [lmroman10-regular]:mapping=t
ex-text;!
Missing character: There is no 请 (U+8BF7) in font [lmroman10-regular]:mapping=t
ex-text;!
Missing character: There is no 求 (U+6C42) in font [lmroman10-regular]:mapping=t
ex-text;!
Missing character: There is no 。 (U+3002) in font [lmroman10-regular]:mapping=t
ex-text;!

Package longtable Warning: Column widths have changed
(longtable)                in table 5.48 on input line 1122.

Missing character: There is no 返 (U+8FD4) in font [lmroman10-regular]:mapping=t
ex-text;!
Missing character: There is no 回 (U+56DE) in font [lmroman10-regular]:mapping=t
ex-text;!

Underfull \hbox (badness 10000) detected at line 1123
[][][]
 []

Missing character: There is no 包 (U+5305) in font [lmroman10-regular]:mapping=t
ex-text;!
Missing character: There is no 含 (U+542B) in font [lmroman10-regular]:mapping=t
ex-text;!
Missing character: There is no 指 (U+6307) in font [lmroman10-regular]:mapping=t
ex-text;!
Missing character: There is no 令 (U+4EE4) in font [lmroman10-regular]:mapping=t
ex-text;!
Missing character: There is no 执 (U+6267) in font [lmroman10-regular]:mapping=t
ex-text;!
Missing character: There is no 行 (U+884C) in font [lmroman10-regular]:mapping=t
ex-text;!
Missing character: There is no 结 (U+7ED3) in font [lmroman10-regular]:mapping=t
ex-text;!
Missing character: There is no 果 (U+679C) in font [lmroman10-regular]:mapping=t
ex-text;!
Missing character: There is no 的 (U+7684) in font [lmroman10-regular]:mapping=t
ex-text;!
Missing character: There is no 响 (U+54CD) in font [lmroman10-regular]:mapping=t
ex-text;!
Missing character: There is no 应 (U+5E94) in font [lmroman10-regular]:mapping=t
ex-text;!
Missing character: There is no 对 (U+5BF9) in font [lmroman10-regular]:mapping=t
ex-text;!
Missing character: There is no 象 (U+8C61) in font [lmroman10-regular]:mapping=t
ex-text;!
Missing character: There is no 。 (U+3002) in font [lmroman10-regular]:mapping=t
ex-text;!
Missing character: There is no 设 (U+8BBE) in font [lmroman10-regular]:mapping=t
ex-text;!
Missing character: There is no 置 (U+7F6E) in font [lmroman10-regular]:mapping=t
ex-text;!
Missing character: There is no 机 (U+673A) in font [lmroman10-regular]:mapping=t
ex-text;!
Missing character: There is no 器 (U+5668) in font [lmroman10-regular]:mapping=t
ex-text;!
Missing character: There is no 人 (U+4EBA) in font [lmroman10-regular]:mapping=t
ex-text;!
Missing character: There is no 上 (U+4E0A) in font [lmroman10-regular]:mapping=t
ex-text;!
Missing character: There is no 扩 (U+6269) in font [lmroman10-regular]:mapping=t
ex-text;!
Missing character: There is no 展 (U+5C55) in font [lmroman10-regular]:mapping=t
ex-text;!
Missing character: There is no 数 (U+6570) in font [lmroman10-regular]:mapping=t
ex-text;!
Missing character: There is no 组 (U+7EC4) in font [lmroman10-regular]:mapping=t
ex-text;!
Missing character: There is no 的 (U+7684) in font [lmroman10-regular]:mapping=t
ex-text;!
Missing character: There is no 数 (U+6570) in font [lmroman10-regular]:mapping=t
ex-text;!
Missing character: There is no 据 (U+636E) in font [lmroman10-regular]:mapping=t
ex-text;!
Missing character: There is no 类 (U+7C7B) in font [lmroman10-regular]:mapping=t
ex-text;!
Missing character: There is no 型 (U+578B) in font [lmroman10-regular]:mapping=t
ex-text;!
Missing character: There is no 扩 (U+6269) in font [lmroman10-regular]:mapping=t
ex-text;!
Missing character: There is no 展 (U+5C55) in font [lmroman10-regular]:mapping=t
ex-text;!
Missing character: There is no 数 (U+6570) in font [lmroman10-regular]:mapping=t
ex-text;!
Missing character: There is no 组 (U+7EC4) in font [lmroman10-regular]:mapping=t
ex-text;!
Missing character: There is no 的 (U+7684) in font [lmroman10-regular]:mapping=t
ex-text;!
Missing character: There is no 索 (U+7D22) in font [lmroman10-regular]:mapping=t
ex-text;!
Missing character: There is no 引 (U+5F15) in font [lmroman10-regular]:mapping=t
ex-text;!
Missing character: There is no 。 (U+3002) in font [lmroman10-regular]:mapping=t
ex-text;!
Missing character: There is no 要 (U+8981) in font [lmroman10-regular]:mapping=t
ex-text;!
Missing character: There is no 设 (U+8BBE) in font [lmroman10-regular]:mapping=t
ex-text;!
Missing character: There is no 置 (U+7F6E) in font [lmroman10-regular]:mapping=t
ex-text;!
Missing character: There is no 的 (U+7684) in font [lmroman10-regular]:mapping=t
ex-text;!
Missing character: There is no 数 (U+6570) in font [lmroman10-regular]:mapping=t
ex-text;!
Missing character: There is no 据 (U+636E) in font [lmroman10-regular]:mapping=t
ex-text;!
Missing character: There is no 类 (U+7C7B) in font [lmroman10-regular]:mapping=t
ex-text;!
Missing character: There is no 型 (U+578B) in font [lmroman10-regular]:mapping=t
ex-text;!
Missing character: There is no 。 (U+3002) in font [lmroman10-regular]:mapping=t
ex-text;!
Missing character: There is no 请 (U+8BF7) in font [lmroman10-regular]:mapping=t
ex-text;!
Missing character: There is no 求 (U+6C42) in font [lmroman10-regular]:mapping=t
ex-text;!
Missing character: There is no 。 (U+3002) in font [lmroman10-regular]:mapping=t
ex-text;!
Missing character: There is no 参 (U+53C2) in font [lmroman10-regular]:mapping=t
ex-text;!
Missing character: There is no 数 (U+6570) in font [lmroman10-regular]:mapping=t
ex-text;!
Missing character: There is no 参 (U+53C2) in font [lmroman10-regular]:mapping=t
ex-text;!
Missing character: There is no 数 (U+6570) in font [lmroman10-regular]:mapping=t
ex-text;!
Missing character: There is no 扩 (U+6269) in font [lmroman10-regular]:mapping=t
ex-text;!
Missing character: There is no 展 (U+5C55) in font [lmroman10-regular]:mapping=t
ex-text;!
Missing character: There is no 数 (U+6570) in font [lmroman10-regular]:mapping=t
ex-text;!
Missing character: There is no 组 (U+7EC4) in font [lmroman10-regular]:mapping=t
ex-text;!
Missing character: There is no 的 (U+7684) in font [lmroman10-regular]:mapping=t
ex-text;!
Missing character: There is no 索 (U+7D22) in font [lmroman10-regular]:mapping=t
ex-text;!
Missing character: There is no 引 (U+5F15) in font [lmroman10-regular]:mapping=t
ex-text;!
Missing character: There is no 。 (U+3002) in font [lmroman10-regular]:mapping=t
ex-text;!
Missing character: There is no 要 (U+8981) in font [lmroman10-regular]:mapping=t
ex-text;!
Missing character: There is no 设 (U+8BBE) in font [lmroman10-regular]:mapping=t
ex-text;!
Missing character: There is no 置 (U+7F6E) in font [lmroman10-regular]:mapping=t
ex-text;!
Missing character: There is no 的 (U+7684) in font [lmroman10-regular]:mapping=t
ex-text;!
Missing character: There is no 数 (U+6570) in font [lmroman10-regular]:mapping=t
ex-text;!
Missing character: There is no 据 (U+636E) in font [lmroman10-regular]:mapping=t
ex-text;!
Missing character: There is no 类 (U+7C7B) in font [lmroman10-regular]:mapping=t
ex-text;!
Missing character: There is no 型 (U+578B) in font [lmroman10-regular]:mapping=t
ex-text;!
Missing character: There is no 。 (U+3002) in font [lmroman10-regular]:mapping=t
ex-text;!
Missing character: There is no 请 (U+8BF7) in font [lmroman10-regular]:mapping=t
ex-text;!
Missing character: There is no 求 (U+6C42) in font [lmroman10-regular]:mapping=t
ex-text;!
Missing character: There is no 。 (U+3002) in font [lmroman10-regular]:mapping=t
ex-text;!
Missing character: There is no 参 (U+53C2) in font [lmroman10-regular]:mapping=t
ex-text;!
Missing character: There is no 数 (U+6570) in font [lmroman10-regular]:mapping=t
ex-text;!
Missing character: There is no 参 (U+53C2) in font [lmroman10-regular]:mapping=t
ex-text;!
Missing character: There is no 数 (U+6570) in font [lmroman10-regular]:mapping=t
ex-text;!
Missing character: There is no 扩 (U+6269) in font [lmroman10-regular]:mapping=t
ex-text;!
Missing character: There is no 展 (U+5C55) in font [lmroman10-regular]:mapping=t
ex-text;!
Missing character: There is no 数 (U+6570) in font [lmroman10-regular]:mapping=t
ex-text;!
Missing character: There is no 组 (U+7EC4) in font [lmroman10-regular]:mapping=t
ex-text;!
Missing character: There is no 的 (U+7684) in font [lmroman10-regular]:mapping=t
ex-text;!
Missing character: There is no 索 (U+7D22) in font [lmroman10-regular]:mapping=t
ex-text;!
Missing character: There is no 引 (U+5F15) in font [lmroman10-regular]:mapping=t
ex-text;!
Missing character: There is no 。 (U+3002) in font [lmroman10-regular]:mapping=t
ex-text;!
Missing character: There is no 要 (U+8981) in font [lmroman10-regular]:mapping=t
ex-text;!
Missing character: There is no 设 (U+8BBE) in font [lmroman10-regular]:mapping=t
ex-text;!
Missing character: There is no 置 (U+7F6E) in font [lmroman10-regular]:mapping=t
ex-text;!
Missing character: There is no 的 (U+7684) in font [lmroman10-regular]:mapping=t
ex-text;!
Missing character: There is no 数 (U+6570) in font [lmroman10-regular]:mapping=t
ex-text;!
Missing character: There is no 据 (U+636E) in font [lmroman10-regular]:mapping=t
ex-text;!
Missing character: There is no 类 (U+7C7B) in font [lmroman10-regular]:mapping=t
ex-text;!
Missing character: There is no 型 (U+578B) in font [lmroman10-regular]:mapping=t
ex-text;!
Missing character: There is no 。 (U+3002) in font [lmroman10-regular]:mapping=t
ex-text;!
Missing character: There is no 请 (U+8BF7) in font [lmroman10-regular]:mapping=t
ex-text;!
Missing character: There is no 求 (U+6C42) in font [lmroman10-regular]:mapping=t
ex-text;!
Missing character: There is no 。 (U+3002) in font [lmroman10-regular]:mapping=t
ex-text;!

Package longtable Warning: Column widths have changed
(longtable)                in table 5.49 on input line 1144.

Missing character: There is no 返 (U+8FD4) in font [lmroman10-regular]:mapping=t
ex-text;!
Missing character: There is no 回 (U+56DE) in font [lmroman10-regular]:mapping=t
ex-text;!

Underfull \hbox (badness 10000) detected at line 1145
[][][]
 []

Missing character: There is no 包 (U+5305) in font [lmroman10-regular]:mapping=t
ex-text;!
Missing character: There is no 含 (U+542B) in font [lmroman10-regular]:mapping=t
ex-text;!
Missing character: There is no 指 (U+6307) in font [lmroman10-regular]:mapping=t
ex-text;!
Missing character: There is no 令 (U+4EE4) in font [lmroman10-regular]:mapping=t
ex-text;!
Missing character: There is no 执 (U+6267) in font [lmroman10-regular]:mapping=t
ex-text;!
Missing character: There is no 行 (U+884C) in font [lmroman10-regular]:mapping=t
ex-text;!
Missing character: There is no 结 (U+7ED3) in font [lmroman10-regular]:mapping=t
ex-text;!
Missing character: There is no 果 (U+679C) in font [lmroman10-regular]:mapping=t
ex-text;!
Missing character: There is no 的 (U+7684) in font [lmroman10-regular]:mapping=t
ex-text;!
Missing character: There is no 响 (U+54CD) in font [lmroman10-regular]:mapping=t
ex-text;!
Missing character: There is no 应 (U+5E94) in font [lmroman10-regular]:mapping=t
ex-text;!
Missing character: There is no 对 (U+5BF9) in font [lmroman10-regular]:mapping=t
ex-text;!
Missing character: There is no 象 (U+8C61) in font [lmroman10-regular]:mapping=t
ex-text;!
Missing character: There is no 。 (U+3002) in font [lmroman10-regular]:mapping=t
ex-text;!
Missing character: There is no 设 (U+8BBE) in font [lmroman10-regular]:mapping=t
ex-text;!
Missing character: There is no 置 (U+7F6E) in font [lmroman10-regular]:mapping=t
ex-text;!
Missing character: There is no 机 (U+673A) in font [lmroman10-regular]:mapping=t
ex-text;!
Missing character: There is no 器 (U+5668) in font [lmroman10-regular]:mapping=t
ex-text;!
Missing character: There is no 人 (U+4EBA) in font [lmroman10-regular]:mapping=t
ex-text;!
Missing character: There is no 上 (U+4E0A) in font [lmroman10-regular]:mapping=t
ex-text;!
Missing character: There is no 端 (U+7AEF) in font [lmroman10-regular]:mapping=t
ex-text;!
Missing character: There is no 口 (U+53E3) in font [lmroman10-regular]:mapping=t
ex-text;!
Missing character: There is no 的 (U+7684) in font [lmroman10-regular]:mapping=t
ex-text;!
Missing character: There is no 值 (U+503C) in font [lmroman10-regular]:mapping=t
ex-text;!
Missing character: There is no 类 (U+7C7B) in font [lmroman10-regular]:mapping=t
ex-text;!
Missing character: There is no 型 (U+578B) in font [lmroman10-regular]:mapping=t
ex-text;!
Missing character: There is no （ (U+FF08) in font [lmroman10-regular]:mapping=t
ex-text;!
Missing character: There is no 、 (U+3001) in font [lmroman10-regular]:mapping=t
ex-text;!
Missing character: There is no 、 (U+3001) in font [lmroman10-regular]:mapping=t
ex-text;!
Missing character: There is no 、 (U+3001) in font [lmroman10-regular]:mapping=t
ex-text;!
Missing character: There is no ） (U+FF09) in font [lmroman10-regular]:mapping=t
ex-text;!
Missing character: There is no 。 (U+3002) in font [lmroman10-regular]:mapping=t
ex-text;!
Missing character: There is no 端 (U+7AEF) in font [lmroman10-regular]:mapping=t
ex-text;!
Missing character: There is no 口 (U+53E3) in font [lmroman10-regular]:mapping=t
ex-text;!
Missing character: There is no 号 (U+53F7) in font [lmroman10-regular]:mapping=t
ex-text;!
Missing character: There is no 。 (U+3002) in font [lmroman10-regular]:mapping=t
ex-text;!
Missing character: There is no 要 (U+8981) in font [lmroman10-regular]:mapping=t
ex-text;!
Missing character: There is no 设 (U+8BBE) in font [lmroman10-regular]:mapping=t
ex-text;!
Missing character: There is no 置 (U+7F6E) in font [lmroman10-regular]:mapping=t
ex-text;!
Missing character: There is no 的 (U+7684) in font [lmroman10-regular]:mapping=t
ex-text;!
Missing character: There is no 值 (U+503C) in font [lmroman10-regular]:mapping=t
ex-text;!
Missing character: There is no 。 (U+3002) in font [lmroman10-regular]:mapping=t
ex-text;!
Missing character: There is no 请 (U+8BF7) in font [lmroman10-regular]:mapping=t
ex-text;!
Missing character: There is no 求 (U+6C42) in font [lmroman10-regular]:mapping=t
ex-text;!
Missing character: There is no 。 (U+3002) in font [lmroman10-regular]:mapping=t
ex-text;!
Missing character: There is no 参 (U+53C2) in font [lmroman10-regular]:mapping=t
ex-text;!
Missing character: There is no 数 (U+6570) in font [lmroman10-regular]:mapping=t
ex-text;!
Missing character: There is no 参 (U+53C2) in font [lmroman10-regular]:mapping=t
ex-text;!
Missing character: There is no 数 (U+6570) in font [lmroman10-regular]:mapping=t
ex-text;!
Missing character: There is no 类 (U+7C7B) in font [lmroman10-regular]:mapping=t
ex-text;!
Missing character: There is no 型 (U+578B) in font [lmroman10-regular]:mapping=t
ex-text;!
Missing character: There is no （ (U+FF08) in font [lmroman10-regular]:mapping=t
ex-text;!
Missing character: There is no 、 (U+3001) in font [lmroman10-regular]:mapping=t
ex-text;!
Missing character: There is no 、 (U+3001) in font [lmroman10-regular]:mapping=t
ex-text;!
Missing character: There is no 、 (U+3001) in font [lmroman10-regular]:mapping=t
ex-text;!
Missing character: There is no ） (U+FF09) in font [lmroman10-regular]:mapping=t
ex-text;!
Missing character: There is no 。 (U+3002) in font [lmroman10-regular]:mapping=t
ex-text;!
Missing character: There is no 端 (U+7AEF) in font [lmroman10-regular]:mapping=t
ex-text;!
Missing character: There is no 口 (U+53E3) in font [lmroman10-regular]:mapping=t
ex-text;!
Missing character: There is no 号 (U+53F7) in font [lmroman10-regular]:mapping=t
ex-text;!
Missing character: There is no 。 (U+3002) in font [lmroman10-regular]:mapping=t
ex-text;!
Missing character: There is no 要 (U+8981) in font [lmroman10-regular]:mapping=t
ex-text;!
Missing character: There is no 设 (U+8BBE) in font [lmroman10-regular]:mapping=t
ex-text;!
Missing character: There is no 置 (U+7F6E) in font [lmroman10-regular]:mapping=t
ex-text;!
Missing character: There is no 的 (U+7684) in font [lmroman10-regular]:mapping=t
ex-text;!
Missing character: There is no 值 (U+503C) in font [lmroman10-regular]:mapping=t
ex-text;!
Missing character: There is no 。 (U+3002) in font [lmroman10-regular]:mapping=t
ex-text;!
Missing character: There is no 请 (U+8BF7) in font [lmroman10-regular]:mapping=t
ex-text;!
Missing character: There is no 求 (U+6C42) in font [lmroman10-regular]:mapping=t
ex-text;!
Missing character: There is no 。 (U+3002) in font [lmroman10-regular]:mapping=t
ex-text;!
Missing character: There is no 参 (U+53C2) in font [lmroman10-regular]:mapping=t
ex-text;!
Missing character: There is no 数 (U+6570) in font [lmroman10-regular]:mapping=t
ex-text;!
Missing character: There is no 参 (U+53C2) in font [lmroman10-regular]:mapping=t
ex-text;!
Missing character: There is no 数 (U+6570) in font [lmroman10-regular]:mapping=t
ex-text;!
Missing character: There is no 类 (U+7C7B) in font [lmroman10-regular]:mapping=t
ex-text;!
Missing character: There is no 型 (U+578B) in font [lmroman10-regular]:mapping=t
ex-text;!
Missing character: There is no （ (U+FF08) in font [lmroman10-regular]:mapping=t
ex-text;!
Missing character: There is no 、 (U+3001) in font [lmroman10-regular]:mapping=t
ex-text;!
Missing character: There is no 、 (U+3001) in font [lmroman10-regular]:mapping=t
ex-text;!
Missing character: There is no 、 (U+3001) in font [lmroman10-regular]:mapping=t
ex-text;!
Missing character: There is no ） (U+FF09) in font [lmroman10-regular]:mapping=t
ex-text;!
Missing character: There is no 。 (U+3002) in font [lmroman10-regular]:mapping=t
ex-text;!
Missing character: There is no 端 (U+7AEF) in font [lmroman10-regular]:mapping=t
ex-text;!
Missing character: There is no 口 (U+53E3) in font [lmroman10-regular]:mapping=t
ex-text;!
Missing character: There is no 号 (U+53F7) in font [lmroman10-regular]:mapping=t
ex-text;!
Missing character: There is no 。 (U+3002) in font [lmroman10-regular]:mapping=t
ex-text;!
Missing character: There is no 要 (U+8981) in font [lmroman10-regular]:mapping=t
ex-text;!
Missing character: There is no 设 (U+8BBE) in font [lmroman10-regular]:mapping=t
ex-text;!
Missing character: There is no 置 (U+7F6E) in font [lmroman10-regular]:mapping=t
ex-text;!
Missing character: There is no 的 (U+7684) in font [lmroman10-regular]:mapping=t
ex-text;!
Missing character: There is no 值 (U+503C) in font [lmroman10-regular]:mapping=t
ex-text;!
Missing character: There is no 。 (U+3002) in font [lmroman10-regular]:mapping=t
ex-text;!
Missing character: There is no 请 (U+8BF7) in font [lmroman10-regular]:mapping=t
ex-text;!
Missing character: There is no 求 (U+6C42) in font [lmroman10-regular]:mapping=t
ex-text;!
Missing character: There is no 。 (U+3002) in font [lmroman10-regular]:mapping=t
ex-text;!
Missing character: There is no 类 (U+7C7B) in font [lmroman10-regular]:mapping=t
ex-text;!
Missing character: There is no 说 (U+8BF4) in font [lmroman10-regular]:mapping=t
ex-text;!
Missing character: There is no 明 (U+660E) in font [lmroman10-regular]:mapping=t
ex-text;!
Missing character: There is no 制 (U+5236) in font [lmroman7-regular]:mapping=te
x-text;!
Missing character: There is no 作 (U+4F5C) in font [lmroman7-regular]:mapping=te
x-text;!
Missing character: There is no 者 (U+8005) in font [lmroman7-regular]:mapping=te
x-text;!
[32]

Package longtable Warning: Column widths have changed
(longtable)                in table 5.50 on input line 1168.

Missing character: There is no 返 (U+8FD4) in font [lmroman10-regular]:mapping=t
ex-text;!
Missing character: There is no 回 (U+56DE) in font [lmroman10-regular]:mapping=t
ex-text;!

Underfull \hbox (badness 10000) detected at line 1169
[][][]
 []

Missing character: There is no 包 (U+5305) in font [lmroman10-regular]:mapping=t
ex-text;!
Missing character: There is no 含 (U+542B) in font [lmroman10-regular]:mapping=t
ex-text;!
Missing character: There is no 指 (U+6307) in font [lmroman10-regular]:mapping=t
ex-text;!
Missing character: There is no 令 (U+4EE4) in font [lmroman10-regular]:mapping=t
ex-text;!
Missing character: There is no 执 (U+6267) in font [lmroman10-regular]:mapping=t
ex-text;!
Missing character: There is no 行 (U+884C) in font [lmroman10-regular]:mapping=t
ex-text;!
Missing character: There is no 结 (U+7ED3) in font [lmroman10-regular]:mapping=t
ex-text;!
Missing character: There is no 果 (U+679C) in font [lmroman10-regular]:mapping=t
ex-text;!
Missing character: There is no 的 (U+7684) in font [lmroman10-regular]:mapping=t
ex-text;!
Missing character: There is no 响 (U+54CD) in font [lmroman10-regular]:mapping=t
ex-text;!
Missing character: There is no 应 (U+5E94) in font [lmroman10-regular]:mapping=t
ex-text;!
Missing character: There is no 对 (U+5BF9) in font [lmroman10-regular]:mapping=t
ex-text;!
Missing character: There is no 象 (U+8C61) in font [lmroman10-regular]:mapping=t
ex-text;!
Missing character: There is no 。 (U+3002) in font [lmroman10-regular]:mapping=t
ex-text;!
Missing character: There is no 设 (U+8BBE) in font [lmroman10-regular]:mapping=t
ex-text;!
Missing character: There is no 置 (U+7F6E) in font [lmroman10-regular]:mapping=t
ex-text;!
Missing character: There is no 机 (U+673A) in font [lmroman10-regular]:mapping=t
ex-text;!
Missing character: There is no 器 (U+5668) in font [lmroman10-regular]:mapping=t
ex-text;!
Missing character: There is no 人 (U+4EBA) in font [lmroman10-regular]:mapping=t
ex-text;!
Missing character: There is no 的 (U+7684) in font [lmroman10-regular]:mapping=t
ex-text;!
Missing character: There is no 手 (U+624B) in font [lmroman10-regular]:mapping=t
ex-text;!
Missing character: There is no 动 (U+52A8) in font [lmroman10-regular]:mapping=t
ex-text;!
Missing character: There is no 运 (U+8FD0) in font [lmroman10-regular]:mapping=t
ex-text;!
Missing character: There is no 动 (U+52A8) in font [lmroman10-regular]:mapping=t
ex-text;!
Missing character: There is no 倍 (U+500D) in font [lmroman10-regular]:mapping=t
ex-text;!
Missing character: There is no 率 (U+7387) in font [lmroman10-regular]:mapping=t
ex-text;!
Missing character: There is no 速 (U+901F) in font [lmroman10-regular]:mapping=t
ex-text;!
Missing character: There is no 度 (U+5EA6) in font [lmroman10-regular]:mapping=t
ex-text;!
Missing character: There is no 倍 (U+500D) in font [lmroman10-regular]:mapping=t
ex-text;!
Missing character: There is no 率 (U+7387) in font [lmroman10-regular]:mapping=t
ex-text;!
Missing character: There is no ， (U+FF0C) in font [lmroman10-regular]:mapping=t
ex-text;!
Missing character: There is no 百 (U+767E) in font [lmroman10-regular]:mapping=t
ex-text;!
Missing character: There is no 分 (U+5206) in font [lmroman10-regular]:mapping=t
ex-text;!
Missing character: There is no 比 (U+6BD4) in font [lmroman10-regular]:mapping=t
ex-text;!
Missing character: There is no 形 (U+5F62) in font [lmroman10-regular]:mapping=t
ex-text;!
Missing character: There is no 式 (U+5F0F) in font [lmroman10-regular]:mapping=t
ex-text;!
Missing character: There is no （ (U+FF08) in font [lmroman10-regular]:mapping=t
ex-text;!
Missing character: There is no ） (U+FF09) in font [lmroman10-regular]:mapping=t
ex-text;!
Missing character: There is no 。 (U+3002) in font [lmroman10-regular]:mapping=t
ex-text;!
Missing character: There is no 请 (U+8BF7) in font [lmroman10-regular]:mapping=t
ex-text;!
Missing character: There is no 求 (U+6C42) in font [lmroman10-regular]:mapping=t
ex-text;!
Missing character: There is no 。 (U+3002) in font [lmroman10-regular]:mapping=t
ex-text;!
Missing character: There is no 参 (U+53C2) in font [lmroman10-regular]:mapping=t
ex-text;!
Missing character: There is no 数 (U+6570) in font [lmroman10-regular]:mapping=t
ex-text;!
Missing character: There is no 参 (U+53C2) in font [lmroman10-regular]:mapping=t
ex-text;!
Missing character: There is no 数 (U+6570) in font [lmroman10-regular]:mapping=t
ex-text;!
Missing character: There is no 速 (U+901F) in font [lmroman10-regular]:mapping=t
ex-text;!
Missing character: There is no 度 (U+5EA6) in font [lmroman10-regular]:mapping=t
ex-text;!
Missing character: There is no 倍 (U+500D) in font [lmroman10-regular]:mapping=t
ex-text;!
Missing character: There is no 率 (U+7387) in font [lmroman10-regular]:mapping=t
ex-text;!
Missing character: There is no ， (U+FF0C) in font [lmroman10-regular]:mapping=t
ex-text;!
Missing character: There is no 百 (U+767E) in font [lmroman10-regular]:mapping=t
ex-text;!
Missing character: There is no 分 (U+5206) in font [lmroman10-regular]:mapping=t
ex-text;!
Missing character: There is no 比 (U+6BD4) in font [lmroman10-regular]:mapping=t
ex-text;!
Missing character: There is no 形 (U+5F62) in font [lmroman10-regular]:mapping=t
ex-text;!
Missing character: There is no 式 (U+5F0F) in font [lmroman10-regular]:mapping=t
ex-text;!
Missing character: There is no （ (U+FF08) in font [lmroman10-regular]:mapping=t
ex-text;!
Missing character: There is no ） (U+FF09) in font [lmroman10-regular]:mapping=t
ex-text;!
Missing character: There is no 。 (U+3002) in font [lmroman10-regular]:mapping=t
ex-text;!
Missing character: There is no 请 (U+8BF7) in font [lmroman10-regular]:mapping=t
ex-text;!
Missing character: There is no 求 (U+6C42) in font [lmroman10-regular]:mapping=t
ex-text;!
Missing character: There is no 。 (U+3002) in font [lmroman10-regular]:mapping=t
ex-text;!
Missing character: There is no 参 (U+53C2) in font [lmroman10-regular]:mapping=t
ex-text;!
Missing character: There is no 数 (U+6570) in font [lmroman10-regular]:mapping=t
ex-text;!
Missing character: There is no 参 (U+53C2) in font [lmroman10-regular]:mapping=t
ex-text;!
Missing character: There is no 数 (U+6570) in font [lmroman10-regular]:mapping=t
ex-text;!
Missing character: There is no 速 (U+901F) in font [lmroman10-regular]:mapping=t
ex-text;!
Missing character: There is no 度 (U+5EA6) in font [lmroman10-regular]:mapping=t
ex-text;!
Missing character: There is no 倍 (U+500D) in font [lmroman10-regular]:mapping=t
ex-text;!
Missing character: There is no 率 (U+7387) in font [lmroman10-regular]:mapping=t
ex-text;!
Missing character: There is no ， (U+FF0C) in font [lmroman10-regular]:mapping=t
ex-text;!
Missing character: There is no 百 (U+767E) in font [lmroman10-regular]:mapping=t
ex-text;!
Missing character: There is no 分 (U+5206) in font [lmroman10-regular]:mapping=t
ex-text;!
Missing character: There is no 比 (U+6BD4) in font [lmroman10-regular]:mapping=t
ex-text;!
Missing character: There is no 形 (U+5F62) in font [lmroman10-regular]:mapping=t
ex-text;!
Missing character: There is no 式 (U+5F0F) in font [lmroman10-regular]:mapping=t
ex-text;!
Missing character: There is no （ (U+FF08) in font [lmroman10-regular]:mapping=t
ex-text;!
Missing character: There is no ） (U+FF09) in font [lmroman10-regular]:mapping=t
ex-text;!
Missing character: There is no 。 (U+3002) in font [lmroman10-regular]:mapping=t
ex-text;!
Missing character: There is no 请 (U+8BF7) in font [lmroman10-regular]:mapping=t
ex-text;!
Missing character: There is no 求 (U+6C42) in font [lmroman10-regular]:mapping=t
ex-text;!
Missing character: There is no 。 (U+3002) in font [lmroman10-regular]:mapping=t
ex-text;!

Package longtable Warning: Column widths have changed
(longtable)                in table 5.51 on input line 1188.

Missing character: There is no 返 (U+8FD4) in font [lmroman10-regular]:mapping=t
ex-text;!
Missing character: There is no 回 (U+56DE) in font [lmroman10-regular]:mapping=t
ex-text;!

Underfull \hbox (badness 10000) detected at line 1189
[][][]
 []

Missing character: There is no 包 (U+5305) in font [lmroman10-regular]:mapping=t
ex-text;!
Missing character: There is no 含 (U+542B) in font [lmroman10-regular]:mapping=t
ex-text;!
Missing character: There is no 指 (U+6307) in font [lmroman10-regular]:mapping=t
ex-text;!
Missing character: There is no 令 (U+4EE4) in font [lmroman10-regular]:mapping=t
ex-text;!
Missing character: There is no 执 (U+6267) in font [lmroman10-regular]:mapping=t
ex-text;!
Missing character: There is no 行 (U+884C) in font [lmroman10-regular]:mapping=t
ex-text;!
Missing character: There is no 结 (U+7ED3) in font [lmroman10-regular]:mapping=t
ex-text;!
Missing character: There is no 果 (U+679C) in font [lmroman10-regular]:mapping=t
ex-text;!
Missing character: There is no 的 (U+7684) in font [lmroman10-regular]:mapping=t
ex-text;!
Missing character: There is no 响 (U+54CD) in font [lmroman10-regular]:mapping=t
ex-text;!
Missing character: There is no 应 (U+5E94) in font [lmroman10-regular]:mapping=t
ex-text;!
Missing character: There is no 对 (U+5BF9) in font [lmroman10-regular]:mapping=t
ex-text;!
Missing character: There is no 象 (U+8C61) in font [lmroman10-regular]:mapping=t
ex-text;!
Missing character: There is no 。 (U+3002) in font [lmroman10-regular]:mapping=t
ex-text;!
Missing character: There is no 设 (U+8BBE) in font [lmroman10-regular]:mapping=t
ex-text;!
Missing character: There is no 置 (U+7F6E) in font [lmroman10-regular]:mapping=t
ex-text;!
Missing character: There is no 机 (U+673A) in font [lmroman10-regular]:mapping=t
ex-text;!
Missing character: There is no 器 (U+5668) in font [lmroman10-regular]:mapping=t
ex-text;!
Missing character: There is no 人 (U+4EBA) in font [lmroman10-regular]:mapping=t
ex-text;!
Missing character: There is no 上 (U+4E0A) in font [lmroman10-regular]:mapping=t
ex-text;!
Missing character: There is no 的 (U+7684) in font [lmroman10-regular]:mapping=t
ex-text;!
Missing character: There is no 负 (U+8D1F) in font [lmroman10-regular]:mapping=t
ex-text;!
Missing character: There is no 载 (U+8F7D) in font [lmroman10-regular]:mapping=t
ex-text;!
Missing character: There is no 参 (U+53C2) in font [lmroman10-regular]:mapping=t
ex-text;!
Missing character: There is no 数 (U+6570) in font [lmroman10-regular]:mapping=t
ex-text;!
Missing character: There is no 要 (U+8981) in font [lmroman10-regular]:mapping=t
ex-text;!
Missing character: There is no 设 (U+8BBE) in font [lmroman10-regular]:mapping=t
ex-text;!
Missing character: There is no 置 (U+7F6E) in font [lmroman10-regular]:mapping=t
ex-text;!
Missing character: There is no 的 (U+7684) in font [lmroman10-regular]:mapping=t
ex-text;!
Missing character: There is no 负 (U+8D1F) in font [lmroman10-regular]:mapping=t
ex-text;!
Missing character: There is no 载 (U+8F7D) in font [lmroman10-regular]:mapping=t
ex-text;!
Missing character: There is no 。 (U+3002) in font [lmroman10-regular]:mapping=t
ex-text;!
Missing character: There is no 请 (U+8BF7) in font [lmroman10-regular]:mapping=t
ex-text;!
Missing character: There is no 求 (U+6C42) in font [lmroman10-regular]:mapping=t
ex-text;!
Missing character: There is no 。 (U+3002) in font [lmroman10-regular]:mapping=t
ex-text;!
Missing character: There is no 参 (U+53C2) in font [lmroman10-regular]:mapping=t
ex-text;!
Missing character: There is no 数 (U+6570) in font [lmroman10-regular]:mapping=t
ex-text;!
Missing character: There is no 参 (U+53C2) in font [lmroman10-regular]:mapping=t
ex-text;!
Missing character: There is no 数 (U+6570) in font [lmroman10-regular]:mapping=t
ex-text;!
Missing character: There is no 要 (U+8981) in font [lmroman10-regular]:mapping=t
ex-text;!
Missing character: There is no 设 (U+8BBE) in font [lmroman10-regular]:mapping=t
ex-text;!
Missing character: There is no 置 (U+7F6E) in font [lmroman10-regular]:mapping=t
ex-text;!
Missing character: There is no 的 (U+7684) in font [lmroman10-regular]:mapping=t
ex-text;!
Missing character: There is no 负 (U+8D1F) in font [lmroman10-regular]:mapping=t
ex-text;!
Missing character: There is no 载 (U+8F7D) in font [lmroman10-regular]:mapping=t
ex-text;!
Missing character: There is no 。 (U+3002) in font [lmroman10-regular]:mapping=t
ex-text;!
Missing character: There is no 请 (U+8BF7) in font [lmroman10-regular]:mapping=t
ex-text;!
Missing character: There is no 求 (U+6C42) in font [lmroman10-regular]:mapping=t
ex-text;!
Missing character: There is no 。 (U+3002) in font [lmroman10-regular]:mapping=t
ex-text;!
Missing character: There is no 参 (U+53C2) in font [lmroman10-regular]:mapping=t
ex-text;!
Missing character: There is no 数 (U+6570) in font [lmroman10-regular]:mapping=t
ex-text;!
Missing character: There is no 参 (U+53C2) in font [lmroman10-regular]:mapping=t
ex-text;!
Missing character: There is no 数 (U+6570) in font [lmroman10-regular]:mapping=t
ex-text;!
Missing character: There is no 要 (U+8981) in font [lmroman10-regular]:mapping=t
ex-text;!
Missing character: There is no 设 (U+8BBE) in font [lmroman10-regular]:mapping=t
ex-text;!
Missing character: There is no 置 (U+7F6E) in font [lmroman10-regular]:mapping=t
ex-text;!
Missing character: There is no 的 (U+7684) in font [lmroman10-regular]:mapping=t
ex-text;!
Missing character: There is no 负 (U+8D1F) in font [lmroman10-regular]:mapping=t
ex-text;!
Missing character: There is no 载 (U+8F7D) in font [lmroman10-regular]:mapping=t
ex-text;!
Missing character: There is no 。 (U+3002) in font [lmroman10-regular]:mapping=t
ex-text;!
Missing character: There is no 请 (U+8BF7) in font [lmroman10-regular]:mapping=t
ex-text;!
Missing character: There is no 求 (U+6C42) in font [lmroman10-regular]:mapping=t
ex-text;!
Missing character: There is no 。 (U+3002) in font [lmroman10-regular]:mapping=t
ex-text;!

Package longtable Warning: Column widths have changed
(longtable)                in table 5.52 on input line 1208.

Missing character: There is no 返 (U+8FD4) in font [lmroman10-regular]:mapping=t
ex-text;!
Missing character: There is no 回 (U+56DE) in font [lmroman10-regular]:mapping=t
ex-text;!

Underfull \hbox (badness 10000) detected at line 1209
[][][]
 []

Missing character: There is no 包 (U+5305) in font [lmroman10-regular]:mapping=t
ex-text;!
Missing character: There is no 含 (U+542B) in font [lmroman10-regular]:mapping=t
ex-text;!
Missing character: There is no 指 (U+6307) in font [lmroman10-regular]:mapping=t
ex-text;!
Missing character: There is no 令 (U+4EE4) in font [lmroman10-regular]:mapping=t
ex-text;!
Missing character: There is no 执 (U+6267) in font [lmroman10-regular]:mapping=t
ex-text;!
Missing character: There is no 行 (U+884C) in font [lmroman10-regular]:mapping=t
ex-text;!
Missing character: There is no 结 (U+7ED3) in font [lmroman10-regular]:mapping=t
ex-text;!
Missing character: There is no 果 (U+679C) in font [lmroman10-regular]:mapping=t
ex-text;!
Missing character: There is no 的 (U+7684) in font [lmroman10-regular]:mapping=t
ex-text;!
Missing character: There is no 响 (U+54CD) in font [lmroman10-regular]:mapping=t
ex-text;!
Missing character: There is no 应 (U+5E94) in font [lmroman10-regular]:mapping=t
ex-text;!
Missing character: There is no 对 (U+5BF9) in font [lmroman10-regular]:mapping=t
ex-text;!
Missing character: There is no 象 (U+8C61) in font [lmroman10-regular]:mapping=t
ex-text;!
Missing character: There is no 。 (U+3002) in font [lmroman10-regular]:mapping=t
ex-text;!
Missing character: There is no 类 (U+7C7B) in font [lmroman10-regular]:mapping=t
ex-text;!
Missing character: There is no 参 (U+53C2) in font [lmroman10-regular]:mapping=t
ex-text;!
Missing character: There is no 考 (U+8003) in font [lmroman10-regular]:mapping=t
ex-text;!
Missing character: There is no 制 (U+5236) in font [lmroman7-regular]:mapping=te
x-text;!
Missing character: There is no 作 (U+4F5C) in font [lmroman7-regular]:mapping=te
x-text;!
Missing character: There is no 者 (U+8005) in font [lmroman7-regular]:mapping=te
x-text;!
[33]
Missing character: There is no 设 (U+8BBE) in font [lmroman10-regular]:mapping=t
ex-text;!
Missing character: There is no 置 (U+7F6E) in font [lmroman10-regular]:mapping=t
ex-text;!
Missing character: There is no 机 (U+673A) in font [lmroman10-regular]:mapping=t
ex-text;!
Missing character: There is no 器 (U+5668) in font [lmroman10-regular]:mapping=t
ex-text;!
Missing character: There is no 人 (U+4EBA) in font [lmroman10-regular]:mapping=t
ex-text;!
Missing character: There is no 上 (U+4E0A) in font [lmroman10-regular]:mapping=t
ex-text;!
Missing character: There is no 寄 (U+5BC4) in font [lmroman10-regular]:mapping=t
ex-text;!
Missing character: There is no 存 (U+5B58) in font [lmroman10-regular]:mapping=t
ex-text;!
Missing character: There is no 器 (U+5668) in font [lmroman10-regular]:mapping=t
ex-text;!
Missing character: There is no 的 (U+7684) in font [lmroman10-regular]:mapping=t
ex-text;!
Missing character: There is no 值 (U+503C) in font [lmroman10-regular]:mapping=t
ex-text;!
Missing character: There is no 要 (U+8981) in font [lmroman10-regular]:mapping=t
ex-text;!
Missing character: There is no 设 (U+8BBE) in font [lmroman10-regular]:mapping=t
ex-text;!
Missing character: There is no 置 (U+7F6E) in font [lmroman10-regular]:mapping=t
ex-text;!
Missing character: There is no 的 (U+7684) in font [lmroman10-regular]:mapping=t
ex-text;!
Missing character: There is no 寄 (U+5BC4) in font [lmroman10-regular]:mapping=t
ex-text;!
Missing character: There is no 存 (U+5B58) in font [lmroman10-regular]:mapping=t
ex-text;!
Missing character: There is no 器 (U+5668) in font [lmroman10-regular]:mapping=t
ex-text;!
Missing character: There is no 地 (U+5730) in font [lmroman10-regular]:mapping=t
ex-text;!
Missing character: There is no 址 (U+5740) in font [lmroman10-regular]:mapping=t
ex-text;!
Missing character: There is no 。 (U+3002) in font [lmroman10-regular]:mapping=t
ex-text;!
Missing character: There is no 要 (U+8981) in font [lmroman10-regular]:mapping=t
ex-text;!
Missing character: There is no 设 (U+8BBE) in font [lmroman10-regular]:mapping=t
ex-text;!
Missing character: There is no 置 (U+7F6E) in font [lmroman10-regular]:mapping=t
ex-text;!
Missing character: There is no 的 (U+7684) in font [lmroman10-regular]:mapping=t
ex-text;!
Missing character: There is no 值 (U+503C) in font [lmroman10-regular]:mapping=t
ex-text;!
Missing character: There is no 。 (U+3002) in font [lmroman10-regular]:mapping=t
ex-text;!
Missing character: There is no 请 (U+8BF7) in font [lmroman10-regular]:mapping=t
ex-text;!
Missing character: There is no 求 (U+6C42) in font [lmroman10-regular]:mapping=t
ex-text;!
Missing character: There is no 。 (U+3002) in font [lmroman10-regular]:mapping=t
ex-text;!
Missing character: There is no 参 (U+53C2) in font [lmroman10-regular]:mapping=t
ex-text;!
Missing character: There is no 数 (U+6570) in font [lmroman10-regular]:mapping=t
ex-text;!
Missing character: There is no 参 (U+53C2) in font [lmroman10-regular]:mapping=t
ex-text;!
Missing character: There is no 数 (U+6570) in font [lmroman10-regular]:mapping=t
ex-text;!
Missing character: There is no 要 (U+8981) in font [lmroman10-regular]:mapping=t
ex-text;!
Missing character: There is no 设 (U+8BBE) in font [lmroman10-regular]:mapping=t
ex-text;!
Missing character: There is no 置 (U+7F6E) in font [lmroman10-regular]:mapping=t
ex-text;!
Missing character: There is no 的 (U+7684) in font [lmroman10-regular]:mapping=t
ex-text;!
Missing character: There is no 寄 (U+5BC4) in font [lmroman10-regular]:mapping=t
ex-text;!
Missing character: There is no 存 (U+5B58) in font [lmroman10-regular]:mapping=t
ex-text;!
Missing character: There is no 器 (U+5668) in font [lmroman10-regular]:mapping=t
ex-text;!
Missing character: There is no 地 (U+5730) in font [lmroman10-regular]:mapping=t
ex-text;!
Missing character: There is no 址 (U+5740) in font [lmroman10-regular]:mapping=t
ex-text;!
Missing character: There is no 。 (U+3002) in font [lmroman10-regular]:mapping=t
ex-text;!
Missing character: There is no 要 (U+8981) in font [lmroman10-regular]:mapping=t
ex-text;!
Missing character: There is no 设 (U+8BBE) in font [lmroman10-regular]:mapping=t
ex-text;!
Missing character: There is no 置 (U+7F6E) in font [lmroman10-regular]:mapping=t
ex-text;!
Missing character: There is no 的 (U+7684) in font [lmroman10-regular]:mapping=t
ex-text;!
Missing character: There is no 值 (U+503C) in font [lmroman10-regular]:mapping=t
ex-text;!
Missing character: There is no 。 (U+3002) in font [lmroman10-regular]:mapping=t
ex-text;!
Missing character: There is no 请 (U+8BF7) in font [lmroman10-regular]:mapping=t
ex-text;!
Missing character: There is no 求 (U+6C42) in font [lmroman10-regular]:mapping=t
ex-text;!
Missing character: There is no 。 (U+3002) in font [lmroman10-regular]:mapping=t
ex-text;!
Missing character: There is no 参 (U+53C2) in font [lmroman10-regular]:mapping=t
ex-text;!
Missing character: There is no 数 (U+6570) in font [lmroman10-regular]:mapping=t
ex-text;!
Missing character: There is no 参 (U+53C2) in font [lmroman10-regular]:mapping=t
ex-text;!
Missing character: There is no 数 (U+6570) in font [lmroman10-regular]:mapping=t
ex-text;!
Missing character: There is no 要 (U+8981) in font [lmroman10-regular]:mapping=t
ex-text;!
Missing character: There is no 设 (U+8BBE) in font [lmroman10-regular]:mapping=t
ex-text;!
Missing character: There is no 置 (U+7F6E) in font [lmroman10-regular]:mapping=t
ex-text;!
Missing character: There is no 的 (U+7684) in font [lmroman10-regular]:mapping=t
ex-text;!
Missing character: There is no 寄 (U+5BC4) in font [lmroman10-regular]:mapping=t
ex-text;!
Missing character: There is no 存 (U+5B58) in font [lmroman10-regular]:mapping=t
ex-text;!
Missing character: There is no 器 (U+5668) in font [lmroman10-regular]:mapping=t
ex-text;!
Missing character: There is no 地 (U+5730) in font [lmroman10-regular]:mapping=t
ex-text;!
Missing character: There is no 址 (U+5740) in font [lmroman10-regular]:mapping=t
ex-text;!
Missing character: There is no 。 (U+3002) in font [lmroman10-regular]:mapping=t
ex-text;!
Missing character: There is no 要 (U+8981) in font [lmroman10-regular]:mapping=t
ex-text;!
Missing character: There is no 设 (U+8BBE) in font [lmroman10-regular]:mapping=t
ex-text;!
Missing character: There is no 置 (U+7F6E) in font [lmroman10-regular]:mapping=t
ex-text;!
Missing character: There is no 的 (U+7684) in font [lmroman10-regular]:mapping=t
ex-text;!
Missing character: There is no 值 (U+503C) in font [lmroman10-regular]:mapping=t
ex-text;!
Missing character: There is no 。 (U+3002) in font [lmroman10-regular]:mapping=t
ex-text;!
Missing character: There is no 请 (U+8BF7) in font [lmroman10-regular]:mapping=t
ex-text;!
Missing character: There is no 求 (U+6C42) in font [lmroman10-regular]:mapping=t
ex-text;!
Missing character: There is no 。 (U+3002) in font [lmroman10-regular]:mapping=t
ex-text;!

Package longtable Warning: Column widths have changed
(longtable)                in table 5.53 on input line 1230.

Missing character: There is no 返 (U+8FD4) in font [lmroman10-regular]:mapping=t
ex-text;!
Missing character: There is no 回 (U+56DE) in font [lmroman10-regular]:mapping=t
ex-text;!

Underfull \hbox (badness 10000) detected at line 1231
[][][]
 []

Missing character: There is no 包 (U+5305) in font [lmroman10-regular]:mapping=t
ex-text;!
Missing character: There is no 含 (U+542B) in font [lmroman10-regular]:mapping=t
ex-text;!
Missing character: There is no 指 (U+6307) in font [lmroman10-regular]:mapping=t
ex-text;!
Missing character: There is no 令 (U+4EE4) in font [lmroman10-regular]:mapping=t
ex-text;!
Missing character: There is no 执 (U+6267) in font [lmroman10-regular]:mapping=t
ex-text;!
Missing character: There is no 行 (U+884C) in font [lmroman10-regular]:mapping=t
ex-text;!
Missing character: There is no 结 (U+7ED3) in font [lmroman10-regular]:mapping=t
ex-text;!
Missing character: There is no 果 (U+679C) in font [lmroman10-regular]:mapping=t
ex-text;!
Missing character: There is no 的 (U+7684) in font [lmroman10-regular]:mapping=t
ex-text;!
Missing character: There is no 响 (U+54CD) in font [lmroman10-regular]:mapping=t
ex-text;!
Missing character: There is no 应 (U+5E94) in font [lmroman10-regular]:mapping=t
ex-text;!
Missing character: There is no 对 (U+5BF9) in font [lmroman10-regular]:mapping=t
ex-text;!
Missing character: There is no 象 (U+8C61) in font [lmroman10-regular]:mapping=t
ex-text;!
Missing character: There is no 。 (U+3002) in font [lmroman10-regular]:mapping=t
ex-text;!
Missing character: There is no 设 (U+8BBE) in font [lmroman10-regular]:mapping=t
ex-text;!
Missing character: There is no 置 (U+7F6E) in font [lmroman10-regular]:mapping=t
ex-text;!
Missing character: There is no 机 (U+673A) in font [lmroman10-regular]:mapping=t
ex-text;!
Missing character: There is no 器 (U+5668) in font [lmroman10-regular]:mapping=t
ex-text;!
Missing character: There is no 人 (U+4EBA) in font [lmroman10-regular]:mapping=t
ex-text;!
Missing character: There is no 上 (U+4E0A) in font [lmroman10-regular]:mapping=t
ex-text;!
Missing character: There is no 工 (U+5DE5) in font [lmroman10-regular]:mapping=t
ex-text;!
Missing character: There is no 程 (U+7A0B) in font [lmroman10-regular]:mapping=t
ex-text;!
Missing character: There is no 执 (U+6267) in font [lmroman10-regular]:mapping=t
ex-text;!
Missing character: There is no 行 (U+884C) in font [lmroman10-regular]:mapping=t
ex-text;!
Missing character: There is no 的 (U+7684) in font [lmroman10-regular]:mapping=t
ex-text;!
Missing character: There is no 启 (U+542F) in font [lmroman10-regular]:mapping=t
ex-text;!
Missing character: There is no 动 (U+52A8) in font [lmroman10-regular]:mapping=t
ex-text;!
Missing character: There is no 行 (U+884C) in font [lmroman10-regular]:mapping=t
ex-text;!
Missing character: There is no 要 (U+8981) in font [lmroman10-regular]:mapping=t
ex-text;!
Missing character: There is no 开 (U+5F00) in font [lmroman10-regular]:mapping=t
ex-text;!
Missing character: There is no 始 (U+59CB) in font [lmroman10-regular]:mapping=t
ex-text;!
Missing character: There is no 执 (U+6267) in font [lmroman10-regular]:mapping=t
ex-text;!
Missing character: There is no 行 (U+884C) in font [lmroman10-regular]:mapping=t
ex-text;!
Missing character: There is no 的 (U+7684) in font [lmroman10-regular]:mapping=t
ex-text;!
Missing character: There is no 行 (U+884C) in font [lmroman10-regular]:mapping=t
ex-text;!
Missing character: There is no 号 (U+53F7) in font [lmroman10-regular]:mapping=t
ex-text;!
Missing character: There is no 。 (U+3002) in font [lmroman10-regular]:mapping=t
ex-text;!
Missing character: There is no 请 (U+8BF7) in font [lmroman10-regular]:mapping=t
ex-text;!
Missing character: There is no 求 (U+6C42) in font [lmroman10-regular]:mapping=t
ex-text;!
Missing character: There is no 。 (U+3002) in font [lmroman10-regular]:mapping=t
ex-text;!
Missing character: There is no 参 (U+53C2) in font [lmroman10-regular]:mapping=t
ex-text;!
Missing character: There is no 数 (U+6570) in font [lmroman10-regular]:mapping=t
ex-text;!
Missing character: There is no 参 (U+53C2) in font [lmroman10-regular]:mapping=t
ex-text;!
Missing character: There is no 数 (U+6570) in font [lmroman10-regular]:mapping=t
ex-text;!
Missing character: There is no 要 (U+8981) in font [lmroman10-regular]:mapping=t
ex-text;!
Missing character: There is no 开 (U+5F00) in font [lmroman10-regular]:mapping=t
ex-text;!
Missing character: There is no 始 (U+59CB) in font [lmroman10-regular]:mapping=t
ex-text;!
Missing character: There is no 执 (U+6267) in font [lmroman10-regular]:mapping=t
ex-text;!
Missing character: There is no 行 (U+884C) in font [lmroman10-regular]:mapping=t
ex-text;!
Missing character: There is no 的 (U+7684) in font [lmroman10-regular]:mapping=t
ex-text;!
Missing character: There is no 行 (U+884C) in font [lmroman10-regular]:mapping=t
ex-text;!
Missing character: There is no 号 (U+53F7) in font [lmroman10-regular]:mapping=t
ex-text;!
Missing character: There is no 。 (U+3002) in font [lmroman10-regular]:mapping=t
ex-text;!
Missing character: There is no 请 (U+8BF7) in font [lmroman10-regular]:mapping=t
ex-text;!
Missing character: There is no 求 (U+6C42) in font [lmroman10-regular]:mapping=t
ex-text;!
Missing character: There is no 。 (U+3002) in font [lmroman10-regular]:mapping=t
ex-text;!
Missing character: There is no 参 (U+53C2) in font [lmroman10-regular]:mapping=t
ex-text;!
Missing character: There is no 数 (U+6570) in font [lmroman10-regular]:mapping=t
ex-text;!
Missing character: There is no 参 (U+53C2) in font [lmroman10-regular]:mapping=t
ex-text;!
Missing character: There is no 数 (U+6570) in font [lmroman10-regular]:mapping=t
ex-text;!
Missing character: There is no 要 (U+8981) in font [lmroman10-regular]:mapping=t
ex-text;!
Missing character: There is no 开 (U+5F00) in font [lmroman10-regular]:mapping=t
ex-text;!
Missing character: There is no 始 (U+59CB) in font [lmroman10-regular]:mapping=t
ex-text;!
Missing character: There is no 执 (U+6267) in font [lmroman10-regular]:mapping=t
ex-text;!
Missing character: There is no 行 (U+884C) in font [lmroman10-regular]:mapping=t
ex-text;!
Missing character: There is no 的 (U+7684) in font [lmroman10-regular]:mapping=t
ex-text;!
Missing character: There is no 行 (U+884C) in font [lmroman10-regular]:mapping=t
ex-text;!
Missing character: There is no 号 (U+53F7) in font [lmroman10-regular]:mapping=t
ex-text;!
Missing character: There is no 。 (U+3002) in font [lmroman10-regular]:mapping=t
ex-text;!
Missing character: There is no 请 (U+8BF7) in font [lmroman10-regular]:mapping=t
ex-text;!
Missing character: There is no 求 (U+6C42) in font [lmroman10-regular]:mapping=t
ex-text;!
Missing character: There is no 。 (U+3002) in font [lmroman10-regular]:mapping=t
ex-text;!

Package longtable Warning: Column widths have changed
(longtable)                in table 5.54 on input line 1250.

Missing character: There is no 返 (U+8FD4) in font [lmroman10-regular]:mapping=t
ex-text;!
Missing character: There is no 回 (U+56DE) in font [lmroman10-regular]:mapping=t
ex-text;!

Underfull \hbox (badness 10000) detected at line 1251
[][][]
 []

Missing character: There is no 包 (U+5305) in font [lmroman10-regular]:mapping=t
ex-text;!
Missing character: There is no 含 (U+542B) in font [lmroman10-regular]:mapping=t
ex-text;!
Missing character: There is no 指 (U+6307) in font [lmroman10-regular]:mapping=t
ex-text;!
Missing character: There is no 令 (U+4EE4) in font [lmroman10-regular]:mapping=t
ex-text;!
Missing character: There is no 执 (U+6267) in font [lmroman10-regular]:mapping=t
ex-text;!
Missing character: There is no 行 (U+884C) in font [lmroman10-regular]:mapping=t
ex-text;!
Missing character: There is no 结 (U+7ED3) in font [lmroman10-regular]:mapping=t
ex-text;!
Missing character: There is no 果 (U+679C) in font [lmroman10-regular]:mapping=t
ex-text;!
Missing character: There is no 的 (U+7684) in font [lmroman10-regular]:mapping=t
ex-text;!
Missing character: There is no 响 (U+54CD) in font [lmroman10-regular]:mapping=t
ex-text;!
Missing character: There is no 应 (U+5E94) in font [lmroman10-regular]:mapping=t
ex-text;!
Missing character: There is no 对 (U+5BF9) in font [lmroman10-regular]:mapping=t
ex-text;!
Missing character: There is no 象 (U+8C61) in font [lmroman10-regular]:mapping=t
ex-text;!
Missing character: There is no 。 (U+3002) in font [lmroman10-regular]:mapping=t
ex-text;!
Missing character: There is no 以 (U+4EE5) in font [lmroman10-regular]:mapping=t
ex-text;!
Missing character: There is no 指 (U+6307) in font [lmroman10-regular]:mapping=t
ex-text;!
Missing character: There is no 定 (U+5B9A) in font [lmroman10-regular]:mapping=t
ex-text;!
Missing character: There is no 参 (U+53C2) in font [lmroman10-regular]:mapping=t
ex-text;!
Missing character: There is no 数 (U+6570) in font [lmroman10-regular]:mapping=t
ex-text;!
Missing character: There is no 开 (U+5F00) in font [lmroman10-regular]:mapping=t
ex-text;!
Missing character: There is no 启 (U+542F) in font [lmroman10-regular]:mapping=t
ex-text;!
Missing character: There is no 机 (U+673A) in font [lmroman10-regular]:mapping=t
ex-text;!
Missing character: There is no 器 (U+5668) in font [lmroman10-regular]:mapping=t
ex-text;!
Missing character: There is no 人 (U+4EBA) in font [lmroman10-regular]:mapping=t
ex-text;!
Missing character: There is no 的 (U+7684) in font [lmroman10-regular]:mapping=t
ex-text;!
Missing character: There is no 实 (U+5B9E) in font [lmroman10-regular]:mapping=t
ex-text;!
Missing character: There is no 时 (U+65F6) in font [lmroman10-regular]:mapping=t
ex-text;!
Missing character: There is no 控 (U+63A7) in font [lmroman10-regular]:mapping=t
ex-text;!
Missing character: There is no 制 (U+5236) in font [lmroman10-regular]:mapping=t
ex-text;!
Missing character: There is no 实 (U+5B9E) in font [lmroman10-regular]:mapping=t
ex-text;!
Missing character: There is no 时 (U+65F6) in font [lmroman10-regular]:mapping=t
ex-text;!
Missing character: There is no 控 (U+63A7) in font [lmroman10-regular]:mapping=t
ex-text;!
Missing character: There is no 制 (U+5236) in font [lmroman10-regular]:mapping=t
ex-text;!
Missing character: There is no 的 (U+7684) in font [lmroman10-regular]:mapping=t
ex-text;!
Missing character: There is no 间 (U+95F4) in font [lmroman10-regular]:mapping=t
ex-text;!
Missing character: There is no 隔 (U+9694) in font [lmroman10-regular]:mapping=t
ex-text;!
Missing character: There is no 时 (U+65F6) in font [lmroman10-regular]:mapping=t
ex-text;!
Missing character: There is no 间 (U+95F4) in font [lmroman10-regular]:mapping=t
ex-text;!
Missing character: There is no ， (U+FF0C) in font [lmroman10-regular]:mapping=t
ex-text;!
Missing character: There is no 单 (U+5355) in font [lmroman10-regular]:mapping=t
ex-text;!
Missing character: There is no 位 (U+4F4D) in font [lmroman10-regular]:mapping=t
ex-text;!
Missing character: There is no 为 (U+4E3A) in font [lmroman10-regular]:mapping=t
ex-text;!
Missing character: There is no 毫 (U+6BEB) in font [lmroman10-regular]:mapping=t
ex-text;!
Missing character: There is no 秒 (U+79D2) in font [lmroman10-regular]:mapping=t
ex-text;!
Missing character: There is no 。 (U+3002) in font [lmroman10-regular]:mapping=t
ex-text;!
Missing character: There is no （ (U+FF08) in font [lmroman10-regular]:mapping=t
ex-text;!
Missing character: There is no 频 (U+9891) in font [lmroman10-regular]:mapping=t
ex-text;!
Missing character: There is no 率 (U+7387) in font [lmroman10-regular]:mapping=t
ex-text;!
Missing character: There is no ） (U+FF09) in font [lmroman10-regular]:mapping=t
ex-text;!
Missing character: There is no 开 (U+5F00) in font [lmroman10-regular]:mapping=t
ex-text;!
Missing character: There is no 始 (U+59CB) in font [lmroman10-regular]:mapping=t
ex-text;!
Missing character: There is no 控 (U+63A7) in font [lmroman10-regular]:mapping=t
ex-text;!
Missing character: There is no 制 (U+5236) in font [lmroman10-regular]:mapping=t
ex-text;!
Missing character: There is no 前 (U+524D) in font [lmroman10-regular]:mapping=t
ex-text;!
Missing character: There is no 的 (U+7684) in font [lmroman10-regular]:mapping=t
ex-text;!
Missing character: There is no 初 (U+521D) in font [lmroman10-regular]:mapping=t
ex-text;!
Missing character: There is no 始 (U+59CB) in font [lmroman10-regular]:mapping=t
ex-text;!
Missing character: There is no 缓 (U+7F13) in font [lmroman10-regular]:mapping=t
ex-text;!
Missing character: There is no 冲 (U+51B2) in font [lmroman10-regular]:mapping=t
ex-text;!
Missing character: There is no 数 (U+6570) in font [lmroman10-regular]:mapping=t
ex-text;!
Missing character: There is no 组 (U+7EC4) in font [lmroman10-regular]:mapping=t
ex-text;!
Missing character: There is no ， (U+FF0C) in font [lmroman10-regular]:mapping=t
ex-text;!
Missing character: There is no 及 (U+53CA) in font [lmroman10-regular]:mapping=t
ex-text;!
Missing character: There is no 收 (U+6536) in font [lmroman10-regular]:mapping=t
ex-text;!
Missing character: There is no 到 (U+5230) in font [lmroman10-regular]:mapping=t
ex-text;!
Missing character: There is no 多 (U+591A) in font [lmroman10-regular]:mapping=t
ex-text;!
Missing character: There is no 少 (U+5C11) in font [lmroman10-regular]:mapping=t
ex-text;!
Missing character: There is no 个 (U+4E2A) in font [lmroman10-regular]:mapping=t
ex-text;!
Missing character: There is no 位 (U+4F4D) in font [lmroman10-regular]:mapping=t
ex-text;!
Missing character: There is no 置 (U+7F6E) in font [lmroman10-regular]:mapping=t
ex-text;!
Missing character: There is no 消 (U+6D88) in font [lmroman10-regular]:mapping=t
ex-text;!
Missing character: There is no 息 (U+606F) in font [lmroman10-regular]:mapping=t
ex-text;!
Missing character: There is no 后 (U+540E) in font [lmroman10-regular]:mapping=t
ex-text;!
Missing character: There is no 才 (U+624D) in font [lmroman10-regular]:mapping=t
ex-text;!
Missing character: There is no 开 (U+5F00) in font [lmroman10-regular]:mapping=t
ex-text;!
Missing character: There is no 始 (U+59CB) in font [lmroman10-regular]:mapping=t
ex-text;!
Missing character: There is no 运 (U+8FD0) in font [lmroman10-regular]:mapping=t
ex-text;!
Missing character: There is no 动 (U+52A8) in font [lmroman10-regular]:mapping=t
ex-text;!
Missing character: There is no 滤 (U+6EE4) in font [lmroman10-regular]:mapping=t
ex-text;!
Missing character: There is no 波 (U+6CE2) in font [lmroman10-regular]:mapping=t
ex-text;!
Missing character: There is no 类 (U+7C7B) in font [lmroman10-regular]:mapping=t
ex-text;!
Missing character: There is no 型 (U+578B) in font [lmroman10-regular]:mapping=t
ex-text;!
Missing character: There is no （ (U+FF08) in font [lmroman10-regular]:mapping=t
ex-text;!
Missing character: There is no 关 (U+5173) in font [lmroman10-regular]:mapping=t
ex-text;!
Missing character: There is no 闭 (U+95ED) in font [lmroman10-regular]:mapping=t
ex-text;!
Missing character: There is no 滤 (U+6EE4) in font [lmroman10-regular]:mapping=t
ex-text;!
Missing character: There is no 波 (U+6CE2) in font [lmroman10-regular]:mapping=t
ex-text;!
Missing character: There is no 平 (U+5E73) in font [lmroman10-regular]:mapping=t
ex-text;!
Missing character: There is no 均 (U+5747) in font [lmroman10-regular]:mapping=t
ex-text;!
Missing character: There is no 滤 (U+6EE4) in font [lmroman10-regular]:mapping=t
ex-text;!
Missing character: There is no 波 (U+6CE2) in font [lmroman10-regular]:mapping=t
ex-text;!
Missing character: There is no 值 (U+503C) in font [lmroman10-regular]:mapping=t
ex-text;!
Missing character: There is no ） (U+FF09) in font [lmroman10-regular]:mapping=t
ex-text;!
Missing character: There is no 请 (U+8BF7) in font [lmroman10-regular]:mapping=t
ex-text;!
Missing character: There is no 求 (U+6C42) in font [lmroman10-regular]:mapping=t
ex-text;!
Missing character: There is no 。 (U+3002) in font [lmroman10-regular]:mapping=t
ex-text;!
Missing character: There is no 参 (U+53C2) in font [lmroman10-regular]:mapping=t
ex-text;!
Missing character: There is no 数 (U+6570) in font [lmroman10-regular]:mapping=t
ex-text;!
Missing character: There is no 参 (U+53C2) in font [lmroman10-regular]:mapping=t
ex-text;!
Missing character: There is no 数 (U+6570) in font [lmroman10-regular]:mapping=t
ex-text;!
Missing character: There is no 实 (U+5B9E) in font [lmroman10-regular]:mapping=t
ex-text;!
Missing character: There is no 时 (U+65F6) in font [lmroman10-regular]:mapping=t
ex-text;!
Missing character: There is no 控 (U+63A7) in font [lmroman10-regular]:mapping=t
ex-text;!
Missing character: There is no 制 (U+5236) in font [lmroman10-regular]:mapping=t
ex-text;!
Missing character: There is no 的 (U+7684) in font [lmroman10-regular]:mapping=t
ex-text;!
Missing character: There is no 间 (U+95F4) in font [lmroman10-regular]:mapping=t
ex-text;!
Missing character: There is no 隔 (U+9694) in font [lmroman10-regular]:mapping=t
ex-text;!
Missing character: There is no 时 (U+65F6) in font [lmroman10-regular]:mapping=t
ex-text;!
Missing character: There is no 间 (U+95F4) in font [lmroman10-regular]:mapping=t
ex-text;!
Missing character: There is no ， (U+FF0C) in font [lmroman10-regular]:mapping=t
ex-text;!
Missing character: There is no 单 (U+5355) in font [lmroman10-regular]:mapping=t
ex-text;!
Missing character: There is no 位 (U+4F4D) in font [lmroman10-regular]:mapping=t
ex-text;!
Missing character: There is no 为 (U+4E3A) in font [lmroman10-regular]:mapping=t
ex-text;!
Missing character: There is no 毫 (U+6BEB) in font [lmroman10-regular]:mapping=t
ex-text;!
Missing character: There is no 秒 (U+79D2) in font [lmroman10-regular]:mapping=t
ex-text;!
Missing character: There is no 。 (U+3002) in font [lmroman10-regular]:mapping=t
ex-text;!
Missing character: There is no （ (U+FF08) in font [lmroman10-regular]:mapping=t
ex-text;!
Missing character: There is no 频 (U+9891) in font [lmroman10-regular]:mapping=t
ex-text;!
Missing character: There is no 率 (U+7387) in font [lmroman10-regular]:mapping=t
ex-text;!
Missing character: There is no ） (U+FF09) in font [lmroman10-regular]:mapping=t
ex-text;!
Missing character: There is no 开 (U+5F00) in font [lmroman10-regular]:mapping=t
ex-text;!
Missing character: There is no 始 (U+59CB) in font [lmroman10-regular]:mapping=t
ex-text;!
Missing character: There is no 控 (U+63A7) in font [lmroman10-regular]:mapping=t
ex-text;!
Missing character: There is no 制 (U+5236) in font [lmroman10-regular]:mapping=t
ex-text;!
Missing character: There is no 前 (U+524D) in font [lmroman10-regular]:mapping=t
ex-text;!
Missing character: There is no 的 (U+7684) in font [lmroman10-regular]:mapping=t
ex-text;!
Missing character: There is no 初 (U+521D) in font [lmroman10-regular]:mapping=t
ex-text;!
Missing character: There is no 始 (U+59CB) in font [lmroman10-regular]:mapping=t
ex-text;!
Missing character: There is no 缓 (U+7F13) in font [lmroman10-regular]:mapping=t
ex-text;!
Missing character: There is no 冲 (U+51B2) in font [lmroman10-regular]:mapping=t
ex-text;!
Missing character: There is no 数 (U+6570) in font [lmroman10-regular]:mapping=t
ex-text;!
Missing character: There is no 组 (U+7EC4) in font [lmroman10-regular]:mapping=t
ex-text;!
Missing character: There is no ， (U+FF0C) in font [lmroman10-regular]:mapping=t
ex-text;!
Missing character: There is no 及 (U+53CA) in font [lmroman10-regular]:mapping=t
ex-text;!
Missing character: There is no 收 (U+6536) in font [lmroman10-regular]:mapping=t
ex-text;!
Missing character: There is no 到 (U+5230) in font [lmroman10-regular]:mapping=t
ex-text;!
Missing character: There is no 多 (U+591A) in font [lmroman10-regular]:mapping=t
ex-text;!
Missing character: There is no 少 (U+5C11) in font [lmroman10-regular]:mapping=t
ex-text;!
Missing character: There is no 个 (U+4E2A) in font [lmroman10-regular]:mapping=t
ex-text;!
Missing character: There is no 位 (U+4F4D) in font [lmroman10-regular]:mapping=t
ex-text;!
Missing character: There is no 置 (U+7F6E) in font [lmroman10-regular]:mapping=t
ex-text;!
Missing character: There is no 消 (U+6D88) in font [lmroman10-regular]:mapping=t
ex-text;!
Missing character: There is no 息 (U+606F) in font [lmroman10-regular]:mapping=t
ex-text;!
Missing character: There is no 后 (U+540E) in font [lmroman10-regular]:mapping=t
ex-text;!
Missing character: There is no 才 (U+624D) in font [lmroman10-regular]:mapping=t
ex-text;!
Missing character: There is no 开 (U+5F00) in font [lmroman10-regular]:mapping=t
ex-text;!
Missing character: There is no 始 (U+59CB) in font [lmroman10-regular]:mapping=t
ex-text;!
Missing character: There is no 运 (U+8FD0) in font [lmroman10-regular]:mapping=t
ex-text;!
Missing character: There is no 动 (U+52A8) in font [lmroman10-regular]:mapping=t
ex-text;!
Missing character: There is no 滤 (U+6EE4) in font [lmroman10-regular]:mapping=t
ex-text;!
Missing character: There is no 波 (U+6CE2) in font [lmroman10-regular]:mapping=t
ex-text;!
Missing character: There is no 类 (U+7C7B) in font [lmroman10-regular]:mapping=t
ex-text;!
Missing character: There is no 型 (U+578B) in font [lmroman10-regular]:mapping=t
ex-text;!
Missing character: There is no （ (U+FF08) in font [lmroman10-regular]:mapping=t
ex-text;!
Missing character: There is no 关 (U+5173) in font [lmroman10-regular]:mapping=t
ex-text;!
Missing character: There is no 闭 (U+95ED) in font [lmroman10-regular]:mapping=t
ex-text;!
Missing character: There is no 滤 (U+6EE4) in font [lmroman10-regular]:mapping=t
ex-text;!
Missing character: There is no 波 (U+6CE2) in font [lmroman10-regular]:mapping=t
ex-text;!
Missing character: There is no 平 (U+5E73) in font [lmroman10-regular]:mapping=t
ex-text;!
Missing character: There is no 均 (U+5747) in font [lmroman10-regular]:mapping=t
ex-text;!
Missing character: There is no 滤 (U+6EE4) in font [lmroman10-regular]:mapping=t
ex-text;!
Missing character: There is no 波 (U+6CE2) in font [lmroman10-regular]:mapping=t
ex-text;!
Missing character: There is no 值 (U+503C) in font [lmroman10-regular]:mapping=t
ex-text;!
Missing character: There is no ） (U+FF09) in font [lmroman10-regular]:mapping=t
ex-text;!
Missing character: There is no 请 (U+8BF7) in font [lmroman10-regular]:mapping=t
ex-text;!
Missing character: There is no 求 (U+6C42) in font [lmroman10-regular]:mapping=t
ex-text;!
Missing character: There is no 。 (U+3002) in font [lmroman10-regular]:mapping=t
ex-text;!
Missing character: There is no 参 (U+53C2) in font [lmroman10-regular]:mapping=t
ex-text;!
Missing character: There is no 数 (U+6570) in font [lmroman10-regular]:mapping=t
ex-text;!
Missing character: There is no 参 (U+53C2) in font [lmroman10-regular]:mapping=t
ex-text;!
Missing character: There is no 数 (U+6570) in font [lmroman10-regular]:mapping=t
ex-text;!
Missing character: There is no 实 (U+5B9E) in font [lmroman10-regular]:mapping=t
ex-text;!
Missing character: There is no 时 (U+65F6) in font [lmroman10-regular]:mapping=t
ex-text;!
Missing character: There is no 控 (U+63A7) in font [lmroman10-regular]:mapping=t
ex-text;!
Missing character: There is no 制 (U+5236) in font [lmroman10-regular]:mapping=t
ex-text;!
Missing character: There is no 的 (U+7684) in font [lmroman10-regular]:mapping=t
ex-text;!
Missing character: There is no 间 (U+95F4) in font [lmroman10-regular]:mapping=t
ex-text;!
Missing character: There is no 隔 (U+9694) in font [lmroman10-regular]:mapping=t
ex-text;!
Missing character: There is no 时 (U+65F6) in font [lmroman10-regular]:mapping=t
ex-text;!
Missing character: There is no 间 (U+95F4) in font [lmroman10-regular]:mapping=t
ex-text;!
Missing character: There is no ， (U+FF0C) in font [lmroman10-regular]:mapping=t
ex-text;!
Missing character: There is no 单 (U+5355) in font [lmroman10-regular]:mapping=t
ex-text;!
Missing character: There is no 位 (U+4F4D) in font [lmroman10-regular]:mapping=t
ex-text;!
Missing character: There is no 为 (U+4E3A) in font [lmroman10-regular]:mapping=t
ex-text;!
Missing character: There is no 毫 (U+6BEB) in font [lmroman10-regular]:mapping=t
ex-text;!
Missing character: There is no 秒 (U+79D2) in font [lmroman10-regular]:mapping=t
ex-text;!
Missing character: There is no 。 (U+3002) in font [lmroman10-regular]:mapping=t
ex-text;!
Missing character: There is no （ (U+FF08) in font [lmroman10-regular]:mapping=t
ex-text;!
Missing character: There is no 频 (U+9891) in font [lmroman10-regular]:mapping=t
ex-text;!
Missing character: There is no 率 (U+7387) in font [lmroman10-regular]:mapping=t
ex-text;!
Missing character: There is no ） (U+FF09) in font [lmroman10-regular]:mapping=t
ex-text;!
Missing character: There is no 开 (U+5F00) in font [lmroman10-regular]:mapping=t
ex-text;!
Missing character: There is no 始 (U+59CB) in font [lmroman10-regular]:mapping=t
ex-text;!
Missing character: There is no 控 (U+63A7) in font [lmroman10-regular]:mapping=t
ex-text;!
Missing character: There is no 制 (U+5236) in font [lmroman10-regular]:mapping=t
ex-text;!
Missing character: There is no 前 (U+524D) in font [lmroman10-regular]:mapping=t
ex-text;!
Missing character: There is no 的 (U+7684) in font [lmroman10-regular]:mapping=t
ex-text;!
Missing character: There is no 初 (U+521D) in font [lmroman10-regular]:mapping=t
ex-text;!
Missing character: There is no 始 (U+59CB) in font [lmroman10-regular]:mapping=t
ex-text;!
Missing character: There is no 缓 (U+7F13) in font [lmroman10-regular]:mapping=t
ex-text;!
Missing character: There is no 冲 (U+51B2) in font [lmroman10-regular]:mapping=t
ex-text;!
Missing character: There is no 数 (U+6570) in font [lmroman10-regular]:mapping=t
ex-text;!
Missing character: There is no 组 (U+7EC4) in font [lmroman10-regular]:mapping=t
ex-text;!
Missing character: There is no ， (U+FF0C) in font [lmroman10-regular]:mapping=t
ex-text;!
Missing character: There is no 及 (U+53CA) in font [lmroman10-regular]:mapping=t
ex-text;!
Missing character: There is no 收 (U+6536) in font [lmroman10-regular]:mapping=t
ex-text;!
Missing character: There is no 到 (U+5230) in font [lmroman10-regular]:mapping=t
ex-text;!
Missing character: There is no 多 (U+591A) in font [lmroman10-regular]:mapping=t
ex-text;!
Missing character: There is no 少 (U+5C11) in font [lmroman10-regular]:mapping=t
ex-text;!
Missing character: There is no 个 (U+4E2A) in font [lmroman10-regular]:mapping=t
ex-text;!
Missing character: There is no 位 (U+4F4D) in font [lmroman10-regular]:mapping=t
ex-text;!
Missing character: There is no 置 (U+7F6E) in font [lmroman10-regular]:mapping=t
ex-text;!
Missing character: There is no 消 (U+6D88) in font [lmroman10-regular]:mapping=t
ex-text;!
Missing character: There is no 息 (U+606F) in font [lmroman10-regular]:mapping=t
ex-text;!
Missing character: There is no 后 (U+540E) in font [lmroman10-regular]:mapping=t
ex-text;!
Missing character: There is no 才 (U+624D) in font [lmroman10-regular]:mapping=t
ex-text;!
Missing character: There is no 开 (U+5F00) in font [lmroman10-regular]:mapping=t
ex-text;!
Missing character: There is no 始 (U+59CB) in font [lmroman10-regular]:mapping=t
ex-text;!
Missing character: There is no 运 (U+8FD0) in font [lmroman10-regular]:mapping=t
ex-text;!
Missing character: There is no 动 (U+52A8) in font [lmroman10-regular]:mapping=t
ex-text;!
Missing character: There is no 滤 (U+6EE4) in font [lmroman10-regular]:mapping=t
ex-text;!
Missing character: There is no 波 (U+6CE2) in font [lmroman10-regular]:mapping=t
ex-text;!
Missing character: There is no 类 (U+7C7B) in font [lmroman10-regular]:mapping=t
ex-text;!
Missing character: There is no 型 (U+578B) in font [lmroman10-regular]:mapping=t
ex-text;!
Missing character: There is no （ (U+FF08) in font [lmroman10-regular]:mapping=t
ex-text;!
Missing character: There is no 关 (U+5173) in font [lmroman10-regular]:mapping=t
ex-text;!
Missing character: There is no 闭 (U+95ED) in font [lmroman10-regular]:mapping=t
ex-text;!
Missing character: There is no 滤 (U+6EE4) in font [lmroman10-regular]:mapping=t
ex-text;!
Missing character: There is no 波 (U+6CE2) in font [lmroman10-regular]:mapping=t
ex-text;!
Missing character: There is no 平 (U+5E73) in font [lmroman10-regular]:mapping=t
ex-text;!
Missing character: There is no 均 (U+5747) in font [lmroman10-regular]:mapping=t
ex-text;!
Missing character: There is no 滤 (U+6EE4) in font [lmroman10-regular]:mapping=t
ex-text;!
Missing character: There is no 波 (U+6CE2) in font [lmroman10-regular]:mapping=t
ex-text;!
Missing character: There is no 值 (U+503C) in font [lmroman10-regular]:mapping=t
ex-text;!
Missing character: There is no ） (U+FF09) in font [lmroman10-regular]:mapping=t
ex-text;!
Missing character: There is no 请 (U+8BF7) in font [lmroman10-regular]:mapping=t
ex-text;!
Missing character: There is no 求 (U+6C42) in font [lmroman10-regular]:mapping=t
ex-text;!
Missing character: There is no 。 (U+3002) in font [lmroman10-regular]:mapping=t
ex-text;!
Missing character: There is no 类 (U+7C7B) in font [lmroman10-regular]:mapping=t
ex-text;!
Missing character: There is no 说 (U+8BF4) in font [lmroman10-regular]:mapping=t
ex-text;!
Missing character: There is no 明 (U+660E) in font [lmroman10-regular]:mapping=t
ex-text;!
Missing character: There is no 制 (U+5236) in font [lmroman7-regular]:mapping=te
x-text;!
Missing character: There is no 作 (U+4F5C) in font [lmroman7-regular]:mapping=te
x-text;!
Missing character: There is no 者 (U+8005) in font [lmroman7-regular]:mapping=te
x-text;!
[34]

Package longtable Warning: Column widths have changed
(longtable)                in table 5.55 on input line 1274.

Missing character: There is no 返 (U+8FD4) in font [lmroman10-regular]:mapping=t
ex-text;!
Missing character: There is no 回 (U+56DE) in font [lmroman10-regular]:mapping=t
ex-text;!

Underfull \hbox (badness 10000) detected at line 1275
[][][]
 []

Missing character: There is no 包 (U+5305) in font [lmroman10-regular]:mapping=t
ex-text;!
Missing character: There is no 含 (U+542B) in font [lmroman10-regular]:mapping=t
ex-text;!
Missing character: There is no 指 (U+6307) in font [lmroman10-regular]:mapping=t
ex-text;!
Missing character: There is no 令 (U+4EE4) in font [lmroman10-regular]:mapping=t
ex-text;!
Missing character: There is no 执 (U+6267) in font [lmroman10-regular]:mapping=t
ex-text;!
Missing character: There is no 行 (U+884C) in font [lmroman10-regular]:mapping=t
ex-text;!
Missing character: There is no 结 (U+7ED3) in font [lmroman10-regular]:mapping=t
ex-text;!
Missing character: There is no 果 (U+679C) in font [lmroman10-regular]:mapping=t
ex-text;!
Missing character: There is no 的 (U+7684) in font [lmroman10-regular]:mapping=t
ex-text;!
Missing character: There is no 响 (U+54CD) in font [lmroman10-regular]:mapping=t
ex-text;!
Missing character: There is no 应 (U+5E94) in font [lmroman10-regular]:mapping=t
ex-text;!
Missing character: There is no 对 (U+5BF9) in font [lmroman10-regular]:mapping=t
ex-text;!
Missing character: There is no 象 (U+8C61) in font [lmroman10-regular]:mapping=t
ex-text;!
Missing character: There is no 。 (U+3002) in font [lmroman10-regular]:mapping=t
ex-text;!
Missing character: There is no 开 (U+5F00) in font [lmroman10-regular]:mapping=t
ex-text;!
Missing character: There is no 启 (U+542F) in font [lmroman10-regular]:mapping=t
ex-text;!
Missing character: There is no 从 (U+4ECE) in font [lmroman10-regular]:mapping=t
ex-text;!
Missing character: There is no 机 (U+673A) in font [lmroman10-regular]:mapping=t
ex-text;!
Missing character: There is no 器 (U+5668) in font [lmroman10-regular]:mapping=t
ex-text;!
Missing character: There is no 人 (U+4EBA) in font [lmroman10-regular]:mapping=t
ex-text;!
Missing character: There is no 到 (U+5230) in font [lmroman10-regular]:mapping=t
ex-text;!
Missing character: There is no 指 (U+6307) in font [lmroman10-regular]:mapping=t
ex-text;!
Missing character: There is no 定 (U+5B9A) in font [lmroman10-regular]:mapping=t
ex-text;!
Missing character: There is no 和 (U+548C) in font [lmroman10-regular]:mapping=t
ex-text;!
Missing character: There is no 端 (U+7AEF) in font [lmroman10-regular]:mapping=t
ex-text;!
Missing character: There is no 口 (U+53E3) in font [lmroman10-regular]:mapping=t
ex-text;!
Missing character: There is no 的 (U+7684) in font [lmroman10-regular]:mapping=t
ex-text;!
Missing character: There is no 数 (U+6570) in font [lmroman10-regular]:mapping=t
ex-text;!
Missing character: There is no 据 (U+636E) in font [lmroman10-regular]:mapping=t
ex-text;!
Missing character: There is no 推 (U+63A8) in font [lmroman10-regular]:mapping=t
ex-text;!
Missing character: There is no 送 (U+9001) in font [lmroman10-regular]:mapping=t
ex-text;!
Missing character: There is no 流 (U+6D41) in font [lmroman10-regular]:mapping=t
ex-text;!
Missing character: There is no 要 (U+8981) in font [lmroman10-regular]:mapping=t
ex-text;!
Missing character: There is no 推 (U+63A8) in font [lmroman10-regular]:mapping=t
ex-text;!
Missing character: There is no 送 (U+9001) in font [lmroman10-regular]:mapping=t
ex-text;!
Missing character: There is no 数 (U+6570) in font [lmroman10-regular]:mapping=t
ex-text;!
Missing character: There is no 据 (U+636E) in font [lmroman10-regular]:mapping=t
ex-text;!
Missing character: There is no 的 (U+7684) in font [lmroman10-regular]:mapping=t
ex-text;!
Missing character: There is no 地 (U+5730) in font [lmroman10-regular]:mapping=t
ex-text;!
Missing character: There is no 址 (U+5740) in font [lmroman10-regular]:mapping=t
ex-text;!
Missing character: There is no 。 (U+3002) in font [lmroman10-regular]:mapping=t
ex-text;!
Missing character: There is no 要 (U+8981) in font [lmroman10-regular]:mapping=t
ex-text;!
Missing character: There is no 推 (U+63A8) in font [lmroman10-regular]:mapping=t
ex-text;!
Missing character: There is no 送 (U+9001) in font [lmroman10-regular]:mapping=t
ex-text;!
Missing character: There is no 数 (U+6570) in font [lmroman10-regular]:mapping=t
ex-text;!
Missing character: There is no 据 (U+636E) in font [lmroman10-regular]:mapping=t
ex-text;!
Missing character: There is no 的 (U+7684) in font [lmroman10-regular]:mapping=t
ex-text;!
Missing character: There is no 端 (U+7AEF) in font [lmroman10-regular]:mapping=t
ex-text;!
Missing character: There is no 口 (U+53E3) in font [lmroman10-regular]:mapping=t
ex-text;!
Missing character: There is no 号 (U+53F7) in font [lmroman10-regular]:mapping=t
ex-text;!
Missing character: There is no 。 (U+3002) in font [lmroman10-regular]:mapping=t
ex-text;!
Missing character: There is no 数 (U+6570) in font [lmroman10-regular]:mapping=t
ex-text;!
Missing character: There is no 据 (U+636E) in font [lmroman10-regular]:mapping=t
ex-text;!
Missing character: There is no 推 (U+63A8) in font [lmroman10-regular]:mapping=t
ex-text;!
Missing character: There is no 送 (U+9001) in font [lmroman10-regular]:mapping=t
ex-text;!
Missing character: There is no 流 (U+6D41) in font [lmroman10-regular]:mapping=t
ex-text;!
Missing character: There is no 的 (U+7684) in font [lmroman10-regular]:mapping=t
ex-text;!
Missing character: There is no 间 (U+95F4) in font [lmroman10-regular]:mapping=t
ex-text;!
Missing character: There is no 隔 (U+9694) in font [lmroman10-regular]:mapping=t
ex-text;!
Missing character: There is no 时 (U+65F6) in font [lmroman10-regular]:mapping=t
ex-text;!
Missing character: There is no 间 (U+95F4) in font [lmroman10-regular]:mapping=t
ex-text;!
Missing character: There is no ， (U+FF0C) in font [lmroman10-regular]:mapping=t
ex-text;!
Missing character: There is no 单 (U+5355) in font [lmroman10-regular]:mapping=t
ex-text;!
Missing character: There is no 位 (U+4F4D) in font [lmroman10-regular]:mapping=t
ex-text;!
Missing character: There is no 为 (U+4E3A) in font [lmroman10-regular]:mapping=t
ex-text;!
Missing character: There is no 毫 (U+6BEB) in font [lmroman10-regular]:mapping=t
ex-text;!
Missing character: There is no 秒 (U+79D2) in font [lmroman10-regular]:mapping=t
ex-text;!
Missing character: There is no 频 (U+9891) in font [lmroman10-regular]:mapping=t
ex-text;!
Missing character: There is no 率 (U+7387) in font [lmroman10-regular]:mapping=t
ex-text;!
Missing character: There is no 请 (U+8BF7) in font [lmroman10-regular]:mapping=t
ex-text;!
Missing character: There is no 求 (U+6C42) in font [lmroman10-regular]:mapping=t
ex-text;!
Missing character: There is no 。 (U+3002) in font [lmroman10-regular]:mapping=t
ex-text;!
Missing character: There is no 参 (U+53C2) in font [lmroman10-regular]:mapping=t
ex-text;!
Missing character: There is no 数 (U+6570) in font [lmroman10-regular]:mapping=t
ex-text;!
Missing character: There is no 参 (U+53C2) in font [lmroman10-regular]:mapping=t
ex-text;!
Missing character: There is no 数 (U+6570) in font [lmroman10-regular]:mapping=t
ex-text;!
Missing character: There is no 要 (U+8981) in font [lmroman10-regular]:mapping=t
ex-text;!
Missing character: There is no 推 (U+63A8) in font [lmroman10-regular]:mapping=t
ex-text;!
Missing character: There is no 送 (U+9001) in font [lmroman10-regular]:mapping=t
ex-text;!
Missing character: There is no 数 (U+6570) in font [lmroman10-regular]:mapping=t
ex-text;!
Missing character: There is no 据 (U+636E) in font [lmroman10-regular]:mapping=t
ex-text;!
Missing character: There is no 的 (U+7684) in font [lmroman10-regular]:mapping=t
ex-text;!
Missing character: There is no 地 (U+5730) in font [lmroman10-regular]:mapping=t
ex-text;!
Missing character: There is no 址 (U+5740) in font [lmroman10-regular]:mapping=t
ex-text;!
Missing character: There is no 。 (U+3002) in font [lmroman10-regular]:mapping=t
ex-text;!
Missing character: There is no 要 (U+8981) in font [lmroman10-regular]:mapping=t
ex-text;!
Missing character: There is no 推 (U+63A8) in font [lmroman10-regular]:mapping=t
ex-text;!
Missing character: There is no 送 (U+9001) in font [lmroman10-regular]:mapping=t
ex-text;!
Missing character: There is no 数 (U+6570) in font [lmroman10-regular]:mapping=t
ex-text;!
Missing character: There is no 据 (U+636E) in font [lmroman10-regular]:mapping=t
ex-text;!
Missing character: There is no 的 (U+7684) in font [lmroman10-regular]:mapping=t
ex-text;!
Missing character: There is no 端 (U+7AEF) in font [lmroman10-regular]:mapping=t
ex-text;!
Missing character: There is no 口 (U+53E3) in font [lmroman10-regular]:mapping=t
ex-text;!
Missing character: There is no 号 (U+53F7) in font [lmroman10-regular]:mapping=t
ex-text;!
Missing character: There is no 。 (U+3002) in font [lmroman10-regular]:mapping=t
ex-text;!
Missing character: There is no 数 (U+6570) in font [lmroman10-regular]:mapping=t
ex-text;!
Missing character: There is no 据 (U+636E) in font [lmroman10-regular]:mapping=t
ex-text;!
Missing character: There is no 推 (U+63A8) in font [lmroman10-regular]:mapping=t
ex-text;!
Missing character: There is no 送 (U+9001) in font [lmroman10-regular]:mapping=t
ex-text;!
Missing character: There is no 流 (U+6D41) in font [lmroman10-regular]:mapping=t
ex-text;!
Missing character: There is no 的 (U+7684) in font [lmroman10-regular]:mapping=t
ex-text;!
Missing character: There is no 间 (U+95F4) in font [lmroman10-regular]:mapping=t
ex-text;!
Missing character: There is no 隔 (U+9694) in font [lmroman10-regular]:mapping=t
ex-text;!
Missing character: There is no 时 (U+65F6) in font [lmroman10-regular]:mapping=t
ex-text;!
Missing character: There is no 间 (U+95F4) in font [lmroman10-regular]:mapping=t
ex-text;!
Missing character: There is no ， (U+FF0C) in font [lmroman10-regular]:mapping=t
ex-text;!
Missing character: There is no 单 (U+5355) in font [lmroman10-regular]:mapping=t
ex-text;!
Missing character: There is no 位 (U+4F4D) in font [lmroman10-regular]:mapping=t
ex-text;!
Missing character: There is no 为 (U+4E3A) in font [lmroman10-regular]:mapping=t
ex-text;!
Missing character: There is no 毫 (U+6BEB) in font [lmroman10-regular]:mapping=t
ex-text;!
Missing character: There is no 秒 (U+79D2) in font [lmroman10-regular]:mapping=t
ex-text;!
Missing character: There is no 频 (U+9891) in font [lmroman10-regular]:mapping=t
ex-text;!
Missing character: There is no 率 (U+7387) in font [lmroman10-regular]:mapping=t
ex-text;!
Missing character: There is no 请 (U+8BF7) in font [lmroman10-regular]:mapping=t
ex-text;!
Missing character: There is no 求 (U+6C42) in font [lmroman10-regular]:mapping=t
ex-text;!
Missing character: There is no 。 (U+3002) in font [lmroman10-regular]:mapping=t
ex-text;!
Missing character: There is no 参 (U+53C2) in font [lmroman10-regular]:mapping=t
ex-text;!
Missing character: There is no 数 (U+6570) in font [lmroman10-regular]:mapping=t
ex-text;!
Missing character: There is no 参 (U+53C2) in font [lmroman10-regular]:mapping=t
ex-text;!
Missing character: There is no 数 (U+6570) in font [lmroman10-regular]:mapping=t
ex-text;!
Missing character: There is no 要 (U+8981) in font [lmroman10-regular]:mapping=t
ex-text;!
Missing character: There is no 推 (U+63A8) in font [lmroman10-regular]:mapping=t
ex-text;!
Missing character: There is no 送 (U+9001) in font [lmroman10-regular]:mapping=t
ex-text;!
Missing character: There is no 数 (U+6570) in font [lmroman10-regular]:mapping=t
ex-text;!
Missing character: There is no 据 (U+636E) in font [lmroman10-regular]:mapping=t
ex-text;!
Missing character: There is no 的 (U+7684) in font [lmroman10-regular]:mapping=t
ex-text;!
Missing character: There is no 地 (U+5730) in font [lmroman10-regular]:mapping=t
ex-text;!
Missing character: There is no 址 (U+5740) in font [lmroman10-regular]:mapping=t
ex-text;!
Missing character: There is no 。 (U+3002) in font [lmroman10-regular]:mapping=t
ex-text;!
Missing character: There is no 要 (U+8981) in font [lmroman10-regular]:mapping=t
ex-text;!
Missing character: There is no 推 (U+63A8) in font [lmroman10-regular]:mapping=t
ex-text;!
Missing character: There is no 送 (U+9001) in font [lmroman10-regular]:mapping=t
ex-text;!
Missing character: There is no 数 (U+6570) in font [lmroman10-regular]:mapping=t
ex-text;!
Missing character: There is no 据 (U+636E) in font [lmroman10-regular]:mapping=t
ex-text;!
Missing character: There is no 的 (U+7684) in font [lmroman10-regular]:mapping=t
ex-text;!
Missing character: There is no 端 (U+7AEF) in font [lmroman10-regular]:mapping=t
ex-text;!
Missing character: There is no 口 (U+53E3) in font [lmroman10-regular]:mapping=t
ex-text;!
Missing character: There is no 号 (U+53F7) in font [lmroman10-regular]:mapping=t
ex-text;!
Missing character: There is no 。 (U+3002) in font [lmroman10-regular]:mapping=t
ex-text;!
Missing character: There is no 数 (U+6570) in font [lmroman10-regular]:mapping=t
ex-text;!
Missing character: There is no 据 (U+636E) in font [lmroman10-regular]:mapping=t
ex-text;!
Missing character: There is no 推 (U+63A8) in font [lmroman10-regular]:mapping=t
ex-text;!
Missing character: There is no 送 (U+9001) in font [lmroman10-regular]:mapping=t
ex-text;!
Missing character: There is no 流 (U+6D41) in font [lmroman10-regular]:mapping=t
ex-text;!
Missing character: There is no 的 (U+7684) in font [lmroman10-regular]:mapping=t
ex-text;!
Missing character: There is no 间 (U+95F4) in font [lmroman10-regular]:mapping=t
ex-text;!
Missing character: There is no 隔 (U+9694) in font [lmroman10-regular]:mapping=t
ex-text;!
Missing character: There is no 时 (U+65F6) in font [lmroman10-regular]:mapping=t
ex-text;!
Missing character: There is no 间 (U+95F4) in font [lmroman10-regular]:mapping=t
ex-text;!
Missing character: There is no ， (U+FF0C) in font [lmroman10-regular]:mapping=t
ex-text;!
Missing character: There is no 单 (U+5355) in font [lmroman10-regular]:mapping=t
ex-text;!
Missing character: There is no 位 (U+4F4D) in font [lmroman10-regular]:mapping=t
ex-text;!
Missing character: There is no 为 (U+4E3A) in font [lmroman10-regular]:mapping=t
ex-text;!
Missing character: There is no 毫 (U+6BEB) in font [lmroman10-regular]:mapping=t
ex-text;!
Missing character: There is no 秒 (U+79D2) in font [lmroman10-regular]:mapping=t
ex-text;!
Missing character: There is no 频 (U+9891) in font [lmroman10-regular]:mapping=t
ex-text;!
Missing character: There is no 率 (U+7387) in font [lmroman10-regular]:mapping=t
ex-text;!
Missing character: There is no 请 (U+8BF7) in font [lmroman10-regular]:mapping=t
ex-text;!
Missing character: There is no 求 (U+6C42) in font [lmroman10-regular]:mapping=t
ex-text;!
Missing character: There is no 。 (U+3002) in font [lmroman10-regular]:mapping=t
ex-text;!

Package longtable Warning: Column widths have changed
(longtable)                in table 5.56 on input line 1298.

Missing character: There is no 返 (U+8FD4) in font [lmroman10-regular]:mapping=t
ex-text;!
Missing character: There is no 回 (U+56DE) in font [lmroman10-regular]:mapping=t
ex-text;!

Underfull \hbox (badness 10000) detected at line 1299
[][][]
 []

Missing character: There is no 包 (U+5305) in font [lmroman10-regular]:mapping=t
ex-text;!
Missing character: There is no 含 (U+542B) in font [lmroman10-regular]:mapping=t
ex-text;!
Missing character: There is no 指 (U+6307) in font [lmroman10-regular]:mapping=t
ex-text;!
Missing character: There is no 令 (U+4EE4) in font [lmroman10-regular]:mapping=t
ex-text;!
Missing character: There is no 执 (U+6267) in font [lmroman10-regular]:mapping=t
ex-text;!
Missing character: There is no 行 (U+884C) in font [lmroman10-regular]:mapping=t
ex-text;!
Missing character: There is no 结 (U+7ED3) in font [lmroman10-regular]:mapping=t
ex-text;!
Missing character: There is no 果 (U+679C) in font [lmroman10-regular]:mapping=t
ex-text;!
Missing character: There is no 的 (U+7684) in font [lmroman10-regular]:mapping=t
ex-text;!
Missing character: There is no 响 (U+54CD) in font [lmroman10-regular]:mapping=t
ex-text;!
Missing character: There is no 应 (U+5E94) in font [lmroman10-regular]:mapping=t
ex-text;!
Missing character: There is no 对 (U+5BF9) in font [lmroman10-regular]:mapping=t
ex-text;!
Missing character: There is no 象 (U+8C61) in font [lmroman10-regular]:mapping=t
ex-text;!
Missing character: There is no 。 (U+3002) in font [lmroman10-regular]:mapping=t
ex-text;!
Missing character: There is no 进 (U+8FDB) in font [lmroman10-regular]:mapping=t
ex-text;!
Missing character: There is no 入 (U+5165) in font [lmroman10-regular]:mapping=t
ex-text;!
Missing character: There is no 机 (U+673A) in font [lmroman10-regular]:mapping=t
ex-text;!
Missing character: There is no 器 (U+5668) in font [lmroman10-regular]:mapping=t
ex-text;!
Missing character: There is no 人 (U+4EBA) in font [lmroman10-regular]:mapping=t
ex-text;!
Missing character: There is no 的 (U+7684) in font [lmroman10-regular]:mapping=t
ex-text;!
Missing character: There is no 拖 (U+62D6) in font [lmroman10-regular]:mapping=t
ex-text;!
Missing character: There is no 拽 (U+62FD) in font [lmroman10-regular]:mapping=t
ex-text;!
Missing character: There is no 模 (U+6A21) in font [lmroman10-regular]:mapping=t
ex-text;!
Missing character: There is no 式 (U+5F0F) in font [lmroman10-regular]:mapping=t
ex-text;!
Missing character: There is no 请 (U+8BF7) in font [lmroman10-regular]:mapping=t
ex-text;!
Missing character: There is no 求 (U+6C42) in font [lmroman10-regular]:mapping=t
ex-text;!
Missing character: There is no 。 (U+3002) in font [lmroman10-regular]:mapping=t
ex-text;!
Missing character: There is no 参 (U+53C2) in font [lmroman10-regular]:mapping=t
ex-text;!
Missing character: There is no 数 (U+6570) in font [lmroman10-regular]:mapping=t
ex-text;!
Missing character: There is no 参 (U+53C2) in font [lmroman10-regular]:mapping=t
ex-text;!
Missing character: There is no 数 (U+6570) in font [lmroman10-regular]:mapping=t
ex-text;!
Missing character: There is no 请 (U+8BF7) in font [lmroman10-regular]:mapping=t
ex-text;!
Missing character: There is no 求 (U+6C42) in font [lmroman10-regular]:mapping=t
ex-text;!
Missing character: There is no 。 (U+3002) in font [lmroman10-regular]:mapping=t
ex-text;!
Missing character: There is no 参 (U+53C2) in font [lmroman10-regular]:mapping=t
ex-text;!
Missing character: There is no 数 (U+6570) in font [lmroman10-regular]:mapping=t
ex-text;!
Missing character: There is no 参 (U+53C2) in font [lmroman10-regular]:mapping=t
ex-text;!
Missing character: There is no 数 (U+6570) in font [lmroman10-regular]:mapping=t
ex-text;!
Missing character: There is no 请 (U+8BF7) in font [lmroman10-regular]:mapping=t
ex-text;!
Missing character: There is no 求 (U+6C42) in font [lmroman10-regular]:mapping=t
ex-text;!
Missing character: There is no 。 (U+3002) in font [lmroman10-regular]:mapping=t
ex-text;!

Package longtable Warning: Column widths have changed
(longtable)                in table 5.57 on input line 1316.

Missing character: There is no 类 (U+7C7B) in font [lmroman10-regular]:mapping=t
ex-text;!
Missing character: There is no 参 (U+53C2) in font [lmroman10-regular]:mapping=t
ex-text;!
Missing character: There is no 考 (U+8003) in font [lmroman10-regular]:mapping=t
ex-text;!
Missing character: There is no 制 (U+5236) in font [lmroman7-regular]:mapping=te
x-text;!
Missing character: There is no 作 (U+4F5C) in font [lmroman7-regular]:mapping=te
x-text;!
Missing character: There is no 者 (U+8005) in font [lmroman7-regular]:mapping=te
x-text;!
[35]
Missing character: There is no 返 (U+8FD4) in font [lmroman10-regular]:mapping=t
ex-text;!
Missing character: There is no 回 (U+56DE) in font [lmroman10-regular]:mapping=t
ex-text;!

Underfull \hbox (badness 10000) detected at line 1317
[][][]
 []

Missing character: There is no 包 (U+5305) in font [lmroman10-regular]:mapping=t
ex-text;!
Missing character: There is no 含 (U+542B) in font [lmroman10-regular]:mapping=t
ex-text;!
Missing character: There is no 指 (U+6307) in font [lmroman10-regular]:mapping=t
ex-text;!
Missing character: There is no 令 (U+4EE4) in font [lmroman10-regular]:mapping=t
ex-text;!
Missing character: There is no 执 (U+6267) in font [lmroman10-regular]:mapping=t
ex-text;!
Missing character: There is no 行 (U+884C) in font [lmroman10-regular]:mapping=t
ex-text;!
Missing character: There is no 结 (U+7ED3) in font [lmroman10-regular]:mapping=t
ex-text;!
Missing character: There is no 果 (U+679C) in font [lmroman10-regular]:mapping=t
ex-text;!
Missing character: There is no 的 (U+7684) in font [lmroman10-regular]:mapping=t
ex-text;!
Missing character: There is no 响 (U+54CD) in font [lmroman10-regular]:mapping=t
ex-text;!
Missing character: There is no 应 (U+5E94) in font [lmroman10-regular]:mapping=t
ex-text;!
Missing character: There is no 对 (U+5BF9) in font [lmroman10-regular]:mapping=t
ex-text;!
Missing character: There is no 象 (U+8C61) in font [lmroman10-regular]:mapping=t
ex-text;!
Missing character: There is no 。 (U+3002) in font [lmroman10-regular]:mapping=t
ex-text;!
Missing character: There is no 关 (U+5173) in font [lmroman10-regular]:mapping=t
ex-text;!
Missing character: There is no 闭 (U+95ED) in font [lmroman10-regular]:mapping=t
ex-text;!
Missing character: There is no 机 (U+673A) in font [lmroman10-regular]:mapping=t
ex-text;!
Missing character: There is no 器 (U+5668) in font [lmroman10-regular]:mapping=t
ex-text;!
Missing character: There is no 人 (U+4EBA) in font [lmroman10-regular]:mapping=t
ex-text;!
Missing character: There is no 上 (U+4E0A) in font [lmroman10-regular]:mapping=t
ex-text;!
Missing character: There is no 的 (U+7684) in font [lmroman10-regular]:mapping=t
ex-text;!
Missing character: There is no 实 (U+5B9E) in font [lmroman10-regular]:mapping=t
ex-text;!
Missing character: There is no 时 (U+65F6) in font [lmroman10-regular]:mapping=t
ex-text;!
Missing character: There is no 控 (U+63A7) in font [lmroman10-regular]:mapping=t
ex-text;!
Missing character: There is no 制 (U+5236) in font [lmroman10-regular]:mapping=t
ex-text;!
Missing character: There is no 请 (U+8BF7) in font [lmroman10-regular]:mapping=t
ex-text;!
Missing character: There is no 求 (U+6C42) in font [lmroman10-regular]:mapping=t
ex-text;!
Missing character: There is no 。 (U+3002) in font [lmroman10-regular]:mapping=t
ex-text;!
Missing character: There is no 参 (U+53C2) in font [lmroman10-regular]:mapping=t
ex-text;!
Missing character: There is no 数 (U+6570) in font [lmroman10-regular]:mapping=t
ex-text;!
Missing character: There is no 参 (U+53C2) in font [lmroman10-regular]:mapping=t
ex-text;!
Missing character: There is no 数 (U+6570) in font [lmroman10-regular]:mapping=t
ex-text;!
Missing character: There is no 请 (U+8BF7) in font [lmroman10-regular]:mapping=t
ex-text;!
Missing character: There is no 求 (U+6C42) in font [lmroman10-regular]:mapping=t
ex-text;!
Missing character: There is no 。 (U+3002) in font [lmroman10-regular]:mapping=t
ex-text;!
Missing character: There is no 参 (U+53C2) in font [lmroman10-regular]:mapping=t
ex-text;!
Missing character: There is no 数 (U+6570) in font [lmroman10-regular]:mapping=t
ex-text;!
Missing character: There is no 参 (U+53C2) in font [lmroman10-regular]:mapping=t
ex-text;!
Missing character: There is no 数 (U+6570) in font [lmroman10-regular]:mapping=t
ex-text;!
Missing character: There is no 请 (U+8BF7) in font [lmroman10-regular]:mapping=t
ex-text;!
Missing character: There is no 求 (U+6C42) in font [lmroman10-regular]:mapping=t
ex-text;!
Missing character: There is no 。 (U+3002) in font [lmroman10-regular]:mapping=t
ex-text;!

Package longtable Warning: Column widths have changed
(longtable)                in table 5.58 on input line 1334.

Missing character: There is no 返 (U+8FD4) in font [lmroman10-regular]:mapping=t
ex-text;!
Missing character: There is no 回 (U+56DE) in font [lmroman10-regular]:mapping=t
ex-text;!

Underfull \hbox (badness 10000) detected at line 1335
[][][]
 []

Missing character: There is no 包 (U+5305) in font [lmroman10-regular]:mapping=t
ex-text;!
Missing character: There is no 含 (U+542B) in font [lmroman10-regular]:mapping=t
ex-text;!
Missing character: There is no 指 (U+6307) in font [lmroman10-regular]:mapping=t
ex-text;!
Missing character: There is no 令 (U+4EE4) in font [lmroman10-regular]:mapping=t
ex-text;!
Missing character: There is no 执 (U+6267) in font [lmroman10-regular]:mapping=t
ex-text;!
Missing character: There is no 行 (U+884C) in font [lmroman10-regular]:mapping=t
ex-text;!
Missing character: There is no 结 (U+7ED3) in font [lmroman10-regular]:mapping=t
ex-text;!
Missing character: There is no 果 (U+679C) in font [lmroman10-regular]:mapping=t
ex-text;!
Missing character: There is no 的 (U+7684) in font [lmroman10-regular]:mapping=t
ex-text;!
Missing character: There is no 响 (U+54CD) in font [lmroman10-regular]:mapping=t
ex-text;!
Missing character: There is no 应 (U+5E94) in font [lmroman10-regular]:mapping=t
ex-text;!
Missing character: There is no 对 (U+5BF9) in font [lmroman10-regular]:mapping=t
ex-text;!
Missing character: There is no 象 (U+8C61) in font [lmroman10-regular]:mapping=t
ex-text;!
Missing character: There is no 。 (U+3002) in font [lmroman10-regular]:mapping=t
ex-text;!
Missing character: There is no 关 (U+5173) in font [lmroman10-regular]:mapping=t
ex-text;!
Missing character: There is no 闭 (U+95ED) in font [lmroman10-regular]:mapping=t
ex-text;!
Missing character: There is no 机 (U+673A) in font [lmroman10-regular]:mapping=t
ex-text;!
Missing character: There is no 器 (U+5668) in font [lmroman10-regular]:mapping=t
ex-text;!
Missing character: There is no 人 (U+4EBA) in font [lmroman10-regular]:mapping=t
ex-text;!
Missing character: There is no 上 (U+4E0A) in font [lmroman10-regular]:mapping=t
ex-text;!
Missing character: There is no 的 (U+7684) in font [lmroman10-regular]:mapping=t
ex-text;!
Missing character: There is no 数 (U+6570) in font [lmroman10-regular]:mapping=t
ex-text;!
Missing character: There is no 据 (U+636E) in font [lmroman10-regular]:mapping=t
ex-text;!
Missing character: There is no 推 (U+63A8) in font [lmroman10-regular]:mapping=t
ex-text;!
Missing character: There is no 送 (U+9001) in font [lmroman10-regular]:mapping=t
ex-text;!
Missing character: There is no 流 (U+6D41) in font [lmroman10-regular]:mapping=t
ex-text;!
Missing character: There is no 请 (U+8BF7) in font [lmroman10-regular]:mapping=t
ex-text;!
Missing character: There is no 求 (U+6C42) in font [lmroman10-regular]:mapping=t
ex-text;!
Missing character: There is no 。 (U+3002) in font [lmroman10-regular]:mapping=t
ex-text;!
Missing character: There is no 参 (U+53C2) in font [lmroman10-regular]:mapping=t
ex-text;!
Missing character: There is no 数 (U+6570) in font [lmroman10-regular]:mapping=t
ex-text;!
Missing character: There is no 参 (U+53C2) in font [lmroman10-regular]:mapping=t
ex-text;!
Missing character: There is no 数 (U+6570) in font [lmroman10-regular]:mapping=t
ex-text;!
Missing character: There is no 请 (U+8BF7) in font [lmroman10-regular]:mapping=t
ex-text;!
Missing character: There is no 求 (U+6C42) in font [lmroman10-regular]:mapping=t
ex-text;!
Missing character: There is no 。 (U+3002) in font [lmroman10-regular]:mapping=t
ex-text;!
Missing character: There is no 参 (U+53C2) in font [lmroman10-regular]:mapping=t
ex-text;!
Missing character: There is no 数 (U+6570) in font [lmroman10-regular]:mapping=t
ex-text;!
Missing character: There is no 参 (U+53C2) in font [lmroman10-regular]:mapping=t
ex-text;!
Missing character: There is no 数 (U+6570) in font [lmroman10-regular]:mapping=t
ex-text;!
Missing character: There is no 请 (U+8BF7) in font [lmroman10-regular]:mapping=t
ex-text;!
Missing character: There is no 求 (U+6C42) in font [lmroman10-regular]:mapping=t
ex-text;!
Missing character: There is no 。 (U+3002) in font [lmroman10-regular]:mapping=t
ex-text;!

Package longtable Warning: Column widths have changed
(longtable)                in table 5.59 on input line 1352.

Missing character: There is no 返 (U+8FD4) in font [lmroman10-regular]:mapping=t
ex-text;!
Missing character: There is no 回 (U+56DE) in font [lmroman10-regular]:mapping=t
ex-text;!

Underfull \hbox (badness 10000) detected at line 1353
[][][]
 []

Missing character: There is no 包 (U+5305) in font [lmroman10-regular]:mapping=t
ex-text;!
Missing character: There is no 含 (U+542B) in font [lmroman10-regular]:mapping=t
ex-text;!
Missing character: There is no 指 (U+6307) in font [lmroman10-regular]:mapping=t
ex-text;!
Missing character: There is no 令 (U+4EE4) in font [lmroman10-regular]:mapping=t
ex-text;!
Missing character: There is no 执 (U+6267) in font [lmroman10-regular]:mapping=t
ex-text;!
Missing character: There is no 行 (U+884C) in font [lmroman10-regular]:mapping=t
ex-text;!
Missing character: There is no 结 (U+7ED3) in font [lmroman10-regular]:mapping=t
ex-text;!
Missing character: There is no 果 (U+679C) in font [lmroman10-regular]:mapping=t
ex-text;!
Missing character: There is no 的 (U+7684) in font [lmroman10-regular]:mapping=t
ex-text;!
Missing character: There is no 响 (U+54CD) in font [lmroman10-regular]:mapping=t
ex-text;!
Missing character: There is no 应 (U+5E94) in font [lmroman10-regular]:mapping=t
ex-text;!
Missing character: There is no 对 (U+5BF9) in font [lmroman10-regular]:mapping=t
ex-text;!
Missing character: There is no 象 (U+8C61) in font [lmroman10-regular]:mapping=t
ex-text;!
Missing character: There is no 。 (U+3002) in font [lmroman10-regular]:mapping=t
ex-text;!
Missing character: There is no 退 (U+9000) in font [lmroman10-regular]:mapping=t
ex-text;!
Missing character: There is no 出 (U+51FA) in font [lmroman10-regular]:mapping=t
ex-text;!
Missing character: There is no 机 (U+673A) in font [lmroman10-regular]:mapping=t
ex-text;!
Missing character: There is no 器 (U+5668) in font [lmroman10-regular]:mapping=t
ex-text;!
Missing character: There is no 人 (U+4EBA) in font [lmroman10-regular]:mapping=t
ex-text;!
Missing character: There is no 的 (U+7684) in font [lmroman10-regular]:mapping=t
ex-text;!
Missing character: There is no 拖 (U+62D6) in font [lmroman10-regular]:mapping=t
ex-text;!
Missing character: There is no 拽 (U+62FD) in font [lmroman10-regular]:mapping=t
ex-text;!
Missing character: There is no 模 (U+6A21) in font [lmroman10-regular]:mapping=t
ex-text;!
Missing character: There is no 式 (U+5F0F) in font [lmroman10-regular]:mapping=t
ex-text;!
Missing character: There is no 请 (U+8BF7) in font [lmroman10-regular]:mapping=t
ex-text;!
Missing character: There is no 求 (U+6C42) in font [lmroman10-regular]:mapping=t
ex-text;!
Missing character: There is no 。 (U+3002) in font [lmroman10-regular]:mapping=t
ex-text;!
Missing character: There is no 参 (U+53C2) in font [lmroman10-regular]:mapping=t
ex-text;!
Missing character: There is no 数 (U+6570) in font [lmroman10-regular]:mapping=t
ex-text;!
Missing character: There is no 参 (U+53C2) in font [lmroman10-regular]:mapping=t
ex-text;!
Missing character: There is no 数 (U+6570) in font [lmroman10-regular]:mapping=t
ex-text;!
Missing character: There is no 请 (U+8BF7) in font [lmroman10-regular]:mapping=t
ex-text;!
Missing character: There is no 求 (U+6C42) in font [lmroman10-regular]:mapping=t
ex-text;!
Missing character: There is no 。 (U+3002) in font [lmroman10-regular]:mapping=t
ex-text;!
Missing character: There is no 参 (U+53C2) in font [lmroman10-regular]:mapping=t
ex-text;!
Missing character: There is no 数 (U+6570) in font [lmroman10-regular]:mapping=t
ex-text;!
Missing character: There is no 参 (U+53C2) in font [lmroman10-regular]:mapping=t
ex-text;!
Missing character: There is no 数 (U+6570) in font [lmroman10-regular]:mapping=t
ex-text;!
Missing character: There is no 请 (U+8BF7) in font [lmroman10-regular]:mapping=t
ex-text;!
Missing character: There is no 求 (U+6C42) in font [lmroman10-regular]:mapping=t
ex-text;!
Missing character: There is no 。 (U+3002) in font [lmroman10-regular]:mapping=t
ex-text;!

Package longtable Warning: Column widths have changed
(longtable)                in table 5.60 on input line 1370.

Missing character: There is no 类 (U+7C7B) in font [lmroman10-regular]:mapping=t
ex-text;!
Missing character: There is no 说 (U+8BF4) in font [lmroman10-regular]:mapping=t
ex-text;!
Missing character: There is no 明 (U+660E) in font [lmroman10-regular]:mapping=t
ex-text;!
Missing character: There is no 制 (U+5236) in font [lmroman7-regular]:mapping=te
x-text;!
Missing character: There is no 作 (U+4F5C) in font [lmroman7-regular]:mapping=te
x-text;!
Missing character: There is no 者 (U+8005) in font [lmroman7-regular]:mapping=te
x-text;!
[36]
Missing character: There is no 返 (U+8FD4) in font [lmroman10-regular]:mapping=t
ex-text;!
Missing character: There is no 回 (U+56DE) in font [lmroman10-regular]:mapping=t
ex-text;!

Underfull \hbox (badness 10000) detected at line 1371
[][][]
 []

Missing character: There is no 包 (U+5305) in font [lmroman10-regular]:mapping=t
ex-text;!
Missing character: There is no 含 (U+542B) in font [lmroman10-regular]:mapping=t
ex-text;!
Missing character: There is no 指 (U+6307) in font [lmroman10-regular]:mapping=t
ex-text;!
Missing character: There is no 令 (U+4EE4) in font [lmroman10-regular]:mapping=t
ex-text;!
Missing character: There is no 执 (U+6267) in font [lmroman10-regular]:mapping=t
ex-text;!
Missing character: There is no 行 (U+884C) in font [lmroman10-regular]:mapping=t
ex-text;!
Missing character: There is no 结 (U+7ED3) in font [lmroman10-regular]:mapping=t
ex-text;!
Missing character: There is no 果 (U+679C) in font [lmroman10-regular]:mapping=t
ex-text;!
Missing character: There is no 的 (U+7684) in font [lmroman10-regular]:mapping=t
ex-text;!
Missing character: There is no 响 (U+54CD) in font [lmroman10-regular]:mapping=t
ex-text;!
Missing character: There is no 应 (U+5E94) in font [lmroman10-regular]:mapping=t
ex-text;!
Missing character: There is no 对 (U+5BF9) in font [lmroman10-regular]:mapping=t
ex-text;!
Missing character: There is no 象 (U+8C61) in font [lmroman10-regular]:mapping=t
ex-text;!
Missing character: There is no 。 (U+3002) in font [lmroman10-regular]:mapping=t
ex-text;!
Missing character: There is no 停 (U+505C) in font [lmroman10-regular]:mapping=t
ex-text;!
Missing character: There is no 止 (U+6B62) in font [lmroman10-regular]:mapping=t
ex-text;!
Missing character: There is no 机 (U+673A) in font [lmroman10-regular]:mapping=t
ex-text;!
Missing character: There is no 器 (U+5668) in font [lmroman10-regular]:mapping=t
ex-text;!
Missing character: There is no 人 (U+4EBA) in font [lmroman10-regular]:mapping=t
ex-text;!
Missing character: There is no 上 (U+4E0A) in font [lmroman10-regular]:mapping=t
ex-text;!
Missing character: There is no 的 (U+7684) in font [lmroman10-regular]:mapping=t
ex-text;!
Missing character: There is no 点 (U+70B9) in font [lmroman10-regular]:mapping=t
ex-text;!
Missing character: There is no 动 (U+52A8) in font [lmroman10-regular]:mapping=t
ex-text;!
Missing character: There is no 操 (U+64CD) in font [lmroman10-regular]:mapping=t
ex-text;!
Missing character: There is no 作 (U+4F5C) in font [lmroman10-regular]:mapping=t
ex-text;!
Missing character: There is no 请 (U+8BF7) in font [lmroman10-regular]:mapping=t
ex-text;!
Missing character: There is no 求 (U+6C42) in font [lmroman10-regular]:mapping=t
ex-text;!
Missing character: There is no 。 (U+3002) in font [lmroman10-regular]:mapping=t
ex-text;!
Missing character: There is no 参 (U+53C2) in font [lmroman10-regular]:mapping=t
ex-text;!
Missing character: There is no 数 (U+6570) in font [lmroman10-regular]:mapping=t
ex-text;!
Missing character: There is no 参 (U+53C2) in font [lmroman10-regular]:mapping=t
ex-text;!
Missing character: There is no 数 (U+6570) in font [lmroman10-regular]:mapping=t
ex-text;!
Missing character: There is no 请 (U+8BF7) in font [lmroman10-regular]:mapping=t
ex-text;!
Missing character: There is no 求 (U+6C42) in font [lmroman10-regular]:mapping=t
ex-text;!
Missing character: There is no 。 (U+3002) in font [lmroman10-regular]:mapping=t
ex-text;!
Missing character: There is no 参 (U+53C2) in font [lmroman10-regular]:mapping=t
ex-text;!
Missing character: There is no 数 (U+6570) in font [lmroman10-regular]:mapping=t
ex-text;!
Missing character: There is no 参 (U+53C2) in font [lmroman10-regular]:mapping=t
ex-text;!
Missing character: There is no 数 (U+6570) in font [lmroman10-regular]:mapping=t
ex-text;!
Missing character: There is no 请 (U+8BF7) in font [lmroman10-regular]:mapping=t
ex-text;!
Missing character: There is no 求 (U+6C42) in font [lmroman10-regular]:mapping=t
ex-text;!
Missing character: There is no 。 (U+3002) in font [lmroman10-regular]:mapping=t
ex-text;!

Package longtable Warning: Column widths have changed
(longtable)                in table 5.61 on input line 1388.

Missing character: There is no 返 (U+8FD4) in font [lmroman10-regular]:mapping=t
ex-text;!
Missing character: There is no 回 (U+56DE) in font [lmroman10-regular]:mapping=t
ex-text;!

Underfull \hbox (badness 10000) detected at line 1389
[][][]
 []

Missing character: There is no 包 (U+5305) in font [lmroman10-regular]:mapping=t
ex-text;!
Missing character: There is no 含 (U+542B) in font [lmroman10-regular]:mapping=t
ex-text;!
Missing character: There is no 指 (U+6307) in font [lmroman10-regular]:mapping=t
ex-text;!
Missing character: There is no 令 (U+4EE4) in font [lmroman10-regular]:mapping=t
ex-text;!
Missing character: There is no 执 (U+6267) in font [lmroman10-regular]:mapping=t
ex-text;!
Missing character: There is no 行 (U+884C) in font [lmroman10-regular]:mapping=t
ex-text;!
Missing character: There is no 结 (U+7ED3) in font [lmroman10-regular]:mapping=t
ex-text;!
Missing character: There is no 果 (U+679C) in font [lmroman10-regular]:mapping=t
ex-text;!
Missing character: There is no 的 (U+7684) in font [lmroman10-regular]:mapping=t
ex-text;!
Missing character: There is no 响 (U+54CD) in font [lmroman10-regular]:mapping=t
ex-text;!
Missing character: There is no 应 (U+5E94) in font [lmroman10-regular]:mapping=t
ex-text;!
Missing character: There is no 对 (U+5BF9) in font [lmroman10-regular]:mapping=t
ex-text;!
Missing character: There is no 象 (U+8C61) in font [lmroman10-regular]:mapping=t
ex-text;!
Missing character: There is no 。 (U+3002) in font [lmroman10-regular]:mapping=t
ex-text;!
Missing character: There is no 立 (U+7ACB) in font [lmroman10-regular]:mapping=t
ex-text;!
Missing character: There is no 即 (U+5373) in font [lmroman10-regular]:mapping=t
ex-text;!
Missing character: There is no 停 (U+505C) in font [lmroman10-regular]:mapping=t
ex-text;!
Missing character: There is no 止 (U+6B62) in font [lmroman10-regular]:mapping=t
ex-text;!
Missing character: There is no 机 (U+673A) in font [lmroman10-regular]:mapping=t
ex-text;!
Missing character: There is no 器 (U+5668) in font [lmroman10-regular]:mapping=t
ex-text;!
Missing character: There is no 人 (U+4EBA) in font [lmroman10-regular]:mapping=t
ex-text;!
Missing character: There is no 当 (U+5F53) in font [lmroman10-regular]:mapping=t
ex-text;!
Missing character: There is no 前 (U+524D) in font [lmroman10-regular]:mapping=t
ex-text;!
Missing character: There is no 的 (U+7684) in font [lmroman10-regular]:mapping=t
ex-text;!
Missing character: There is no 运 (U+8FD0) in font [lmroman10-regular]:mapping=t
ex-text;!
Missing character: There is no 动 (U+52A8) in font [lmroman10-regular]:mapping=t
ex-text;!
Missing character: There is no 请 (U+8BF7) in font [lmroman10-regular]:mapping=t
ex-text;!
Missing character: There is no 求 (U+6C42) in font [lmroman10-regular]:mapping=t
ex-text;!
Missing character: There is no 。 (U+3002) in font [lmroman10-regular]:mapping=t
ex-text;!
Missing character: There is no 参 (U+53C2) in font [lmroman10-regular]:mapping=t
ex-text;!
Missing character: There is no 数 (U+6570) in font [lmroman10-regular]:mapping=t
ex-text;!
Missing character: There is no 参 (U+53C2) in font [lmroman10-regular]:mapping=t
ex-text;!
Missing character: There is no 数 (U+6570) in font [lmroman10-regular]:mapping=t
ex-text;!
Missing character: There is no 请 (U+8BF7) in font [lmroman10-regular]:mapping=t
ex-text;!
Missing character: There is no 求 (U+6C42) in font [lmroman10-regular]:mapping=t
ex-text;!
Missing character: There is no 。 (U+3002) in font [lmroman10-regular]:mapping=t
ex-text;!
Missing character: There is no 参 (U+53C2) in font [lmroman10-regular]:mapping=t
ex-text;!
Missing character: There is no 数 (U+6570) in font [lmroman10-regular]:mapping=t
ex-text;!
Missing character: There is no 参 (U+53C2) in font [lmroman10-regular]:mapping=t
ex-text;!
Missing character: There is no 数 (U+6570) in font [lmroman10-regular]:mapping=t
ex-text;!
Missing character: There is no 请 (U+8BF7) in font [lmroman10-regular]:mapping=t
ex-text;!
Missing character: There is no 求 (U+6C42) in font [lmroman10-regular]:mapping=t
ex-text;!
Missing character: There is no 。 (U+3002) in font [lmroman10-regular]:mapping=t
ex-text;!

Package longtable Warning: Column widths have changed
(longtable)                in table 5.62 on input line 1406.

Missing character: There is no 返 (U+8FD4) in font [lmroman10-regular]:mapping=t
ex-text;!
Missing character: There is no 回 (U+56DE) in font [lmroman10-regular]:mapping=t
ex-text;!

Underfull \hbox (badness 10000) detected at line 1407
[][][]
 []

Missing character: There is no 包 (U+5305) in font [lmroman10-regular]:mapping=t
ex-text;!
Missing character: There is no 含 (U+542B) in font [lmroman10-regular]:mapping=t
ex-text;!
Missing character: There is no 指 (U+6307) in font [lmroman10-regular]:mapping=t
ex-text;!
Missing character: There is no 令 (U+4EE4) in font [lmroman10-regular]:mapping=t
ex-text;!
Missing character: There is no 执 (U+6267) in font [lmroman10-regular]:mapping=t
ex-text;!
Missing character: There is no 行 (U+884C) in font [lmroman10-regular]:mapping=t
ex-text;!
Missing character: There is no 结 (U+7ED3) in font [lmroman10-regular]:mapping=t
ex-text;!
Missing character: There is no 果 (U+679C) in font [lmroman10-regular]:mapping=t
ex-text;!
Missing character: There is no 的 (U+7684) in font [lmroman10-regular]:mapping=t
ex-text;!
Missing character: There is no 响 (U+54CD) in font [lmroman10-regular]:mapping=t
ex-text;!
Missing character: There is no 应 (U+5E94) in font [lmroman10-regular]:mapping=t
ex-text;!
Missing character: There is no 对 (U+5BF9) in font [lmroman10-regular]:mapping=t
ex-text;!
Missing character: There is no 象 (U+8C61) in font [lmroman10-regular]:mapping=t
ex-text;!
Missing character: There is no 。 (U+3002) in font [lmroman10-regular]:mapping=t
ex-text;!
Missing character: There is no 停 (U+505C) in font [lmroman10-regular]:mapping=t
ex-text;!
Missing character: There is no 止 (U+6B62) in font [lmroman10-regular]:mapping=t
ex-text;!
Missing character: There is no 机 (U+673A) in font [lmroman10-regular]:mapping=t
ex-text;!
Missing character: There is no 器 (U+5668) in font [lmroman10-regular]:mapping=t
ex-text;!
Missing character: There is no 人 (U+4EBA) in font [lmroman10-regular]:mapping=t
ex-text;!
Missing character: There is no 上 (U+4E0A) in font [lmroman10-regular]:mapping=t
ex-text;!
Missing character: There is no 正 (U+6B63) in font [lmroman10-regular]:mapping=t
ex-text;!
Missing character: There is no 在 (U+5728) in font [lmroman10-regular]:mapping=t
ex-text;!
Missing character: There is no 运 (U+8FD0) in font [lmroman10-regular]:mapping=t
ex-text;!
Missing character: There is no 行 (U+884C) in font [lmroman10-regular]:mapping=t
ex-text;!
Missing character: There is no 的 (U+7684) in font [lmroman10-regular]:mapping=t
ex-text;!
Missing character: There is no 工 (U+5DE5) in font [lmroman10-regular]:mapping=t
ex-text;!
Missing character: There is no 程 (U+7A0B) in font [lmroman10-regular]:mapping=t
ex-text;!
Missing character: There is no 请 (U+8BF7) in font [lmroman10-regular]:mapping=t
ex-text;!
Missing character: There is no 求 (U+6C42) in font [lmroman10-regular]:mapping=t
ex-text;!
Missing character: There is no 。 (U+3002) in font [lmroman10-regular]:mapping=t
ex-text;!
Missing character: There is no 参 (U+53C2) in font [lmroman10-regular]:mapping=t
ex-text;!
Missing character: There is no 数 (U+6570) in font [lmroman10-regular]:mapping=t
ex-text;!
Missing character: There is no 参 (U+53C2) in font [lmroman10-regular]:mapping=t
ex-text;!
Missing character: There is no 数 (U+6570) in font [lmroman10-regular]:mapping=t
ex-text;!
Missing character: There is no 请 (U+8BF7) in font [lmroman10-regular]:mapping=t
ex-text;!
Missing character: There is no 求 (U+6C42) in font [lmroman10-regular]:mapping=t
ex-text;!
Missing character: There is no 。 (U+3002) in font [lmroman10-regular]:mapping=t
ex-text;!
Missing character: There is no 参 (U+53C2) in font [lmroman10-regular]:mapping=t
ex-text;!
Missing character: There is no 数 (U+6570) in font [lmroman10-regular]:mapping=t
ex-text;!
Missing character: There is no 参 (U+53C2) in font [lmroman10-regular]:mapping=t
ex-text;!
Missing character: There is no 数 (U+6570) in font [lmroman10-regular]:mapping=t
ex-text;!
Missing character: There is no 请 (U+8BF7) in font [lmroman10-regular]:mapping=t
ex-text;!
Missing character: There is no 求 (U+6C42) in font [lmroman10-regular]:mapping=t
ex-text;!
Missing character: There is no 。 (U+3002) in font [lmroman10-regular]:mapping=t
ex-text;!

Package longtable Warning: Column widths have changed
(longtable)                in table 5.63 on input line 1424.

Missing character: There is no 类 (U+7C7B) in font [lmroman10-regular]:mapping=t
ex-text;!
Missing character: There is no 参 (U+53C2) in font [lmroman10-regular]:mapping=t
ex-text;!
Missing character: There is no 考 (U+8003) in font [lmroman10-regular]:mapping=t
ex-text;!
Missing character: There is no 制 (U+5236) in font [lmroman7-regular]:mapping=te
x-text;!
Missing character: There is no 作 (U+4F5C) in font [lmroman7-regular]:mapping=te
x-text;!
Missing character: There is no 者 (U+8005) in font [lmroman7-regular]:mapping=te
x-text;!
[37]
Missing character: There is no 返 (U+8FD4) in font [lmroman10-regular]:mapping=t
ex-text;!
Missing character: There is no 回 (U+56DE) in font [lmroman10-regular]:mapping=t
ex-text;!

Underfull \hbox (badness 10000) detected at line 1425
[][][]
 []

Missing character: There is no 包 (U+5305) in font [lmroman10-regular]:mapping=t
ex-text;!
Missing character: There is no 含 (U+542B) in font [lmroman10-regular]:mapping=t
ex-text;!
Missing character: There is no 指 (U+6307) in font [lmroman10-regular]:mapping=t
ex-text;!
Missing character: There is no 令 (U+4EE4) in font [lmroman10-regular]:mapping=t
ex-text;!
Missing character: There is no 执 (U+6267) in font [lmroman10-regular]:mapping=t
ex-text;!
Missing character: There is no 行 (U+884C) in font [lmroman10-regular]:mapping=t
ex-text;!
Missing character: There is no 结 (U+7ED3) in font [lmroman10-regular]:mapping=t
ex-text;!
Missing character: There is no 果 (U+679C) in font [lmroman10-regular]:mapping=t
ex-text;!
Missing character: There is no 的 (U+7684) in font [lmroman10-regular]:mapping=t
ex-text;!
Missing character: There is no 响 (U+54CD) in font [lmroman10-regular]:mapping=t
ex-text;!
Missing character: There is no 应 (U+5E94) in font [lmroman10-regular]:mapping=t
ex-text;!
Missing character: There is no 对 (U+5BF9) in font [lmroman10-regular]:mapping=t
ex-text;!
Missing character: There is no 象 (U+8C61) in font [lmroman10-regular]:mapping=t
ex-text;!
Missing character: There is no 。 (U+3002) in font [lmroman10-regular]:mapping=t
ex-text;!
Missing character: There is no 下 (U+4E0B) in font [lmroman10-regular]:mapping=t
ex-text;!
Missing character: There is no 使 (U+4F7F) in font [lmroman10-regular]:mapping=t
ex-text;!
Missing character: There is no 能 (U+80FD) in font [lmroman10-regular]:mapping=t
ex-text;!
Missing character: There is no 机 (U+673A) in font [lmroman10-regular]:mapping=t
ex-text;!
Missing character: There is no 器 (U+5668) in font [lmroman10-regular]:mapping=t
ex-text;!
Missing character: There is no 人 (U+4EBA) in font [lmroman10-regular]:mapping=t
ex-text;!
Missing character: There is no 请 (U+8BF7) in font [lmroman10-regular]:mapping=t
ex-text;!
Missing character: There is no 求 (U+6C42) in font [lmroman10-regular]:mapping=t
ex-text;!
Missing character: There is no 。 (U+3002) in font [lmroman10-regular]:mapping=t
ex-text;!
Missing character: There is no 参 (U+53C2) in font [lmroman10-regular]:mapping=t
ex-text;!
Missing character: There is no 数 (U+6570) in font [lmroman10-regular]:mapping=t
ex-text;!
Missing character: There is no 参 (U+53C2) in font [lmroman10-regular]:mapping=t
ex-text;!
Missing character: There is no 数 (U+6570) in font [lmroman10-regular]:mapping=t
ex-text;!
Missing character: There is no 请 (U+8BF7) in font [lmroman10-regular]:mapping=t
ex-text;!
Missing character: There is no 求 (U+6C42) in font [lmroman10-regular]:mapping=t
ex-text;!
Missing character: There is no 。 (U+3002) in font [lmroman10-regular]:mapping=t
ex-text;!
Missing character: There is no 参 (U+53C2) in font [lmroman10-regular]:mapping=t
ex-text;!
Missing character: There is no 数 (U+6570) in font [lmroman10-regular]:mapping=t
ex-text;!
Missing character: There is no 参 (U+53C2) in font [lmroman10-regular]:mapping=t
ex-text;!
Missing character: There is no 数 (U+6570) in font [lmroman10-regular]:mapping=t
ex-text;!
Missing character: There is no 请 (U+8BF7) in font [lmroman10-regular]:mapping=t
ex-text;!
Missing character: There is no 求 (U+6C42) in font [lmroman10-regular]:mapping=t
ex-text;!
Missing character: There is no 。 (U+3002) in font [lmroman10-regular]:mapping=t
ex-text;!

Package longtable Warning: Column widths have changed
(longtable)                in table 5.64 on input line 1442.

Missing character: There is no 返 (U+8FD4) in font [lmroman10-regular]:mapping=t
ex-text;!
Missing character: There is no 回 (U+56DE) in font [lmroman10-regular]:mapping=t
ex-text;!

Underfull \hbox (badness 10000) detected at line 1443
[][][]
 []

Missing character: There is no 包 (U+5305) in font [lmroman10-regular]:mapping=t
ex-text;!
Missing character: There is no 含 (U+542B) in font [lmroman10-regular]:mapping=t
ex-text;!
Missing character: There is no 指 (U+6307) in font [lmroman10-regular]:mapping=t
ex-text;!
Missing character: There is no 令 (U+4EE4) in font [lmroman10-regular]:mapping=t
ex-text;!
Missing character: There is no 执 (U+6267) in font [lmroman10-regular]:mapping=t
ex-text;!
Missing character: There is no 行 (U+884C) in font [lmroman10-regular]:mapping=t
ex-text;!
Missing character: There is no 结 (U+7ED3) in font [lmroman10-regular]:mapping=t
ex-text;!
Missing character: There is no 果 (U+679C) in font [lmroman10-regular]:mapping=t
ex-text;!
Missing character: There is no 的 (U+7684) in font [lmroman10-regular]:mapping=t
ex-text;!
Missing character: There is no 响 (U+54CD) in font [lmroman10-regular]:mapping=t
ex-text;!
Missing character: There is no 应 (U+5E94) in font [lmroman10-regular]:mapping=t
ex-text;!
Missing character: There is no 对 (U+5BF9) in font [lmroman10-regular]:mapping=t
ex-text;!
Missing character: There is no 象 (U+8C61) in font [lmroman10-regular]:mapping=t
ex-text;!
Missing character: There is no 。 (U+3002) in font [lmroman10-regular]:mapping=t
ex-text;!
Missing character: There is no 上 (U+4E0A) in font [lmroman10-regular]:mapping=t
ex-text;!
Missing character: There is no 使 (U+4F7F) in font [lmroman10-regular]:mapping=t
ex-text;!
Missing character: There is no 能 (U+80FD) in font [lmroman10-regular]:mapping=t
ex-text;!
Missing character: There is no 机 (U+673A) in font [lmroman10-regular]:mapping=t
ex-text;!
Missing character: There is no 器 (U+5668) in font [lmroman10-regular]:mapping=t
ex-text;!
Missing character: There is no 人 (U+4EBA) in font [lmroman10-regular]:mapping=t
ex-text;!
Missing character: There is no 请 (U+8BF7) in font [lmroman10-regular]:mapping=t
ex-text;!
Missing character: There is no 求 (U+6C42) in font [lmroman10-regular]:mapping=t
ex-text;!
Missing character: There is no 。 (U+3002) in font [lmroman10-regular]:mapping=t
ex-text;!
Missing character: There is no 参 (U+53C2) in font [lmroman10-regular]:mapping=t
ex-text;!
Missing character: There is no 数 (U+6570) in font [lmroman10-regular]:mapping=t
ex-text;!
Missing character: There is no 参 (U+53C2) in font [lmroman10-regular]:mapping=t
ex-text;!
Missing character: There is no 数 (U+6570) in font [lmroman10-regular]:mapping=t
ex-text;!
Missing character: There is no 请 (U+8BF7) in font [lmroman10-regular]:mapping=t
ex-text;!
Missing character: There is no 求 (U+6C42) in font [lmroman10-regular]:mapping=t
ex-text;!
Missing character: There is no 。 (U+3002) in font [lmroman10-regular]:mapping=t
ex-text;!
Missing character: There is no 参 (U+53C2) in font [lmroman10-regular]:mapping=t
ex-text;!
Missing character: There is no 数 (U+6570) in font [lmroman10-regular]:mapping=t
ex-text;!
Missing character: There is no 参 (U+53C2) in font [lmroman10-regular]:mapping=t
ex-text;!
Missing character: There is no 数 (U+6570) in font [lmroman10-regular]:mapping=t
ex-text;!
Missing character: There is no 请 (U+8BF7) in font [lmroman10-regular]:mapping=t
ex-text;!
Missing character: There is no 求 (U+6C42) in font [lmroman10-regular]:mapping=t
ex-text;!
Missing character: There is no 。 (U+3002) in font [lmroman10-regular]:mapping=t
ex-text;!

Package longtable Warning: Column widths have changed
(longtable)                in table 5.65 on input line 1460.

Missing character: There is no 返 (U+8FD4) in font [lmroman10-regular]:mapping=t
ex-text;!
Missing character: There is no 回 (U+56DE) in font [lmroman10-regular]:mapping=t
ex-text;!

Underfull \hbox (badness 10000) detected at line 1461
[][][]
 []

Missing character: There is no 包 (U+5305) in font [lmroman10-regular]:mapping=t
ex-text;!
Missing character: There is no 含 (U+542B) in font [lmroman10-regular]:mapping=t
ex-text;!
Missing character: There is no 指 (U+6307) in font [lmroman10-regular]:mapping=t
ex-text;!
Missing character: There is no 令 (U+4EE4) in font [lmroman10-regular]:mapping=t
ex-text;!
Missing character: There is no 执 (U+6267) in font [lmroman10-regular]:mapping=t
ex-text;!
Missing character: There is no 行 (U+884C) in font [lmroman10-regular]:mapping=t
ex-text;!
Missing character: There is no 结 (U+7ED3) in font [lmroman10-regular]:mapping=t
ex-text;!
Missing character: There is no 果 (U+679C) in font [lmroman10-regular]:mapping=t
ex-text;!
Missing character: There is no 的 (U+7684) in font [lmroman10-regular]:mapping=t
ex-text;!
Missing character: There is no 响 (U+54CD) in font [lmroman10-regular]:mapping=t
ex-text;!
Missing character: There is no 应 (U+5E94) in font [lmroman10-regular]:mapping=t
ex-text;!
Missing character: There is no 对 (U+5BF9) in font [lmroman10-regular]:mapping=t
ex-text;!
Missing character: There is no 象 (U+8C61) in font [lmroman10-regular]:mapping=t
ex-text;!
Missing character: There is no 。 (U+3002) in font [lmroman10-regular]:mapping=t
ex-text;!
Missing character: There is no 进 (U+8FDB) in font [lmroman10-regular]:mapping=t
ex-text;!
Missing character: There is no 入 (U+5165) in font [lmroman10-regular]:mapping=t
ex-text;!
Missing character: There is no 机 (U+673A) in font [lmroman10-regular]:mapping=t
ex-text;!
Missing character: There is no 器 (U+5668) in font [lmroman10-regular]:mapping=t
ex-text;!
Missing character: There is no 人 (U+4EBA) in font [lmroman10-regular]:mapping=t
ex-text;!
Missing character: There is no 的 (U+7684) in font [lmroman10-regular]:mapping=t
ex-text;!
Missing character: There is no 实 (U+5B9E) in font [lmroman10-regular]:mapping=t
ex-text;!
Missing character: There is no 机 (U+673A) in font [lmroman10-regular]:mapping=t
ex-text;!
Missing character: There is no 模 (U+6A21) in font [lmroman10-regular]:mapping=t
ex-text;!
Missing character: There is no 式 (U+5F0F) in font [lmroman10-regular]:mapping=t
ex-text;!
Missing character: There is no 请 (U+8BF7) in font [lmroman10-regular]:mapping=t
ex-text;!
Missing character: There is no 求 (U+6C42) in font [lmroman10-regular]:mapping=t
ex-text;!
Missing character: There is no 。 (U+3002) in font [lmroman10-regular]:mapping=t
ex-text;!
Missing character: There is no 参 (U+53C2) in font [lmroman10-regular]:mapping=t
ex-text;!
Missing character: There is no 数 (U+6570) in font [lmroman10-regular]:mapping=t
ex-text;!
Missing character: There is no 参 (U+53C2) in font [lmroman10-regular]:mapping=t
ex-text;!
Missing character: There is no 数 (U+6570) in font [lmroman10-regular]:mapping=t
ex-text;!
Missing character: There is no 请 (U+8BF7) in font [lmroman10-regular]:mapping=t
ex-text;!
Missing character: There is no 求 (U+6C42) in font [lmroman10-regular]:mapping=t
ex-text;!
Missing character: There is no 。 (U+3002) in font [lmroman10-regular]:mapping=t
ex-text;!
Missing character: There is no 参 (U+53C2) in font [lmroman10-regular]:mapping=t
ex-text;!
Missing character: There is no 数 (U+6570) in font [lmroman10-regular]:mapping=t
ex-text;!
Missing character: There is no 参 (U+53C2) in font [lmroman10-regular]:mapping=t
ex-text;!
Missing character: There is no 数 (U+6570) in font [lmroman10-regular]:mapping=t
ex-text;!
Missing character: There is no 请 (U+8BF7) in font [lmroman10-regular]:mapping=t
ex-text;!
Missing character: There is no 求 (U+6C42) in font [lmroman10-regular]:mapping=t
ex-text;!
Missing character: There is no 。 (U+3002) in font [lmroman10-regular]:mapping=t
ex-text;!

Package longtable Warning: Column widths have changed
(longtable)                in table 5.66 on input line 1478.

Missing character: There is no 类 (U+7C7B) in font [lmroman10-regular]:mapping=t
ex-text;!
Missing character: There is no 说 (U+8BF4) in font [lmroman10-regular]:mapping=t
ex-text;!
Missing character: There is no 明 (U+660E) in font [lmroman10-regular]:mapping=t
ex-text;!
Missing character: There is no 制 (U+5236) in font [lmroman7-regular]:mapping=te
x-text;!
Missing character: There is no 作 (U+4F5C) in font [lmroman7-regular]:mapping=te
x-text;!
Missing character: There is no 者 (U+8005) in font [lmroman7-regular]:mapping=te
x-text;!
[38]
Missing character: There is no 返 (U+8FD4) in font [lmroman10-regular]:mapping=t
ex-text;!
Missing character: There is no 回 (U+56DE) in font [lmroman10-regular]:mapping=t
ex-text;!

Underfull \hbox (badness 10000) detected at line 1479
[][][]
 []

Missing character: There is no 包 (U+5305) in font [lmroman10-regular]:mapping=t
ex-text;!
Missing character: There is no 含 (U+542B) in font [lmroman10-regular]:mapping=t
ex-text;!
Missing character: There is no 指 (U+6307) in font [lmroman10-regular]:mapping=t
ex-text;!
Missing character: There is no 令 (U+4EE4) in font [lmroman10-regular]:mapping=t
ex-text;!
Missing character: There is no 执 (U+6267) in font [lmroman10-regular]:mapping=t
ex-text;!
Missing character: There is no 行 (U+884C) in font [lmroman10-regular]:mapping=t
ex-text;!
Missing character: There is no 结 (U+7ED3) in font [lmroman10-regular]:mapping=t
ex-text;!
Missing character: There is no 果 (U+679C) in font [lmroman10-regular]:mapping=t
ex-text;!
Missing character: There is no 的 (U+7684) in font [lmroman10-regular]:mapping=t
ex-text;!
Missing character: There is no 响 (U+54CD) in font [lmroman10-regular]:mapping=t
ex-text;!
Missing character: There is no 应 (U+5E94) in font [lmroman10-regular]:mapping=t
ex-text;!
Missing character: There is no 对 (U+5BF9) in font [lmroman10-regular]:mapping=t
ex-text;!
Missing character: There is no 象 (U+8C61) in font [lmroman10-regular]:mapping=t
ex-text;!
Missing character: There is no 。 (U+3002) in font [lmroman10-regular]:mapping=t
ex-text;!
Missing character: There is no 进 (U+8FDB) in font [lmroman10-regular]:mapping=t
ex-text;!
Missing character: There is no 入 (U+5165) in font [lmroman10-regular]:mapping=t
ex-text;!
Missing character: There is no 机 (U+673A) in font [lmroman10-regular]:mapping=t
ex-text;!
Missing character: There is no 器 (U+5668) in font [lmroman10-regular]:mapping=t
ex-text;!
Missing character: There is no 人 (U+4EBA) in font [lmroman10-regular]:mapping=t
ex-text;!
Missing character: There is no 的 (U+7684) in font [lmroman10-regular]:mapping=t
ex-text;!
Missing character: There is no 自 (U+81EA) in font [lmroman10-regular]:mapping=t
ex-text;!
Missing character: There is no 动 (U+52A8) in font [lmroman10-regular]:mapping=t
ex-text;!
Missing character: There is no 模 (U+6A21) in font [lmroman10-regular]:mapping=t
ex-text;!
Missing character: There is no 式 (U+5F0F) in font [lmroman10-regular]:mapping=t
ex-text;!
Missing character: There is no 请 (U+8BF7) in font [lmroman10-regular]:mapping=t
ex-text;!
Missing character: There is no 求 (U+6C42) in font [lmroman10-regular]:mapping=t
ex-text;!
Missing character: There is no 。 (U+3002) in font [lmroman10-regular]:mapping=t
ex-text;!
Missing character: There is no 参 (U+53C2) in font [lmroman10-regular]:mapping=t
ex-text;!
Missing character: There is no 数 (U+6570) in font [lmroman10-regular]:mapping=t
ex-text;!
Missing character: There is no 参 (U+53C2) in font [lmroman10-regular]:mapping=t
ex-text;!
Missing character: There is no 数 (U+6570) in font [lmroman10-regular]:mapping=t
ex-text;!
Missing character: There is no 请 (U+8BF7) in font [lmroman10-regular]:mapping=t
ex-text;!
Missing character: There is no 求 (U+6C42) in font [lmroman10-regular]:mapping=t
ex-text;!
Missing character: There is no 。 (U+3002) in font [lmroman10-regular]:mapping=t
ex-text;!
Missing character: There is no 参 (U+53C2) in font [lmroman10-regular]:mapping=t
ex-text;!
Missing character: There is no 数 (U+6570) in font [lmroman10-regular]:mapping=t
ex-text;!
Missing character: There is no 参 (U+53C2) in font [lmroman10-regular]:mapping=t
ex-text;!
Missing character: There is no 数 (U+6570) in font [lmroman10-regular]:mapping=t
ex-text;!
Missing character: There is no 请 (U+8BF7) in font [lmroman10-regular]:mapping=t
ex-text;!
Missing character: There is no 求 (U+6C42) in font [lmroman10-regular]:mapping=t
ex-text;!
Missing character: There is no 。 (U+3002) in font [lmroman10-regular]:mapping=t
ex-text;!

Package longtable Warning: Column widths have changed
(longtable)                in table 5.67 on input line 1496.

Missing character: There is no 返 (U+8FD4) in font [lmroman10-regular]:mapping=t
ex-text;!
Missing character: There is no 回 (U+56DE) in font [lmroman10-regular]:mapping=t
ex-text;!

Underfull \hbox (badness 10000) detected at line 1497
[][][]
 []

Missing character: There is no 包 (U+5305) in font [lmroman10-regular]:mapping=t
ex-text;!
Missing character: There is no 含 (U+542B) in font [lmroman10-regular]:mapping=t
ex-text;!
Missing character: There is no 指 (U+6307) in font [lmroman10-regular]:mapping=t
ex-text;!
Missing character: There is no 令 (U+4EE4) in font [lmroman10-regular]:mapping=t
ex-text;!
Missing character: There is no 执 (U+6267) in font [lmroman10-regular]:mapping=t
ex-text;!
Missing character: There is no 行 (U+884C) in font [lmroman10-regular]:mapping=t
ex-text;!
Missing character: There is no 结 (U+7ED3) in font [lmroman10-regular]:mapping=t
ex-text;!
Missing character: There is no 果 (U+679C) in font [lmroman10-regular]:mapping=t
ex-text;!
Missing character: There is no 的 (U+7684) in font [lmroman10-regular]:mapping=t
ex-text;!
Missing character: There is no 响 (U+54CD) in font [lmroman10-regular]:mapping=t
ex-text;!
Missing character: There is no 应 (U+5E94) in font [lmroman10-regular]:mapping=t
ex-text;!
Missing character: There is no 对 (U+5BF9) in font [lmroman10-regular]:mapping=t
ex-text;!
Missing character: There is no 象 (U+8C61) in font [lmroman10-regular]:mapping=t
ex-text;!
Missing character: There is no 。 (U+3002) in font [lmroman10-regular]:mapping=t
ex-text;!
Missing character: There is no 进 (U+8FDB) in font [lmroman10-regular]:mapping=t
ex-text;!
Missing character: There is no 入 (U+5165) in font [lmroman10-regular]:mapping=t
ex-text;!
Missing character: There is no 机 (U+673A) in font [lmroman10-regular]:mapping=t
ex-text;!
Missing character: There is no 器 (U+5668) in font [lmroman10-regular]:mapping=t
ex-text;!
Missing character: There is no 人 (U+4EBA) in font [lmroman10-regular]:mapping=t
ex-text;!
Missing character: There is no 的 (U+7684) in font [lmroman10-regular]:mapping=t
ex-text;!
Missing character: There is no 手 (U+624B) in font [lmroman10-regular]:mapping=t
ex-text;!
Missing character: There is no 动 (U+52A8) in font [lmroman10-regular]:mapping=t
ex-text;!
Missing character: There is no 模 (U+6A21) in font [lmroman10-regular]:mapping=t
ex-text;!
Missing character: There is no 式 (U+5F0F) in font [lmroman10-regular]:mapping=t
ex-text;!
Missing character: There is no 请 (U+8BF7) in font [lmroman10-regular]:mapping=t
ex-text;!
Missing character: There is no 求 (U+6C42) in font [lmroman10-regular]:mapping=t
ex-text;!
Missing character: There is no 。 (U+3002) in font [lmroman10-regular]:mapping=t
ex-text;!
Missing character: There is no 参 (U+53C2) in font [lmroman10-regular]:mapping=t
ex-text;!
Missing character: There is no 数 (U+6570) in font [lmroman10-regular]:mapping=t
ex-text;!
Missing character: There is no 参 (U+53C2) in font [lmroman10-regular]:mapping=t
ex-text;!
Missing character: There is no 数 (U+6570) in font [lmroman10-regular]:mapping=t
ex-text;!
Missing character: There is no 请 (U+8BF7) in font [lmroman10-regular]:mapping=t
ex-text;!
Missing character: There is no 求 (U+6C42) in font [lmroman10-regular]:mapping=t
ex-text;!
Missing character: There is no 。 (U+3002) in font [lmroman10-regular]:mapping=t
ex-text;!
Missing character: There is no 参 (U+53C2) in font [lmroman10-regular]:mapping=t
ex-text;!
Missing character: There is no 数 (U+6570) in font [lmroman10-regular]:mapping=t
ex-text;!
Missing character: There is no 参 (U+53C2) in font [lmroman10-regular]:mapping=t
ex-text;!
Missing character: There is no 数 (U+6570) in font [lmroman10-regular]:mapping=t
ex-text;!
Missing character: There is no 请 (U+8BF7) in font [lmroman10-regular]:mapping=t
ex-text;!
Missing character: There is no 求 (U+6C42) in font [lmroman10-regular]:mapping=t
ex-text;!
Missing character: There is no 。 (U+3002) in font [lmroman10-regular]:mapping=t
ex-text;!

Package longtable Warning: Column widths have changed
(longtable)                in table 5.68 on input line 1514.

Missing character: There is no 返 (U+8FD4) in font [lmroman10-regular]:mapping=t
ex-text;!
Missing character: There is no 回 (U+56DE) in font [lmroman10-regular]:mapping=t
ex-text;!

Underfull \hbox (badness 10000) detected at line 1515
[][][]
 []

Missing character: There is no 包 (U+5305) in font [lmroman10-regular]:mapping=t
ex-text;!
Missing character: There is no 含 (U+542B) in font [lmroman10-regular]:mapping=t
ex-text;!
Missing character: There is no 指 (U+6307) in font [lmroman10-regular]:mapping=t
ex-text;!
Missing character: There is no 令 (U+4EE4) in font [lmroman10-regular]:mapping=t
ex-text;!
Missing character: There is no 执 (U+6267) in font [lmroman10-regular]:mapping=t
ex-text;!
Missing character: There is no 行 (U+884C) in font [lmroman10-regular]:mapping=t
ex-text;!
Missing character: There is no 结 (U+7ED3) in font [lmroman10-regular]:mapping=t
ex-text;!
Missing character: There is no 果 (U+679C) in font [lmroman10-regular]:mapping=t
ex-text;!
Missing character: There is no 的 (U+7684) in font [lmroman10-regular]:mapping=t
ex-text;!
Missing character: There is no 响 (U+54CD) in font [lmroman10-regular]:mapping=t
ex-text;!
Missing character: There is no 应 (U+5E94) in font [lmroman10-regular]:mapping=t
ex-text;!
Missing character: There is no 对 (U+5BF9) in font [lmroman10-regular]:mapping=t
ex-text;!
Missing character: There is no 象 (U+8C61) in font [lmroman10-regular]:mapping=t
ex-text;!
Missing character: There is no 。 (U+3002) in font [lmroman10-regular]:mapping=t
ex-text;!
Missing character: There is no 进 (U+8FDB) in font [lmroman10-regular]:mapping=t
ex-text;!
Missing character: There is no 入 (U+5165) in font [lmroman10-regular]:mapping=t
ex-text;!
Missing character: There is no 机 (U+673A) in font [lmroman10-regular]:mapping=t
ex-text;!
Missing character: There is no 器 (U+5668) in font [lmroman10-regular]:mapping=t
ex-text;!
Missing character: There is no 人 (U+4EBA) in font [lmroman10-regular]:mapping=t
ex-text;!
Missing character: There is no 的 (U+7684) in font [lmroman10-regular]:mapping=t
ex-text;!
Missing character: There is no 远 (U+8FDC) in font [lmroman10-regular]:mapping=t
ex-text;!
Missing character: There is no 程 (U+7A0B) in font [lmroman10-regular]:mapping=t
ex-text;!
Missing character: There is no 模 (U+6A21) in font [lmroman10-regular]:mapping=t
ex-text;!
Missing character: There is no 式 (U+5F0F) in font [lmroman10-regular]:mapping=t
ex-text;!
Missing character: There is no 请 (U+8BF7) in font [lmroman10-regular]:mapping=t
ex-text;!
Missing character: There is no 求 (U+6C42) in font [lmroman10-regular]:mapping=t
ex-text;!
Missing character: There is no 。 (U+3002) in font [lmroman10-regular]:mapping=t
ex-text;!
Missing character: There is no 参 (U+53C2) in font [lmroman10-regular]:mapping=t
ex-text;!
Missing character: There is no 数 (U+6570) in font [lmroman10-regular]:mapping=t
ex-text;!
Missing character: There is no 参 (U+53C2) in font [lmroman10-regular]:mapping=t
ex-text;!
Missing character: There is no 数 (U+6570) in font [lmroman10-regular]:mapping=t
ex-text;!
Missing character: There is no 请 (U+8BF7) in font [lmroman10-regular]:mapping=t
ex-text;!
Missing character: There is no 求 (U+6C42) in font [lmroman10-regular]:mapping=t
ex-text;!
Missing character: There is no 。 (U+3002) in font [lmroman10-regular]:mapping=t
ex-text;!
Missing character: There is no 参 (U+53C2) in font [lmroman10-regular]:mapping=t
ex-text;!
Missing character: There is no 数 (U+6570) in font [lmroman10-regular]:mapping=t
ex-text;!
Missing character: There is no 参 (U+53C2) in font [lmroman10-regular]:mapping=t
ex-text;!
Missing character: There is no 数 (U+6570) in font [lmroman10-regular]:mapping=t
ex-text;!
Missing character: There is no 请 (U+8BF7) in font [lmroman10-regular]:mapping=t
ex-text;!
Missing character: There is no 求 (U+6C42) in font [lmroman10-regular]:mapping=t
ex-text;!
Missing character: There is no 。 (U+3002) in font [lmroman10-regular]:mapping=t
ex-text;!

Package longtable Warning: Column widths have changed
(longtable)                in table 5.69 on input line 1532.

Missing character: There is no 类 (U+7C7B) in font [lmroman10-regular]:mapping=t
ex-text;!
Missing character: There is no 参 (U+53C2) in font [lmroman10-regular]:mapping=t
ex-text;!
Missing character: There is no 考 (U+8003) in font [lmroman10-regular]:mapping=t
ex-text;!
Missing character: There is no 制 (U+5236) in font [lmroman7-regular]:mapping=te
x-text;!
Missing character: There is no 作 (U+4F5C) in font [lmroman7-regular]:mapping=te
x-text;!
Missing character: There is no 者 (U+8005) in font [lmroman7-regular]:mapping=te
x-text;!
[39]
Missing character: There is no 返 (U+8FD4) in font [lmroman10-regular]:mapping=t
ex-text;!
Missing character: There is no 回 (U+56DE) in font [lmroman10-regular]:mapping=t
ex-text;!

Underfull \hbox (badness 10000) detected at line 1533
[][][]
 []

Missing character: There is no 包 (U+5305) in font [lmroman10-regular]:mapping=t
ex-text;!
Missing character: There is no 含 (U+542B) in font [lmroman10-regular]:mapping=t
ex-text;!
Missing character: There is no 指 (U+6307) in font [lmroman10-regular]:mapping=t
ex-text;!
Missing character: There is no 令 (U+4EE4) in font [lmroman10-regular]:mapping=t
ex-text;!
Missing character: There is no 执 (U+6267) in font [lmroman10-regular]:mapping=t
ex-text;!
Missing character: There is no 行 (U+884C) in font [lmroman10-regular]:mapping=t
ex-text;!
Missing character: There is no 结 (U+7ED3) in font [lmroman10-regular]:mapping=t
ex-text;!
Missing character: There is no 果 (U+679C) in font [lmroman10-regular]:mapping=t
ex-text;!
Missing character: There is no 的 (U+7684) in font [lmroman10-regular]:mapping=t
ex-text;!
Missing character: There is no 响 (U+54CD) in font [lmroman10-regular]:mapping=t
ex-text;!
Missing character: There is no 应 (U+5E94) in font [lmroman10-regular]:mapping=t
ex-text;!
Missing character: There is no 对 (U+5BF9) in font [lmroman10-regular]:mapping=t
ex-text;!
Missing character: There is no 象 (U+8C61) in font [lmroman10-regular]:mapping=t
ex-text;!
Missing character: There is no 。 (U+3002) in font [lmroman10-regular]:mapping=t
ex-text;!
Missing character: There is no 进 (U+8FDB) in font [lmroman10-regular]:mapping=t
ex-text;!
Missing character: There is no 入 (U+5165) in font [lmroman10-regular]:mapping=t
ex-text;!
Missing character: There is no 机 (U+673A) in font [lmroman10-regular]:mapping=t
ex-text;!
Missing character: There is no 器 (U+5668) in font [lmroman10-regular]:mapping=t
ex-text;!
Missing character: There is no 人 (U+4EBA) in font [lmroman10-regular]:mapping=t
ex-text;!
Missing character: There is no 的 (U+7684) in font [lmroman10-regular]:mapping=t
ex-text;!
Missing character: There is no 仿 (U+4EFF) in font [lmroman10-regular]:mapping=t
ex-text;!
Missing character: There is no 真 (U+771F) in font [lmroman10-regular]:mapping=t
ex-text;!
Missing character: There is no 模 (U+6A21) in font [lmroman10-regular]:mapping=t
ex-text;!
Missing character: There is no 式 (U+5F0F) in font [lmroman10-regular]:mapping=t
ex-text;!
Missing character: There is no 请 (U+8BF7) in font [lmroman10-regular]:mapping=t
ex-text;!
Missing character: There is no 求 (U+6C42) in font [lmroman10-regular]:mapping=t
ex-text;!
Missing character: There is no 。 (U+3002) in font [lmroman10-regular]:mapping=t
ex-text;!
Missing character: There is no 参 (U+53C2) in font [lmroman10-regular]:mapping=t
ex-text;!
Missing character: There is no 数 (U+6570) in font [lmroman10-regular]:mapping=t
ex-text;!
Missing character: There is no 参 (U+53C2) in font [lmroman10-regular]:mapping=t
ex-text;!
Missing character: There is no 数 (U+6570) in font [lmroman10-regular]:mapping=t
ex-text;!
Missing character: There is no 请 (U+8BF7) in font [lmroman10-regular]:mapping=t
ex-text;!
Missing character: There is no 求 (U+6C42) in font [lmroman10-regular]:mapping=t
ex-text;!
Missing character: There is no 。 (U+3002) in font [lmroman10-regular]:mapping=t
ex-text;!
Missing character: There is no 参 (U+53C2) in font [lmroman10-regular]:mapping=t
ex-text;!
Missing character: There is no 数 (U+6570) in font [lmroman10-regular]:mapping=t
ex-text;!
Missing character: There is no 参 (U+53C2) in font [lmroman10-regular]:mapping=t
ex-text;!
Missing character: There is no 数 (U+6570) in font [lmroman10-regular]:mapping=t
ex-text;!
Missing character: There is no 请 (U+8BF7) in font [lmroman10-regular]:mapping=t
ex-text;!
Missing character: There is no 求 (U+6C42) in font [lmroman10-regular]:mapping=t
ex-text;!
Missing character: There is no 。 (U+3002) in font [lmroman10-regular]:mapping=t
ex-text;!

Package longtable Warning: Column widths have changed
(longtable)                in table 5.70 on input line 1550.

Missing character: There is no 返 (U+8FD4) in font [lmroman10-regular]:mapping=t
ex-text;!
Missing character: There is no 回 (U+56DE) in font [lmroman10-regular]:mapping=t
ex-text;!

Underfull \hbox (badness 10000) detected at line 1551
[][][]
 []

Missing character: There is no 包 (U+5305) in font [lmroman10-regular]:mapping=t
ex-text;!
Missing character: There is no 含 (U+542B) in font [lmroman10-regular]:mapping=t
ex-text;!
Missing character: There is no 指 (U+6307) in font [lmroman10-regular]:mapping=t
ex-text;!
Missing character: There is no 令 (U+4EE4) in font [lmroman10-regular]:mapping=t
ex-text;!
Missing character: There is no 执 (U+6267) in font [lmroman10-regular]:mapping=t
ex-text;!
Missing character: There is no 行 (U+884C) in font [lmroman10-regular]:mapping=t
ex-text;!
Missing character: There is no 结 (U+7ED3) in font [lmroman10-regular]:mapping=t
ex-text;!
Missing character: There is no 果 (U+679C) in font [lmroman10-regular]:mapping=t
ex-text;!
Missing character: There is no 的 (U+7684) in font [lmroman10-regular]:mapping=t
ex-text;!
Missing character: There is no 响 (U+54CD) in font [lmroman10-regular]:mapping=t
ex-text;!
Missing character: There is no 应 (U+5E94) in font [lmroman10-regular]:mapping=t
ex-text;!
Missing character: There is no 对 (U+5BF9) in font [lmroman10-regular]:mapping=t
ex-text;!
Missing character: There is no 象 (U+8C61) in font [lmroman10-regular]:mapping=t
ex-text;!
Missing character: There is no 。 (U+3002) in font [lmroman10-regular]:mapping=t
ex-text;!
Missing character: There is no 该 (U+8BE5) in font [lmroman10-regular]:mapping=t
ex-text;!
Missing character: There is no 类 (U+7C7B) in font [lmroman10-regular]:mapping=t
ex-text;!
Missing character: There is no 的 (U+7684) in font [lmroman10-regular]:mapping=t
ex-text;!
Missing character: There is no 文 (U+6587) in font [lmroman10-regular]:mapping=t
ex-text;!
Missing character: There is no 档 (U+6863) in font [lmroman10-regular]:mapping=t
ex-text;!
Missing character: There is no 由 (U+7531) in font [lmroman10-regular]:mapping=t
ex-text;!
Missing character: There is no 以 (U+4EE5) in font [lmroman10-regular]:mapping=t
ex-text;!
Missing character: There is no 下 (U+4E0B) in font [lmroman10-regular]:mapping=t
ex-text;!
Missing character: There is no 文 (U+6587) in font [lmroman10-regular]:mapping=t
ex-text;!
Missing character: There is no 件 (U+4EF6) in font [lmroman10-regular]:mapping=t
ex-text;!
Missing character: There is no 生 (U+751F) in font [lmroman10-regular]:mapping=t
ex-text;!
Missing character: There is no 成 (U+6210) in font [lmroman10-regular]:mapping=t
ex-text;!
) (./classCodroid_1_1CodroidException.tex
Missing character: There is no 类 (U+7C7B) in font [lmroman12-regular]:mapping=t
ex-text;!
Missing character: There is no 参 (U+53C2) in font [lmroman12-regular]:mapping=t
ex-text;!
Missing character: There is no 考 (U+8003) in font [lmroman12-regular]:mapping=t
ex-text;!
Missing character: There is no 专 (U+4E13) in font [lmroman10-regular]:mapping=t
ex-text;!
Missing character: There is no 用 (U+7528) in font [lmroman10-regular]:mapping=t
ex-text;!
Missing character: There is no 异 (U+5F02) in font [lmroman10-regular]:mapping=t
ex-text;!
Missing character: There is no 常 (U+5E38) in font [lmroman10-regular]:mapping=t
ex-text;!
Missing character: There is no 类 (U+7C7B) in font [lmroman10-regular]:mapping=t
ex-text;!
Missing character: There is no 成 (U+6210) in font [lmroman12-regular]:mapping=t
ex-text;!
Missing character: There is no 员 (U+5458) in font [lmroman12-regular]:mapping=t
ex-text;!
Missing character: There is no 函 (U+51FD) in font [lmroman12-regular]:mapping=t
ex-text;!
Missing character: There is no 数 (U+6570) in font [lmroman12-regular]:mapping=t
ex-text;!
Missing character: There is no 详 (U+8BE6) in font [lmroman12-regular]:mapping=t
ex-text;!
Missing character: There is no 细 (U+7EC6) in font [lmroman12-regular]:mapping=t
ex-text;!
Missing character: There is no 描 (U+63CF) in font [lmroman12-regular]:mapping=t
ex-text;!
Missing character: There is no 述 (U+8FF0) in font [lmroman12-regular]:mapping=t
ex-text;!
Missing character: There is no 专 (U+4E13) in font [lmroman10-regular]:mapping=t
ex-text;!
Missing character: There is no 用 (U+7528) in font [lmroman10-regular]:mapping=t
ex-text;!
Missing character: There is no 异 (U+5F02) in font [lmroman10-regular]:mapping=t
ex-text;!
Missing character: There is no 常 (U+5E38) in font [lmroman10-regular]:mapping=t
ex-text;!
Missing character: There is no 类 (U+7C7B) in font [lmroman10-regular]:mapping=t
ex-text;!
Missing character: There is no 该 (U+8BE5) in font [lmroman10-regular]:mapping=t
ex-text;!
Missing character: There is no 类 (U+7C7B) in font [lmroman10-regular]:mapping=t
ex-text;!
Missing character: There is no 的 (U+7684) in font [lmroman10-regular]:mapping=t
ex-text;!
Missing character: There is no 文 (U+6587) in font [lmroman10-regular]:mapping=t
ex-text;!
Missing character: There is no 档 (U+6863) in font [lmroman10-regular]:mapping=t
ex-text;!
Missing character: There is no 由 (U+7531) in font [lmroman10-regular]:mapping=t
ex-text;!
Missing character: There is no 以 (U+4EE5) in font [lmroman10-regular]:mapping=t
ex-text;!
Missing character: There is no 下 (U+4E0B) in font [lmroman10-regular]:mapping=t
ex-text;!
Missing character: There is no 文 (U+6587) in font [lmroman10-regular]:mapping=t
ex-text;!
Missing character: There is no 件 (U+4EF6) in font [lmroman10-regular]:mapping=t
ex-text;!
Missing character: There is no 生 (U+751F) in font [lmroman10-regular]:mapping=t
ex-text;!
Missing character: There is no 成 (U+6210) in font [lmroman10-regular]:mapping=t
ex-text;!
) (./classCodroid_1_1CodroidSubscriber.tex
Missing character: There is no 类 (U+7C7B) in font [lmroman12-regular]:mapping=t
ex-text;!
Missing character: There is no 参 (U+53C2) in font [lmroman12-regular]:mapping=t
ex-text;!
Missing character: There is no 考 (U+8003) in font [lmroman12-regular]:mapping=t
ex-text;!
Missing character: There is no 用 (U+7528) in font [lmroman10-regular]:mapping=t
ex-text;!
Missing character: There is no 于 (U+4E8E) in font [lmroman10-regular]:mapping=t
ex-text;!
Missing character: There is no 通 (U+901A) in font [lmroman10-regular]:mapping=t
ex-text;!
Missing character: There is no 过 (U+8FC7) in font [lmroman10-regular]:mapping=t
ex-text;!
Missing character: There is no 独 (U+72EC) in font [lmroman10-regular]:mapping=t
ex-text;!
Missing character: There is no 立 (U+7ACB) in font [lmroman10-regular]:mapping=t
ex-text;!
Missing character: There is no 通 (U+901A) in font [lmroman10-regular]:mapping=t
ex-text;!
Missing character: There is no 道 (U+9053) in font [lmroman10-regular]:mapping=t
ex-text;!
Missing character: There is no 进 (U+8FDB) in font [lmroman10-regular]:mapping=t
ex-text;!
Missing character: There is no 行 (U+884C) in font [lmroman10-regular]:mapping=t
ex-text;!
Missing character: There is no 异 (U+5F02) in font [lmroman10-regular]:mapping=t
ex-text;!
Missing character: There is no 步 (U+6B65) in font [lmroman10-regular]:mapping=t
ex-text;!
Missing character: There is no 数 (U+6570) in font [lmroman10-regular]:mapping=t
ex-text;!
Missing character: There is no 据 (U+636E) in font [lmroman10-regular]:mapping=t
ex-text;!
Missing character: There is no 订 (U+8BA2) in font [lmroman10-regular]:mapping=t
ex-text;!
Missing character: There is no 阅 (U+9605) in font [lmroman10-regular]:mapping=t
ex-text;!
Missing character: There is no 的 (U+7684) in font [lmroman10-regular]:mapping=t
ex-text;!
Missing character: There is no 专 (U+4E13) in font [lmroman10-regular]:mapping=t
ex-text;!
Missing character: There is no 用 (U+7528) in font [lmroman10-regular]:mapping=t
ex-text;!
Missing character: There is no 类 (U+7C7B) in font [lmroman10-regular]:mapping=t
ex-text;!
Missing character: There is no 。 (U+3002) in font [lmroman10-regular]:mapping=t
ex-text;!
Missing character: There is no 成 (U+6210) in font [lmroman12-regular]:mapping=t
ex-text;!
Missing character: There is no 员 (U+5458) in font [lmroman12-regular]:mapping=t
ex-text;!
Missing character: There is no 函 (U+51FD) in font [lmroman12-regular]:mapping=t
ex-text;!
Missing character: There is no 数 (U+6570) in font [lmroman12-regular]:mapping=t
ex-text;!
Missing character: There is no 构 (U+6784) in font [lmroman9-regular]:mapping=te
x-text;!
Missing character: There is no 造 (U+9020) in font [lmroman9-regular]:mapping=te
x-text;!
Missing character: There is no 函 (U+51FD) in font [lmroman9-regular]:mapping=te
x-text;!
Missing character: There is no 数 (U+6570) in font [lmroman9-regular]:mapping=te
x-text;!
Missing character: There is no 析 (U+6790) in font [lmroman9-regular]:mapping=te
x-text;!
Missing character: There is no 构 (U+6784) in font [lmroman9-regular]:mapping=te
x-text;!
Missing character: There is no 函 (U+51FD) in font [lmroman9-regular]:mapping=te
x-text;!
Missing character: There is no 数 (U+6570) in font [lmroman9-regular]:mapping=te
x-text;!
Missing character: There is no 连 (U+8FDE) in font [lmroman9-regular]:mapping=te
x-text;!
Missing character: There is no 接 (U+63A5) in font [lmroman9-regular]:mapping=te
x-text;!
Missing character: There is no 到 (U+5230) in font [lmroman9-regular]:mapping=te
x-text;!
Missing character: There is no 机 (U+673A) in font [lmroman9-regular]:mapping=te
x-text;!
Missing character: There is no 器 (U+5668) in font [lmroman9-regular]:mapping=te
x-text;!
Missing character: There is no 人 (U+4EBA) in font [lmroman9-regular]:mapping=te
x-text;!
Missing character: There is no 订 (U+8BA2) in font [lmroman9-regular]:mapping=te
x-text;!
Missing character: There is no 阅 (U+9605) in font [lmroman9-regular]:mapping=te
x-text;!
Missing character: There is no 服 (U+670D) in font [lmroman9-regular]:mapping=te
x-text;!
Missing character: There is no 务 (U+52A1) in font [lmroman9-regular]:mapping=te
x-text;!
Missing character: There is no 器 (U+5668) in font [lmroman9-regular]:mapping=te
x-text;!
Missing character: There is no 类 (U+7C7B) in font [lmroman10-regular]:mapping=t
ex-text;!
Missing character: There is no 说 (U+8BF4) in font [lmroman10-regular]:mapping=t
ex-text;!
Missing character: There is no 明 (U+660E) in font [lmroman10-regular]:mapping=t
ex-text;!
Missing character: There is no 制 (U+5236) in font [lmroman7-regular]:mapping=te
x-text;!
Missing character: There is no 作 (U+4F5C) in font [lmroman7-regular]:mapping=te
x-text;!
Missing character: There is no 者 (U+8005) in font [lmroman7-regular]:mapping=te
x-text;!
[40]
Missing character: There is no 终 (U+7EC8) in font [lmroman9-regular]:mapping=te
x-text;!
Missing character: There is no 止 (U+6B62) in font [lmroman9-regular]:mapping=te
x-text;!
Missing character: There is no 连 (U+8FDE) in font [lmroman9-regular]:mapping=te
x-text;!
Missing character: There is no 接 (U+63A5) in font [lmroman9-regular]:mapping=te
x-text;!
Missing character: There is no 并 (U+5E76) in font [lmroman9-regular]:mapping=te
x-text;!
Missing character: There is no 停 (U+505C) in font [lmroman9-regular]:mapping=te
x-text;!
Missing character: There is no 止 (U+6B62) in font [lmroman9-regular]:mapping=te
x-text;!
Missing character: There is no 后 (U+540E) in font [lmroman9-regular]:mapping=te
x-text;!
Missing character: There is no 台 (U+53F0) in font [lmroman9-regular]:mapping=te
x-text;!
Missing character: There is no 处 (U+5904) in font [lmroman9-regular]:mapping=te
x-text;!
Missing character: There is no 理 (U+7406) in font [lmroman9-regular]:mapping=te
x-text;!
Missing character: There is no 订 (U+8BA2) in font [lmroman9-regular]:mapping=te
x-text;!
Missing character: There is no 阅 (U+9605) in font [lmroman9-regular]:mapping=te
x-text;!
Missing character: There is no 特 (U+7279) in font [lmroman9-regular]:mapping=te
x-text;!
Missing character: There is no 定 (U+5B9A) in font [lmroman9-regular]:mapping=te
x-text;!
Missing character: There is no 的 (U+7684) in font [lmroman9-regular]:mapping=te
x-text;!
Missing character: There is no 数 (U+6570) in font [lmroman9-regular]:mapping=te
x-text;!
Missing character: There is no 据 (U+636E) in font [lmroman9-regular]:mapping=te
x-text;!
Missing character: There is no 主 (U+4E3B) in font [lmroman9-regular]:mapping=te
x-text;!
Missing character: There is no 题 (U+9898) in font [lmroman9-regular]:mapping=te
x-text;!
Missing character: There is no 设 (U+8BBE) in font [lmroman9-regular]:mapping=te
x-text;!
Missing character: There is no 置 (U+7F6E) in font [lmroman9-regular]:mapping=te
x-text;!
Missing character: There is no 机 (U+673A) in font [lmroman9-regular]:mapping=te
x-text;!
Missing character: There is no 器 (U+5668) in font [lmroman9-regular]:mapping=te
x-text;!
Missing character: There is no 人 (U+4EBA) in font [lmroman9-regular]:mapping=te
x-text;!
Missing character: There is no 状 (U+72B6) in font [lmroman9-regular]:mapping=te
x-text;!
Missing character: There is no 态 (U+6001) in font [lmroman9-regular]:mapping=te
x-text;!
Missing character: There is no 更 (U+66F4) in font [lmroman9-regular]:mapping=te
x-text;!
Missing character: There is no 新 (U+65B0) in font [lmroman9-regular]:mapping=te
x-text;!
Missing character: There is no 回 (U+56DE) in font [lmroman9-regular]:mapping=te
x-text;!
Missing character: There is no 调 (U+8C03) in font [lmroman9-regular]:mapping=te
x-text;!
Missing character: There is no 设 (U+8BBE) in font [lmroman9-regular]:mapping=te
x-text;!
Missing character: There is no 置 (U+7F6E) in font [lmroman9-regular]:mapping=te
x-text;!
Missing character: There is no 机 (U+673A) in font [lmroman9-regular]:mapping=te
x-text;!
Missing character: There is no 器 (U+5668) in font [lmroman9-regular]:mapping=te
x-text;!
Missing character: There is no 人 (U+4EBA) in font [lmroman9-regular]:mapping=te
x-text;!
Missing character: There is no 位 (U+4F4D) in font [lmroman9-regular]:mapping=te
x-text;!
Missing character: There is no 姿 (U+59FF) in font [lmroman9-regular]:mapping=te
x-text;!
Missing character: There is no 更 (U+66F4) in font [lmroman9-regular]:mapping=te
x-text;!
Missing character: There is no 新 (U+65B0) in font [lmroman9-regular]:mapping=te
x-text;!
Missing character: There is no 回 (U+56DE) in font [lmroman9-regular]:mapping=te
x-text;!
Missing character: There is no 调 (U+8C03) in font [lmroman9-regular]:mapping=te
x-text;!
Missing character: There is no 设 (U+8BBE) in font [lmroman9-regular]:mapping=te
x-text;!
Missing character: There is no 置 (U+7F6E) in font [lmroman9-regular]:mapping=te
x-text;!
Missing character: There is no 变 (U+53D8) in font [lmroman9-regular]:mapping=te
x-text;!
Missing character: There is no 量 (U+91CF) in font [lmroman9-regular]:mapping=te
x-text;!
Missing character: There is no 更 (U+66F4) in font [lmroman9-regular]:mapping=te
x-text;!
Missing character: There is no 新 (U+65B0) in font [lmroman9-regular]:mapping=te
x-text;!
Missing character: There is no 回 (U+56DE) in font [lmroman9-regular]:mapping=te
x-text;!
Missing character: There is no 调 (U+8C03) in font [lmroman9-regular]:mapping=te
x-text;!
Missing character: There is no 设 (U+8BBE) in font [lmroman9-regular]:mapping=te
x-text;!
Missing character: There is no 置 (U+7F6E) in font [lmroman9-regular]:mapping=te
x-text;!
Missing character: There is no 系 (U+7CFB) in font [lmroman9-regular]:mapping=te
x-text;!
Missing character: There is no 统 (U+7EDF) in font [lmroman9-regular]:mapping=te
x-text;!
Missing character: There is no 日 (U+65E5) in font [lmroman9-regular]:mapping=te
x-text;!
Missing character: There is no 志 (U+5FD7) in font [lmroman9-regular]:mapping=te
x-text;!
Missing character: There is no 回 (U+56DE) in font [lmroman9-regular]:mapping=te
x-text;!
Missing character: There is no 调 (U+8C03) in font [lmroman9-regular]:mapping=te
x-text;!
Missing character: There is no 详 (U+8BE6) in font [lmroman12-regular]:mapping=t
ex-text;!
Missing character: There is no 细 (U+7EC6) in font [lmroman12-regular]:mapping=t
ex-text;!
Missing character: There is no 描 (U+63CF) in font [lmroman12-regular]:mapping=t
ex-text;!
Missing character: There is no 述 (U+8FF0) in font [lmroman12-regular]:mapping=t
ex-text;!
Missing character: There is no 用 (U+7528) in font [lmroman10-regular]:mapping=t
ex-text;!
Missing character: There is no 于 (U+4E8E) in font [lmroman10-regular]:mapping=t
ex-text;!
Missing character: There is no 通 (U+901A) in font [lmroman10-regular]:mapping=t
ex-text;!
Missing character: There is no 过 (U+8FC7) in font [lmroman10-regular]:mapping=t
ex-text;!
Missing character: There is no 独 (U+72EC) in font [lmroman10-regular]:mapping=t
ex-text;!
Missing character: There is no 立 (U+7ACB) in font [lmroman10-regular]:mapping=t
ex-text;!
Missing character: There is no 通 (U+901A) in font [lmroman10-regular]:mapping=t
ex-text;!
Missing character: There is no 道 (U+9053) in font [lmroman10-regular]:mapping=t
ex-text;!
Missing character: There is no 进 (U+8FDB) in font [lmroman10-regular]:mapping=t
ex-text;!
Missing character: There is no 行 (U+884C) in font [lmroman10-regular]:mapping=t
ex-text;!
Missing character: There is no 异 (U+5F02) in font [lmroman10-regular]:mapping=t
ex-text;!
Missing character: There is no 步 (U+6B65) in font [lmroman10-regular]:mapping=t
ex-text;!
Missing character: There is no 数 (U+6570) in font [lmroman10-regular]:mapping=t
ex-text;!
Missing character: There is no 据 (U+636E) in font [lmroman10-regular]:mapping=t
ex-text;!
Missing character: There is no 订 (U+8BA2) in font [lmroman10-regular]:mapping=t
ex-text;!
Missing character: There is no 阅 (U+9605) in font [lmroman10-regular]:mapping=t
ex-text;!
Missing character: There is no 的 (U+7684) in font [lmroman10-regular]:mapping=t
ex-text;!
Missing character: There is no 专 (U+4E13) in font [lmroman10-regular]:mapping=t
ex-text;!
Missing character: There is no 用 (U+7528) in font [lmroman10-regular]:mapping=t
ex-text;!
Missing character: There is no 类 (U+7C7B) in font [lmroman10-regular]:mapping=t
ex-text;!
Missing character: There is no 。 (U+3002) in font [lmroman10-regular]:mapping=t
ex-text;!
Missing character: There is no 该 (U+8BE5) in font [lmroman10-regular]:mapping=t
ex-text;!
Missing character: There is no 类 (U+7C7B) in font [lmroman10-regular]:mapping=t
ex-text;!
Missing character: There is no 管 (U+7BA1) in font [lmroman10-regular]:mapping=t
ex-text;!
Missing character: There is no 理 (U+7406) in font [lmroman10-regular]:mapping=t
ex-text;!
Missing character: There is no 独 (U+72EC) in font [lmroman10-regular]:mapping=t
ex-text;!
Missing character: There is no 立 (U+7ACB) in font [lmroman10-regular]:mapping=t
ex-text;!
Missing character: There is no 的 (U+7684) in font [lmroman10-regular]:mapping=t
ex-text;!
Missing character: There is no 后 (U+540E) in font [lmroman10-regular]:mapping=t
ex-text;!
Missing character: There is no 台 (U+53F0) in font [lmroman10-regular]:mapping=t
ex-text;!
Missing character: There is no 线 (U+7EBF) in font [lmroman10-regular]:mapping=t
ex-text;!
Missing character: There is no 程 (U+7A0B) in font [lmroman10-regular]:mapping=t
ex-text;!
Missing character: There is no ， (U+FF0C) in font [lmroman10-regular]:mapping=t
ex-text;!
Missing character: There is no 用 (U+7528) in font [lmroman10-regular]:mapping=t
ex-text;!
Missing character: There is no 于 (U+4E8E) in font [lmroman10-regular]:mapping=t
ex-text;!
Missing character: There is no 处 (U+5904) in font [lmroman10-regular]:mapping=t
ex-text;!
Missing character: There is no 理 (U+7406) in font [lmroman10-regular]:mapping=t
ex-text;!
Missing character: There is no 来 (U+6765) in font [lmroman10-regular]:mapping=t
ex-text;!
Missing character: There is no 自 (U+81EA) in font [lmroman10-regular]:mapping=t
ex-text;!
Missing character: There is no 机 (U+673A) in font [lmroman10-regular]:mapping=t
ex-text;!
Missing character: There is no 器 (U+5668) in font [lmroman10-regular]:mapping=t
ex-text;!
Missing character: There is no 人 (U+4EBA) in font [lmroman10-regular]:mapping=t
ex-text;!
Missing character: There is no 的 (U+7684) in font [lmroman10-regular]:mapping=t
ex-text;!
Missing character: There is no 持 (U+6301) in font [lmroman10-regular]:mapping=t
ex-text;!
Missing character: There is no 续 (U+7EED) in font [lmroman10-regular]:mapping=t
ex-text;!
Missing character: There is no 数 (U+6570) in font [lmroman10-regular]:mapping=t
ex-text;!
Missing character: There is no 据 (U+636E) in font [lmroman10-regular]:mapping=t
ex-text;!
Missing character: There is no 推 (U+63A8) in font [lmroman10-regular]:mapping=t
ex-text;!
Missing character: There is no 送 (U+9001) in font [lmroman10-regular]:mapping=t
ex-text;!
Missing character: There is no （ (U+FF08) in font [lmroman10-regular]:mapping=t
ex-text;!
Missing character: There is no 如 (U+5982) in font [lmroman10-regular]:mapping=t
ex-text;!
Missing character: There is no 状 (U+72B6) in font [lmroman10-regular]:mapping=t
ex-text;!
Missing character: There is no 态 (U+6001) in font [lmroman10-regular]:mapping=t
ex-text;!
Missing character: There is no 、 (U+3001) in font [lmroman10-regular]:mapping=t
ex-text;!
Missing character: There is no 位 (U+4F4D) in font [lmroman10-regular]:mapping=t
ex-text;!
Missing character: There is no 姿 (U+59FF) in font [lmroman10-regular]:mapping=t
ex-text;!
Missing character: There is no 、 (U+3001) in font [lmroman10-regular]:mapping=t
ex-text;!
Missing character: There is no 日 (U+65E5) in font [lmroman10-regular]:mapping=t
ex-text;!
Missing character: There is no 志 (U+5FD7) in font [lmroman10-regular]:mapping=t
ex-text;!
Missing character: There is no ） (U+FF09) in font [lmroman10-regular]:mapping=t
ex-text;!
Missing character: There is no ， (U+FF0C) in font [lmroman10-regular]:mapping=t
ex-text;!
Missing character: There is no 不 (U+4E0D) in font [lmroman10-regular]:mapping=t
ex-text;!
Missing character: There is no 会 (U+4F1A) in font [lmroman10-regular]:mapping=t
ex-text;!
Missing character: There is no 阻 (U+963B) in font [lmroman10-regular]:mapping=t
ex-text;!
Missing character: There is no 塞 (U+585E) in font [lmroman10-regular]:mapping=t
ex-text;!
Missing character: There is no 指 (U+6307) in font [lmroman10-regular]:mapping=t
ex-text;!
Missing character: There is no 令 (U+4EE4) in font [lmroman10-regular]:mapping=t
ex-text;!
Missing character: There is no 执 (U+6267) in font [lmroman10-regular]:mapping=t
ex-text;!
Missing character: There is no 行 (U+884C) in font [lmroman10-regular]:mapping=t
ex-text;!
Missing character: There is no 。 (U+3002) in font [lmroman10-regular]:mapping=t
ex-text;!
Missing character: There is no 成 (U+6210) in font [lmroman12-regular]:mapping=t
ex-text;!
Missing character: There is no 员 (U+5458) in font [lmroman12-regular]:mapping=t
ex-text;!
Missing character: There is no 函 (U+51FD) in font [lmroman12-regular]:mapping=t
ex-text;!
Missing character: There is no 数 (U+6570) in font [lmroman12-regular]:mapping=t
ex-text;!
Missing character: There is no 说 (U+8BF4) in font [lmroman12-regular]:mapping=t
ex-text;!
Missing character: There is no 明 (U+660E) in font [lmroman12-regular]:mapping=t
ex-text;!
Missing character: There is no 连 (U+8FDE) in font [lmroman10-regular]:mapping=t
ex-text;!
Missing character: There is no 接 (U+63A5) in font [lmroman10-regular]:mapping=t
ex-text;!
Missing character: There is no 到 (U+5230) in font [lmroman10-regular]:mapping=t
ex-text;!
Missing character: There is no 机 (U+673A) in font [lmroman10-regular]:mapping=t
ex-text;!
Missing character: There is no 器 (U+5668) in font [lmroman10-regular]:mapping=t
ex-text;!
Missing character: There is no 人 (U+4EBA) in font [lmroman10-regular]:mapping=t
ex-text;!
Missing character: There is no 订 (U+8BA2) in font [lmroman10-regular]:mapping=t
ex-text;!
Missing character: There is no 阅 (U+9605) in font [lmroman10-regular]:mapping=t
ex-text;!
Missing character: There is no 服 (U+670D) in font [lmroman10-regular]:mapping=t
ex-text;!
Missing character: There is no 务 (U+52A1) in font [lmroman10-regular]:mapping=t
ex-text;!
Missing character: There is no 器 (U+5668) in font [lmroman10-regular]:mapping=t
ex-text;!
Missing character: There is no 机 (U+673A) in font [lmroman10-regular]:mapping=t
ex-text;!
Missing character: There is no 器 (U+5668) in font [lmroman10-regular]:mapping=t
ex-text;!
Missing character: There is no 人 (U+4EBA) in font [lmroman10-regular]:mapping=t
ex-text;!
Missing character: There is no 地 (U+5730) in font [lmroman10-regular]:mapping=t
ex-text;!
Missing character: There is no 址 (U+5740) in font [lmroman10-regular]:mapping=t
ex-text;!
Missing character: There is no 端 (U+7AEF) in font [lmroman10-regular]:mapping=t
ex-text;!
Missing character: There is no 口 (U+53E3) in font [lmroman10-regular]:mapping=t
ex-text;!
Missing character: There is no 号 (U+53F7) in font [lmroman10-regular]:mapping=t
ex-text;!
Missing character: There is no 默 (U+9ED8) in font [lmroman10-regular]:mapping=t
ex-text;!
Missing character: There is no 认 (U+8BA4) in font [lmroman10-regular]:mapping=t
ex-text;!
Missing character: There is no 参 (U+53C2) in font [lmroman10-regular]:mapping=t
ex-text;!
Missing character: There is no 数 (U+6570) in font [lmroman10-regular]:mapping=t
ex-text;!
Missing character: There is no 参 (U+53C2) in font [lmroman10-regular]:mapping=t
ex-text;!
Missing character: There is no 数 (U+6570) in font [lmroman10-regular]:mapping=t
ex-text;!
Missing character: There is no 机 (U+673A) in font [lmroman10-regular]:mapping=t
ex-text;!
Missing character: There is no 器 (U+5668) in font [lmroman10-regular]:mapping=t
ex-text;!
Missing character: There is no 人 (U+4EBA) in font [lmroman10-regular]:mapping=t
ex-text;!
Missing character: There is no 地 (U+5730) in font [lmroman10-regular]:mapping=t
ex-text;!
Missing character: There is no 址 (U+5740) in font [lmroman10-regular]:mapping=t
ex-text;!
Missing character: There is no 端 (U+7AEF) in font [lmroman10-regular]:mapping=t
ex-text;!
Missing character: There is no 口 (U+53E3) in font [lmroman10-regular]:mapping=t
ex-text;!
Missing character: There is no 号 (U+53F7) in font [lmroman10-regular]:mapping=t
ex-text;!
Missing character: There is no 默 (U+9ED8) in font [lmroman10-regular]:mapping=t
ex-text;!
Missing character: There is no 认 (U+8BA4) in font [lmroman10-regular]:mapping=t
ex-text;!
Missing character: There is no 参 (U+53C2) in font [lmroman10-regular]:mapping=t
ex-text;!
Missing character: There is no 数 (U+6570) in font [lmroman10-regular]:mapping=t
ex-text;!
Missing character: There is no 参 (U+53C2) in font [lmroman10-regular]:mapping=t
ex-text;!
Missing character: There is no 数 (U+6570) in font [lmroman10-regular]:mapping=t
ex-text;!
Missing character: There is no 机 (U+673A) in font [lmroman10-regular]:mapping=t
ex-text;!
Missing character: There is no 器 (U+5668) in font [lmroman10-regular]:mapping=t
ex-text;!
Missing character: There is no 人 (U+4EBA) in font [lmroman10-regular]:mapping=t
ex-text;!
Missing character: There is no 地 (U+5730) in font [lmroman10-regular]:mapping=t
ex-text;!
Missing character: There is no 址 (U+5740) in font [lmroman10-regular]:mapping=t
ex-text;!
Missing character: There is no 端 (U+7AEF) in font [lmroman10-regular]:mapping=t
ex-text;!
Missing character: There is no 口 (U+53E3) in font [lmroman10-regular]:mapping=t
ex-text;!
Missing character: There is no 号 (U+53F7) in font [lmroman10-regular]:mapping=t
ex-text;!
Missing character: There is no 默 (U+9ED8) in font [lmroman10-regular]:mapping=t
ex-text;!
Missing character: There is no 认 (U+8BA4) in font [lmroman10-regular]:mapping=t
ex-text;!

Package longtable Warning: Column widths have changed
(longtable)                in table 5.71 on input line 60.

Missing character: There is no 返 (U+8FD4) in font [lmroman10-regular]:mapping=t
ex-text;!
Missing character: There is no 回 (U+56DE) in font [lmroman10-regular]:mapping=t
ex-text;!

Underfull \hbox (badness 10000) detected at line 61
[][][]
 []

Missing character: There is no 连 (U+8FDE) in font [lmroman10-regular]:mapping=t
ex-text;!
Missing character: There is no 接 (U+63A5) in font [lmroman10-regular]:mapping=t
ex-text;!
Missing character: There is no 成 (U+6210) in font [lmroman10-regular]:mapping=t
ex-text;!
Missing character: There is no 功 (U+529F) in font [lmroman10-regular]:mapping=t
ex-text;!
Missing character: There is no 返 (U+8FD4) in font [lmroman10-regular]:mapping=t
ex-text;!
Missing character: There is no 回 (U+56DE) in font [lmroman10-regular]:mapping=t
ex-text;!
Missing character: There is no ， (U+FF0C) in font [lmroman10-regular]:mapping=t
ex-text;!
Missing character: There is no 否 (U+5426) in font [lmroman10-regular]:mapping=t
ex-text;!
Missing character: There is no 则 (U+5219) in font [lmroman10-regular]:mapping=t
ex-text;!
Missing character: There is no 返 (U+8FD4) in font [lmroman10-regular]:mapping=t
ex-text;!
Missing character: There is no 回 (U+56DE) in font [lmroman10-regular]:mapping=t
ex-text;!
Missing character: There is no 类 (U+7C7B) in font [lmroman10-regular]:mapping=t
ex-text;!
Missing character: There is no 参 (U+53C2) in font [lmroman10-regular]:mapping=t
ex-text;!
Missing character: There is no 考 (U+8003) in font [lmroman10-regular]:mapping=t
ex-text;!
Missing character: There is no 制 (U+5236) in font [lmroman7-regular]:mapping=te
x-text;!
Missing character: There is no 作 (U+4F5C) in font [lmroman7-regular]:mapping=te
x-text;!
Missing character: There is no 者 (U+8005) in font [lmroman7-regular]:mapping=te
x-text;!
[41]
Missing character: There is no 设 (U+8BBE) in font [lmroman10-regular]:mapping=t
ex-text;!
Missing character: There is no 置 (U+7F6E) in font [lmroman10-regular]:mapping=t
ex-text;!
Missing character: There is no 系 (U+7CFB) in font [lmroman10-regular]:mapping=t
ex-text;!
Missing character: There is no 统 (U+7EDF) in font [lmroman10-regular]:mapping=t
ex-text;!
Missing character: There is no 日 (U+65E5) in font [lmroman10-regular]:mapping=t
ex-text;!
Missing character: There is no 志 (U+5FD7) in font [lmroman10-regular]:mapping=t
ex-text;!
Missing character: There is no 回 (U+56DE) in font [lmroman10-regular]:mapping=t
ex-text;!
Missing character: There is no 调 (U+8C03) in font [lmroman10-regular]:mapping=t
ex-text;!
Missing character: There is no 回 (U+56DE) in font [lmroman10-regular]:mapping=t
ex-text;!
Missing character: There is no 调 (U+8C03) in font [lmroman10-regular]:mapping=t
ex-text;!
Missing character: There is no 函 (U+51FD) in font [lmroman10-regular]:mapping=t
ex-text;!
Missing character: There is no 数 (U+6570) in font [lmroman10-regular]:mapping=t
ex-text;!
Missing character: There is no 参 (U+53C2) in font [lmroman10-regular]:mapping=t
ex-text;!
Missing character: There is no 数 (U+6570) in font [lmroman10-regular]:mapping=t
ex-text;!
Missing character: There is no 参 (U+53C2) in font [lmroman10-regular]:mapping=t
ex-text;!
Missing character: There is no 数 (U+6570) in font [lmroman10-regular]:mapping=t
ex-text;!
Missing character: There is no 回 (U+56DE) in font [lmroman10-regular]:mapping=t
ex-text;!
Missing character: There is no 调 (U+8C03) in font [lmroman10-regular]:mapping=t
ex-text;!
Missing character: There is no 函 (U+51FD) in font [lmroman10-regular]:mapping=t
ex-text;!
Missing character: There is no 数 (U+6570) in font [lmroman10-regular]:mapping=t
ex-text;!
Missing character: There is no 参 (U+53C2) in font [lmroman10-regular]:mapping=t
ex-text;!
Missing character: There is no 数 (U+6570) in font [lmroman10-regular]:mapping=t
ex-text;!
Missing character: There is no 参 (U+53C2) in font [lmroman10-regular]:mapping=t
ex-text;!
Missing character: There is no 数 (U+6570) in font [lmroman10-regular]:mapping=t
ex-text;!
Missing character: There is no 回 (U+56DE) in font [lmroman10-regular]:mapping=t
ex-text;!
Missing character: There is no 调 (U+8C03) in font [lmroman10-regular]:mapping=t
ex-text;!
Missing character: There is no 函 (U+51FD) in font [lmroman10-regular]:mapping=t
ex-text;!
Missing character: There is no 数 (U+6570) in font [lmroman10-regular]:mapping=t
ex-text;!

Package longtable Warning: Column widths have changed
(longtable)                in table 5.72 on input line 78.

Missing character: There is no 设 (U+8BBE) in font [lmroman10-regular]:mapping=t
ex-text;!
Missing character: There is no 置 (U+7F6E) in font [lmroman10-regular]:mapping=t
ex-text;!
Missing character: There is no 机 (U+673A) in font [lmroman10-regular]:mapping=t
ex-text;!
Missing character: There is no 器 (U+5668) in font [lmroman10-regular]:mapping=t
ex-text;!
Missing character: There is no 人 (U+4EBA) in font [lmroman10-regular]:mapping=t
ex-text;!
Missing character: There is no 位 (U+4F4D) in font [lmroman10-regular]:mapping=t
ex-text;!
Missing character: There is no 姿 (U+59FF) in font [lmroman10-regular]:mapping=t
ex-text;!
Missing character: There is no 更 (U+66F4) in font [lmroman10-regular]:mapping=t
ex-text;!
Missing character: There is no 新 (U+65B0) in font [lmroman10-regular]:mapping=t
ex-text;!
Missing character: There is no 回 (U+56DE) in font [lmroman10-regular]:mapping=t
ex-text;!
Missing character: There is no 调 (U+8C03) in font [lmroman10-regular]:mapping=t
ex-text;!
Missing character: There is no 回 (U+56DE) in font [lmroman10-regular]:mapping=t
ex-text;!
Missing character: There is no 调 (U+8C03) in font [lmroman10-regular]:mapping=t
ex-text;!
Missing character: There is no 函 (U+51FD) in font [lmroman10-regular]:mapping=t
ex-text;!
Missing character: There is no 数 (U+6570) in font [lmroman10-regular]:mapping=t
ex-text;!
Missing character: There is no 参 (U+53C2) in font [lmroman10-regular]:mapping=t
ex-text;!
Missing character: There is no 数 (U+6570) in font [lmroman10-regular]:mapping=t
ex-text;!
Missing character: There is no 参 (U+53C2) in font [lmroman10-regular]:mapping=t
ex-text;!
Missing character: There is no 数 (U+6570) in font [lmroman10-regular]:mapping=t
ex-text;!
Missing character: There is no 回 (U+56DE) in font [lmroman10-regular]:mapping=t
ex-text;!
Missing character: There is no 调 (U+8C03) in font [lmroman10-regular]:mapping=t
ex-text;!
Missing character: There is no 函 (U+51FD) in font [lmroman10-regular]:mapping=t
ex-text;!
Missing character: There is no 数 (U+6570) in font [lmroman10-regular]:mapping=t
ex-text;!
Missing character: There is no 参 (U+53C2) in font [lmroman10-regular]:mapping=t
ex-text;!
Missing character: There is no 数 (U+6570) in font [lmroman10-regular]:mapping=t
ex-text;!
Missing character: There is no 参 (U+53C2) in font [lmroman10-regular]:mapping=t
ex-text;!
Missing character: There is no 数 (U+6570) in font [lmroman10-regular]:mapping=t
ex-text;!
Missing character: There is no 回 (U+56DE) in font [lmroman10-regular]:mapping=t
ex-text;!
Missing character: There is no 调 (U+8C03) in font [lmroman10-regular]:mapping=t
ex-text;!
Missing character: There is no 函 (U+51FD) in font [lmroman10-regular]:mapping=t
ex-text;!
Missing character: There is no 数 (U+6570) in font [lmroman10-regular]:mapping=t
ex-text;!

Package longtable Warning: Column widths have changed
(longtable)                in table 5.73 on input line 93.

Missing character: There is no 设 (U+8BBE) in font [lmroman10-regular]:mapping=t
ex-text;!
Missing character: There is no 置 (U+7F6E) in font [lmroman10-regular]:mapping=t
ex-text;!
Missing character: There is no 机 (U+673A) in font [lmroman10-regular]:mapping=t
ex-text;!
Missing character: There is no 器 (U+5668) in font [lmroman10-regular]:mapping=t
ex-text;!
Missing character: There is no 人 (U+4EBA) in font [lmroman10-regular]:mapping=t
ex-text;!
Missing character: There is no 状 (U+72B6) in font [lmroman10-regular]:mapping=t
ex-text;!
Missing character: There is no 态 (U+6001) in font [lmroman10-regular]:mapping=t
ex-text;!
Missing character: There is no 更 (U+66F4) in font [lmroman10-regular]:mapping=t
ex-text;!
Missing character: There is no 新 (U+65B0) in font [lmroman10-regular]:mapping=t
ex-text;!
Missing character: There is no 回 (U+56DE) in font [lmroman10-regular]:mapping=t
ex-text;!
Missing character: There is no 调 (U+8C03) in font [lmroman10-regular]:mapping=t
ex-text;!
Missing character: There is no 回 (U+56DE) in font [lmroman10-regular]:mapping=t
ex-text;!
Missing character: There is no 调 (U+8C03) in font [lmroman10-regular]:mapping=t
ex-text;!
Missing character: There is no 函 (U+51FD) in font [lmroman10-regular]:mapping=t
ex-text;!
Missing character: There is no 数 (U+6570) in font [lmroman10-regular]:mapping=t
ex-text;!
Missing character: There is no 参 (U+53C2) in font [lmroman10-regular]:mapping=t
ex-text;!
Missing character: There is no 数 (U+6570) in font [lmroman10-regular]:mapping=t
ex-text;!
Missing character: There is no 参 (U+53C2) in font [lmroman10-regular]:mapping=t
ex-text;!
Missing character: There is no 数 (U+6570) in font [lmroman10-regular]:mapping=t
ex-text;!
Missing character: There is no 回 (U+56DE) in font [lmroman10-regular]:mapping=t
ex-text;!
Missing character: There is no 调 (U+8C03) in font [lmroman10-regular]:mapping=t
ex-text;!
Missing character: There is no 函 (U+51FD) in font [lmroman10-regular]:mapping=t
ex-text;!
Missing character: There is no 数 (U+6570) in font [lmroman10-regular]:mapping=t
ex-text;!
Missing character: There is no 参 (U+53C2) in font [lmroman10-regular]:mapping=t
ex-text;!
Missing character: There is no 数 (U+6570) in font [lmroman10-regular]:mapping=t
ex-text;!
Missing character: There is no 参 (U+53C2) in font [lmroman10-regular]:mapping=t
ex-text;!
Missing character: There is no 数 (U+6570) in font [lmroman10-regular]:mapping=t
ex-text;!
Missing character: There is no 回 (U+56DE) in font [lmroman10-regular]:mapping=t
ex-text;!
Missing character: There is no 调 (U+8C03) in font [lmroman10-regular]:mapping=t
ex-text;!
Missing character: There is no 函 (U+51FD) in font [lmroman10-regular]:mapping=t
ex-text;!
Missing character: There is no 数 (U+6570) in font [lmroman10-regular]:mapping=t
ex-text;!

Package longtable Warning: Column widths have changed
(longtable)                in table 5.74 on input line 108.

Missing character: There is no 设 (U+8BBE) in font [lmroman10-regular]:mapping=t
ex-text;!
Missing character: There is no 置 (U+7F6E) in font [lmroman10-regular]:mapping=t
ex-text;!
Missing character: There is no 变 (U+53D8) in font [lmroman10-regular]:mapping=t
ex-text;!
Missing character: There is no 量 (U+91CF) in font [lmroman10-regular]:mapping=t
ex-text;!
Missing character: There is no 更 (U+66F4) in font [lmroman10-regular]:mapping=t
ex-text;!
Missing character: There is no 新 (U+65B0) in font [lmroman10-regular]:mapping=t
ex-text;!
Missing character: There is no 回 (U+56DE) in font [lmroman10-regular]:mapping=t
ex-text;!
Missing character: There is no 调 (U+8C03) in font [lmroman10-regular]:mapping=t
ex-text;!
Missing character: There is no 回 (U+56DE) in font [lmroman10-regular]:mapping=t
ex-text;!
Missing character: There is no 调 (U+8C03) in font [lmroman10-regular]:mapping=t
ex-text;!
Missing character: There is no 函 (U+51FD) in font [lmroman10-regular]:mapping=t
ex-text;!
Missing character: There is no 数 (U+6570) in font [lmroman10-regular]:mapping=t
ex-text;!
Missing character: There is no 参 (U+53C2) in font [lmroman10-regular]:mapping=t
ex-text;!
Missing character: There is no 数 (U+6570) in font [lmroman10-regular]:mapping=t
ex-text;!
Missing character: There is no 参 (U+53C2) in font [lmroman10-regular]:mapping=t
ex-text;!
Missing character: There is no 数 (U+6570) in font [lmroman10-regular]:mapping=t
ex-text;!
Missing character: There is no 回 (U+56DE) in font [lmroman10-regular]:mapping=t
ex-text;!
Missing character: There is no 调 (U+8C03) in font [lmroman10-regular]:mapping=t
ex-text;!
Missing character: There is no 函 (U+51FD) in font [lmroman10-regular]:mapping=t
ex-text;!
Missing character: There is no 数 (U+6570) in font [lmroman10-regular]:mapping=t
ex-text;!
Missing character: There is no 参 (U+53C2) in font [lmroman10-regular]:mapping=t
ex-text;!
Missing character: There is no 数 (U+6570) in font [lmroman10-regular]:mapping=t
ex-text;!
Missing character: There is no 参 (U+53C2) in font [lmroman10-regular]:mapping=t
ex-text;!
Missing character: There is no 数 (U+6570) in font [lmroman10-regular]:mapping=t
ex-text;!
Missing character: There is no 回 (U+56DE) in font [lmroman10-regular]:mapping=t
ex-text;!
Missing character: There is no 调 (U+8C03) in font [lmroman10-regular]:mapping=t
ex-text;!
Missing character: There is no 函 (U+51FD) in font [lmroman10-regular]:mapping=t
ex-text;!
Missing character: There is no 数 (U+6570) in font [lmroman10-regular]:mapping=t
ex-text;!

Package longtable Warning: Column widths have changed
(longtable)                in table 5.75 on input line 123.

Missing character: There is no 类 (U+7C7B) in font [lmroman10-regular]:mapping=t
ex-text;!
Missing character: There is no 说 (U+8BF4) in font [lmroman10-regular]:mapping=t
ex-text;!
Missing character: There is no 明 (U+660E) in font [lmroman10-regular]:mapping=t
ex-text;!
Missing character: There is no 制 (U+5236) in font [lmroman7-regular]:mapping=te
x-text;!
Missing character: There is no 作 (U+4F5C) in font [lmroman7-regular]:mapping=te
x-text;!
Missing character: There is no 者 (U+8005) in font [lmroman7-regular]:mapping=te
x-text;!
[42]
Missing character: There is no 订 (U+8BA2) in font [lmroman10-regular]:mapping=t
ex-text;!
Missing character: There is no 阅 (U+9605) in font [lmroman10-regular]:mapping=t
ex-text;!
Missing character: There is no 特 (U+7279) in font [lmroman10-regular]:mapping=t
ex-text;!
Missing character: There is no 定 (U+5B9A) in font [lmroman10-regular]:mapping=t
ex-text;!
Missing character: There is no 的 (U+7684) in font [lmroman10-regular]:mapping=t
ex-text;!
Missing character: There is no 数 (U+6570) in font [lmroman10-regular]:mapping=t
ex-text;!
Missing character: There is no 据 (U+636E) in font [lmroman10-regular]:mapping=t
ex-text;!
Missing character: There is no 主 (U+4E3B) in font [lmroman10-regular]:mapping=t
ex-text;!
Missing character: There is no 题 (U+9898) in font [lmroman10-regular]:mapping=t
ex-text;!
Missing character: There is no 向 (U+5411) in font [lmroman10-regular]:mapping=t
ex-text;!
Missing character: There is no 机 (U+673A) in font [lmroman10-regular]:mapping=t
ex-text;!
Missing character: There is no 器 (U+5668) in font [lmroman10-regular]:mapping=t
ex-text;!
Missing character: There is no 人 (U+4EBA) in font [lmroman10-regular]:mapping=t
ex-text;!
Missing character: There is no 发 (U+53D1) in font [lmroman10-regular]:mapping=t
ex-text;!
Missing character: There is no 送 (U+9001) in font [lmroman10-regular]:mapping=t
ex-text;!
Missing character: There is no 协 (U+534F) in font [lmroman10-regular]:mapping=t
ex-text;!
Missing character: There is no 议 (U+8BAE) in font [lmroman10-regular]:mapping=t
ex-text;!
Missing character: There is no 指 (U+6307) in font [lmroman10-regular]:mapping=t
ex-text;!
Missing character: There is no 令 (U+4EE4) in font [lmroman10-regular]:mapping=t
ex-text;!
Missing character: There is no ， (U+FF0C) in font [lmroman10-regular]:mapping=t
ex-text;!
Missing character: There is no 开 (U+5F00) in font [lmroman10-regular]:mapping=t
ex-text;!
Missing character: There is no 始 (U+59CB) in font [lmroman10-regular]:mapping=t
ex-text;!
Missing character: There is no 推 (U+63A8) in font [lmroman10-regular]:mapping=t
ex-text;!
Missing character: There is no 送 (U+9001) in font [lmroman10-regular]:mapping=t
ex-text;!
Missing character: There is no 指 (U+6307) in font [lmroman10-regular]:mapping=t
ex-text;!
Missing character: There is no 定 (U+5B9A) in font [lmroman10-regular]:mapping=t
ex-text;!
Missing character: There is no 主 (U+4E3B) in font [lmroman10-regular]:mapping=t
ex-text;!
Missing character: There is no 题 (U+9898) in font [lmroman10-regular]:mapping=t
ex-text;!
Missing character: There is no 的 (U+7684) in font [lmroman10-regular]:mapping=t
ex-text;!
Missing character: There is no 数 (U+6570) in font [lmroman10-regular]:mapping=t
ex-text;!
Missing character: There is no 据 (U+636E) in font [lmroman10-regular]:mapping=t
ex-text;!
Missing character: There is no 。 (U+3002) in font [lmroman10-regular]:mapping=t
ex-text;!
Missing character: There is no 主 (U+4E3B) in font [lmroman10-regular]:mapping=t
ex-text;!
Missing character: There is no 题 (U+9898) in font [lmroman10-regular]:mapping=t
ex-text;!
Missing character: There is no 名 (U+540D) in font [lmroman10-regular]:mapping=t
ex-text;!
Missing character: There is no 称 (U+79F0) in font [lmroman10-regular]:mapping=t
ex-text;!
Missing character: There is no 例 (U+4F8B) in font [lmroman10-regular]:mapping=t
ex-text;!
Missing character: There is no 如 (U+5982) in font [lmroman10-regular]:mapping=t
ex-text;!
Missing character: There is no 推 (U+63A8) in font [lmroman10-regular]:mapping=t
ex-text;!
Missing character: There is no 送 (U+9001) in font [lmroman10-regular]:mapping=t
ex-text;!
Missing character: There is no 周 (U+5468) in font [lmroman10-regular]:mapping=t
ex-text;!
Missing character: There is no 期 (U+671F) in font [lmroman10-regular]:mapping=t
ex-text;!
Missing character: There is no ， (U+FF0C) in font [lmroman10-regular]:mapping=t
ex-text;!
Missing character: There is no 单 (U+5355) in font [lmroman10-regular]:mapping=t
ex-text;!
Missing character: There is no 位 (U+4F4D) in font [lmroman10-regular]:mapping=t
ex-text;!
Missing character: There is no 毫 (U+6BEB) in font [lmroman10-regular]:mapping=t
ex-text;!
Missing character: There is no 秒 (U+79D2) in font [lmroman10-regular]:mapping=t
ex-text;!
Missing character: There is no 表 (U+8868) in font [lmroman10-regular]:mapping=t
ex-text;!
Missing character: There is no 示 (U+793A) in font [lmroman10-regular]:mapping=t
ex-text;!
Missing character: There is no 默 (U+9ED8) in font [lmroman10-regular]:mapping=t
ex-text;!
Missing character: There is no 认 (U+8BA4) in font [lmroman10-regular]:mapping=t
ex-text;!
Missing character: There is no 或 (U+6216) in font [lmroman10-regular]:mapping=t
ex-text;!
Missing character: There is no 仅 (U+4EC5) in font [lmroman10-regular]:mapping=t
ex-text;!
Missing character: There is no 在 (U+5728) in font [lmroman10-regular]:mapping=t
ex-text;!
Missing character: There is no 变 (U+53D8) in font [lmroman10-regular]:mapping=t
ex-text;!
Missing character: There is no 化 (U+5316) in font [lmroman10-regular]:mapping=t
ex-text;!
Missing character: There is no 时 (U+65F6) in font [lmroman10-regular]:mapping=t
ex-text;!
Missing character: There is no 推 (U+63A8) in font [lmroman10-regular]:mapping=t
ex-text;!
Missing character: There is no 送 (U+9001) in font [lmroman10-regular]:mapping=t
ex-text;!
Missing character: There is no 参 (U+53C2) in font [lmroman10-regular]:mapping=t
ex-text;!
Missing character: There is no 数 (U+6570) in font [lmroman10-regular]:mapping=t
ex-text;!
Missing character: There is no 参 (U+53C2) in font [lmroman10-regular]:mapping=t
ex-text;!
Missing character: There is no 数 (U+6570) in font [lmroman10-regular]:mapping=t
ex-text;!
Missing character: There is no 主 (U+4E3B) in font [lmroman10-regular]:mapping=t
ex-text;!
Missing character: There is no 题 (U+9898) in font [lmroman10-regular]:mapping=t
ex-text;!
Missing character: There is no 名 (U+540D) in font [lmroman10-regular]:mapping=t
ex-text;!
Missing character: There is no 称 (U+79F0) in font [lmroman10-regular]:mapping=t
ex-text;!
Missing character: There is no 例 (U+4F8B) in font [lmroman10-regular]:mapping=t
ex-text;!
Missing character: There is no 如 (U+5982) in font [lmroman10-regular]:mapping=t
ex-text;!
Missing character: There is no 推 (U+63A8) in font [lmroman10-regular]:mapping=t
ex-text;!
Missing character: There is no 送 (U+9001) in font [lmroman10-regular]:mapping=t
ex-text;!
Missing character: There is no 周 (U+5468) in font [lmroman10-regular]:mapping=t
ex-text;!
Missing character: There is no 期 (U+671F) in font [lmroman10-regular]:mapping=t
ex-text;!
Missing character: There is no ， (U+FF0C) in font [lmroman10-regular]:mapping=t
ex-text;!
Missing character: There is no 单 (U+5355) in font [lmroman10-regular]:mapping=t
ex-text;!
Missing character: There is no 位 (U+4F4D) in font [lmroman10-regular]:mapping=t
ex-text;!
Missing character: There is no 毫 (U+6BEB) in font [lmroman10-regular]:mapping=t
ex-text;!
Missing character: There is no 秒 (U+79D2) in font [lmroman10-regular]:mapping=t
ex-text;!
Missing character: There is no 表 (U+8868) in font [lmroman10-regular]:mapping=t
ex-text;!
Missing character: There is no 示 (U+793A) in font [lmroman10-regular]:mapping=t
ex-text;!
Missing character: There is no 默 (U+9ED8) in font [lmroman10-regular]:mapping=t
ex-text;!
Missing character: There is no 认 (U+8BA4) in font [lmroman10-regular]:mapping=t
ex-text;!
Missing character: There is no 或 (U+6216) in font [lmroman10-regular]:mapping=t
ex-text;!
Missing character: There is no 仅 (U+4EC5) in font [lmroman10-regular]:mapping=t
ex-text;!
Missing character: There is no 在 (U+5728) in font [lmroman10-regular]:mapping=t
ex-text;!
Missing character: There is no 变 (U+53D8) in font [lmroman10-regular]:mapping=t
ex-text;!
Missing character: There is no 化 (U+5316) in font [lmroman10-regular]:mapping=t
ex-text;!
Missing character: There is no 时 (U+65F6) in font [lmroman10-regular]:mapping=t
ex-text;!
Missing character: There is no 推 (U+63A8) in font [lmroman10-regular]:mapping=t
ex-text;!
Missing character: There is no 送 (U+9001) in font [lmroman10-regular]:mapping=t
ex-text;!
Missing character: There is no 参 (U+53C2) in font [lmroman10-regular]:mapping=t
ex-text;!
Missing character: There is no 数 (U+6570) in font [lmroman10-regular]:mapping=t
ex-text;!
Missing character: There is no 参 (U+53C2) in font [lmroman10-regular]:mapping=t
ex-text;!
Missing character: There is no 数 (U+6570) in font [lmroman10-regular]:mapping=t
ex-text;!
Missing character: There is no 主 (U+4E3B) in font [lmroman10-regular]:mapping=t
ex-text;!
Missing character: There is no 题 (U+9898) in font [lmroman10-regular]:mapping=t
ex-text;!
Missing character: There is no 名 (U+540D) in font [lmroman10-regular]:mapping=t
ex-text;!
Missing character: There is no 称 (U+79F0) in font [lmroman10-regular]:mapping=t
ex-text;!
Missing character: There is no 例 (U+4F8B) in font [lmroman10-regular]:mapping=t
ex-text;!
Missing character: There is no 如 (U+5982) in font [lmroman10-regular]:mapping=t
ex-text;!
Missing character: There is no 推 (U+63A8) in font [lmroman10-regular]:mapping=t
ex-text;!
Missing character: There is no 送 (U+9001) in font [lmroman10-regular]:mapping=t
ex-text;!
Missing character: There is no 周 (U+5468) in font [lmroman10-regular]:mapping=t
ex-text;!
Missing character: There is no 期 (U+671F) in font [lmroman10-regular]:mapping=t
ex-text;!
Missing character: There is no ， (U+FF0C) in font [lmroman10-regular]:mapping=t
ex-text;!
Missing character: There is no 单 (U+5355) in font [lmroman10-regular]:mapping=t
ex-text;!
Missing character: There is no 位 (U+4F4D) in font [lmroman10-regular]:mapping=t
ex-text;!
Missing character: There is no 毫 (U+6BEB) in font [lmroman10-regular]:mapping=t
ex-text;!
Missing character: There is no 秒 (U+79D2) in font [lmroman10-regular]:mapping=t
ex-text;!
Missing character: There is no 表 (U+8868) in font [lmroman10-regular]:mapping=t
ex-text;!
Missing character: There is no 示 (U+793A) in font [lmroman10-regular]:mapping=t
ex-text;!
Missing character: There is no 默 (U+9ED8) in font [lmroman10-regular]:mapping=t
ex-text;!
Missing character: There is no 认 (U+8BA4) in font [lmroman10-regular]:mapping=t
ex-text;!
Missing character: There is no 或 (U+6216) in font [lmroman10-regular]:mapping=t
ex-text;!
Missing character: There is no 仅 (U+4EC5) in font [lmroman10-regular]:mapping=t
ex-text;!
Missing character: There is no 在 (U+5728) in font [lmroman10-regular]:mapping=t
ex-text;!
Missing character: There is no 变 (U+53D8) in font [lmroman10-regular]:mapping=t
ex-text;!
Missing character: There is no 化 (U+5316) in font [lmroman10-regular]:mapping=t
ex-text;!
Missing character: There is no 时 (U+65F6) in font [lmroman10-regular]:mapping=t
ex-text;!
Missing character: There is no 推 (U+63A8) in font [lmroman10-regular]:mapping=t
ex-text;!
Missing character: There is no 送 (U+9001) in font [lmroman10-regular]:mapping=t
ex-text;!

Package longtable Warning: Column widths have changed
(longtable)                in table 5.76 on input line 140.

Missing character: There is no 返 (U+8FD4) in font [lmroman10-regular]:mapping=t
ex-text;!
Missing character: There is no 回 (U+56DE) in font [lmroman10-regular]:mapping=t
ex-text;!

Underfull \hbox (badness 10000) detected at line 141
[][][]
 []

Missing character: There is no 订 (U+8BA2) in font [lmroman10-regular]:mapping=t
ex-text;!
Missing character: There is no 阅 (U+9605) in font [lmroman10-regular]:mapping=t
ex-text;!
Missing character: There is no 指 (U+6307) in font [lmroman10-regular]:mapping=t
ex-text;!
Missing character: There is no 令 (U+4EE4) in font [lmroman10-regular]:mapping=t
ex-text;!
Missing character: There is no 发 (U+53D1) in font [lmroman10-regular]:mapping=t
ex-text;!
Missing character: There is no 送 (U+9001) in font [lmroman10-regular]:mapping=t
ex-text;!
Missing character: There is no 成 (U+6210) in font [lmroman10-regular]:mapping=t
ex-text;!
Missing character: There is no 功 (U+529F) in font [lmroman10-regular]:mapping=t
ex-text;!
Missing character: There is no 返 (U+8FD4) in font [lmroman10-regular]:mapping=t
ex-text;!
Missing character: There is no 回 (U+56DE) in font [lmroman10-regular]:mapping=t
ex-text;!
Missing character: There is no 该 (U+8BE5) in font [lmroman10-regular]:mapping=t
ex-text;!
Missing character: There is no 类 (U+7C7B) in font [lmroman10-regular]:mapping=t
ex-text;!
Missing character: There is no 的 (U+7684) in font [lmroman10-regular]:mapping=t
ex-text;!
Missing character: There is no 文 (U+6587) in font [lmroman10-regular]:mapping=t
ex-text;!
Missing character: There is no 档 (U+6863) in font [lmroman10-regular]:mapping=t
ex-text;!
Missing character: There is no 由 (U+7531) in font [lmroman10-regular]:mapping=t
ex-text;!
Missing character: There is no 以 (U+4EE5) in font [lmroman10-regular]:mapping=t
ex-text;!
Missing character: There is no 下 (U+4E0B) in font [lmroman10-regular]:mapping=t
ex-text;!
Missing character: There is no 文 (U+6587) in font [lmroman10-regular]:mapping=t
ex-text;!
Missing character: There is no 件 (U+4EF6) in font [lmroman10-regular]:mapping=t
ex-text;!
Missing character: There is no 生 (U+751F) in font [lmroman10-regular]:mapping=t
ex-text;!
Missing character: There is no 成 (U+6210) in font [lmroman10-regular]:mapping=t
ex-text;!
) (./structCodroid_1_1FKParams.tex
Missing character: There is no 结 (U+7ED3) in font [lmroman12-regular]:mapping=t
ex-text;!
Missing character: There is no 构 (U+6784) in font [lmroman12-regular]:mapping=t
ex-text;!
Missing character: There is no 体 (U+4F53) in font [lmroman12-regular]:mapping=t
ex-text;!
Missing character: There is no 参 (U+53C2) in font [lmroman12-regular]:mapping=t
ex-text;!
Missing character: There is no 考 (U+8003) in font [lmroman12-regular]:mapping=t
ex-text;!
Missing character: There is no 正 (U+6B63) in font [lmroman10-regular]:mapping=t
ex-text;!
Missing character: There is no 解 (U+89E3) in font [lmroman10-regular]:mapping=t
ex-text;!
Missing character: There is no 参 (U+53C2) in font [lmroman10-regular]:mapping=t
ex-text;!
Missing character: There is no 数 (U+6570) in font [lmroman10-regular]:mapping=t
ex-text;!
Missing character: There is no 结 (U+7ED3) in font [lmroman10-regular]:mapping=t
ex-text;!
Missing character: There is no 构 (U+6784) in font [lmroman10-regular]:mapping=t
ex-text;!
Missing character: There is no 体 (U+4F53) in font [lmroman10-regular]:mapping=t
ex-text;!
Missing character: There is no 成 (U+6210) in font [lmroman12-regular]:mapping=t
ex-text;!
Missing character: There is no 员 (U+5458) in font [lmroman12-regular]:mapping=t
ex-text;!
Missing character: There is no 函 (U+51FD) in font [lmroman12-regular]:mapping=t
ex-text;!
Missing character: There is no 数 (U+6570) in font [lmroman12-regular]:mapping=t
ex-text;!
Missing character: There is no 属 (U+5C5E) in font [lmroman12-regular]:mapping=t
ex-text;!
Missing character: There is no 性 (U+6027) in font [lmroman12-regular]:mapping=t
ex-text;!
Missing character: There is no 必 (U+5FC5) in font [lmroman9-regular]:mapping=te
x-text;!
Missing character: There is no 填 (U+586B) in font [lmroman9-regular]:mapping=te
x-text;!
Missing character: There is no 关 (U+5173) in font [lmroman9-regular]:mapping=te
x-text;!
Missing character: There is no 节 (U+8282) in font [lmroman9-regular]:mapping=te
x-text;!
Missing character: There is no 角 (U+89D2) in font [lmroman9-regular]:mapping=te
x-text;!
Missing character: There is no 单 (U+5355) in font [lmroman9-regular]:mapping=te
x-text;!
Missing character: There is no 位 (U+4F4D) in font [lmroman9-regular]:mapping=te
x-text;!
Missing character: There is no 可 (U+53EF) in font [lmroman9-regular]:mapping=te
x-text;!
Missing character: There is no 选 (U+9009) in font [lmroman9-regular]:mapping=te
x-text;!
Missing character: There is no 用 (U+7528) in font [lmroman9-regular]:mapping=te
x-text;!
Missing character: There is no 户 (U+6237) in font [lmroman9-regular]:mapping=te
x-text;!
Missing character: There is no 坐 (U+5750) in font [lmroman9-regular]:mapping=te
x-text;!
Missing character: There is no 标 (U+6807) in font [lmroman9-regular]:mapping=te
x-text;!
Missing character: There is no 系 (U+7CFB) in font [lmroman9-regular]:mapping=te
x-text;!
Missing character: There is no 不 (U+4E0D) in font [lmroman9-regular]:mapping=te
x-text;!
Missing character: There is no 传 (U+4F20) in font [lmroman9-regular]:mapping=te
x-text;!
Missing character: There is no 则 (U+5219) in font [lmroman9-regular]:mapping=te
x-text;!
Missing character: There is no 不 (U+4E0D) in font [lmroman9-regular]:mapping=te
x-text;!
Missing character: There is no 处 (U+5904) in font [lmroman9-regular]:mapping=te
x-text;!
Missing character: There is no 理 (U+7406) in font [lmroman9-regular]:mapping=te
x-text;!
Missing character: There is no 可 (U+53EF) in font [lmroman9-regular]:mapping=te
x-text;!
Missing character: There is no 选 (U+9009) in font [lmroman9-regular]:mapping=te
x-text;!
Missing character: There is no 工 (U+5DE5) in font [lmroman9-regular]:mapping=te
x-text;!
Missing character: There is no 具 (U+5177) in font [lmroman9-regular]:mapping=te
x-text;!
Missing character: There is no 坐 (U+5750) in font [lmroman9-regular]:mapping=te
x-text;!
Missing character: There is no 标 (U+6807) in font [lmroman9-regular]:mapping=te
x-text;!
Missing character: There is no 系 (U+7CFB) in font [lmroman9-regular]:mapping=te
x-text;!
Missing character: There is no 不 (U+4E0D) in font [lmroman9-regular]:mapping=te
x-text;!
Missing character: There is no 传 (U+4F20) in font [lmroman9-regular]:mapping=te
x-text;!
Missing character: There is no 则 (U+5219) in font [lmroman9-regular]:mapping=te
x-text;!
Missing character: There is no 不 (U+4E0D) in font [lmroman9-regular]:mapping=te
x-text;!
Missing character: There is no 处 (U+5904) in font [lmroman9-regular]:mapping=te
x-text;!
Missing character: There is no 理 (U+7406) in font [lmroman9-regular]:mapping=te
x-text;!
Missing character: There is no 可 (U+53EF) in font [lmroman9-regular]:mapping=te
x-text;!
Missing character: There is no 选 (U+9009) in font [lmroman9-regular]:mapping=te
x-text;!
Missing character: There is no 附 (U+9644) in font [lmroman9-regular]:mapping=te
x-text;!
Missing character: There is no 加 (U+52A0) in font [lmroman9-regular]:mapping=te
x-text;!
Missing character: There is no 轴 (U+8F74) in font [lmroman9-regular]:mapping=te
x-text;!
Missing character: There is no 位 (U+4F4D) in font [lmroman9-regular]:mapping=te
x-text;!
Missing character: There is no 置 (U+7F6E) in font [lmroman9-regular]:mapping=te
x-text;!
Missing character: There is no 详 (U+8BE6) in font [lmroman12-regular]:mapping=t
ex-text;!
Missing character: There is no 细 (U+7EC6) in font [lmroman12-regular]:mapping=t
ex-text;!
Missing character: There is no 描 (U+63CF) in font [lmroman12-regular]:mapping=t
ex-text;!
Missing character: There is no 述 (U+8FF0) in font [lmroman12-regular]:mapping=t
ex-text;!
Missing character: There is no 正 (U+6B63) in font [lmroman10-regular]:mapping=t
ex-text;!
Missing character: There is no 解 (U+89E3) in font [lmroman10-regular]:mapping=t
ex-text;!
Missing character: There is no 参 (U+53C2) in font [lmroman10-regular]:mapping=t
ex-text;!
Missing character: There is no 数 (U+6570) in font [lmroman10-regular]:mapping=t
ex-text;!
Missing character: There is no 结 (U+7ED3) in font [lmroman10-regular]:mapping=t
ex-text;!
Missing character: There is no 构 (U+6784) in font [lmroman10-regular]:mapping=t
ex-text;!
Missing character: There is no 体 (U+4F53) in font [lmroman10-regular]:mapping=t
ex-text;!
Missing character: There is no 该 (U+8BE5) in font [lmroman10-regular]:mapping=t
ex-text;!
Missing character: There is no 结 (U+7ED3) in font [lmroman10-regular]:mapping=t
ex-text;!
Missing character: There is no 构 (U+6784) in font [lmroman10-regular]:mapping=t
ex-text;!
Missing character: There is no 体 (U+4F53) in font [lmroman10-regular]:mapping=t
ex-text;!
Missing character: There is no 的 (U+7684) in font [lmroman10-regular]:mapping=t
ex-text;!
Missing character: There is no 文 (U+6587) in font [lmroman10-regular]:mapping=t
ex-text;!
Missing character: There is no 档 (U+6863) in font [lmroman10-regular]:mapping=t
ex-text;!
Missing character: There is no 由 (U+7531) in font [lmroman10-regular]:mapping=t
ex-text;!
Missing character: There is no 以 (U+4EE5) in font [lmroman10-regular]:mapping=t
ex-text;!
Missing character: There is no 下 (U+4E0B) in font [lmroman10-regular]:mapping=t
ex-text;!
Missing character: There is no 文 (U+6587) in font [lmroman10-regular]:mapping=t
ex-text;!
Missing character: There is no 件 (U+4EF6) in font [lmroman10-regular]:mapping=t
ex-text;!
Missing character: There is no 生 (U+751F) in font [lmroman10-regular]:mapping=t
ex-text;!
Missing character: There is no 成 (U+6210) in font [lmroman10-regular]:mapping=t
ex-text;!
) (./structCodroid_1_1IKParams.tex
Missing character: There is no 结 (U+7ED3) in font [lmroman12-regular]:mapping=t
ex-text;!
Missing character: There is no 构 (U+6784) in font [lmroman12-regular]:mapping=t
ex-text;!
Missing character: There is no 体 (U+4F53) in font [lmroman12-regular]:mapping=t
ex-text;!
Missing character: There is no 参 (U+53C2) in font [lmroman12-regular]:mapping=t
ex-text;!
Missing character: There is no 考 (U+8003) in font [lmroman12-regular]:mapping=t
ex-text;!
Missing character: There is no 逆 (U+9006) in font [lmroman10-regular]:mapping=t
ex-text;!
Missing character: There is no 解 (U+89E3) in font [lmroman10-regular]:mapping=t
ex-text;!
Missing character: There is no 参 (U+53C2) in font [lmroman10-regular]:mapping=t
ex-text;!
Missing character: There is no 数 (U+6570) in font [lmroman10-regular]:mapping=t
ex-text;!
Missing character: There is no 结 (U+7ED3) in font [lmroman10-regular]:mapping=t
ex-text;!
Missing character: There is no 构 (U+6784) in font [lmroman10-regular]:mapping=t
ex-text;!
Missing character: There is no 体 (U+4F53) in font [lmroman10-regular]:mapping=t
ex-text;!
Missing character: There is no 结 (U+7ED3) in font [lmroman10-regular]:mapping=t
ex-text;!
Missing character: There is no 构 (U+6784) in font [lmroman10-regular]:mapping=t
ex-text;!
Missing character: There is no 体 (U+4F53) in font [lmroman10-regular]:mapping=t
ex-text;!
Missing character: There is no 参 (U+53C2) in font [lmroman10-regular]:mapping=t
ex-text;!
Missing character: There is no 考 (U+8003) in font [lmroman10-regular]:mapping=t
ex-text;!
Missing character: There is no 制 (U+5236) in font [lmroman7-regular]:mapping=te
x-text;!
Missing character: There is no 作 (U+4F5C) in font [lmroman7-regular]:mapping=te
x-text;!
Missing character: There is no 者 (U+8005) in font [lmroman7-regular]:mapping=te
x-text;!
[43]
Missing character: There is no 成 (U+6210) in font [lmroman12-regular]:mapping=t
ex-text;!
Missing character: There is no 员 (U+5458) in font [lmroman12-regular]:mapping=t
ex-text;!
Missing character: There is no 函 (U+51FD) in font [lmroman12-regular]:mapping=t
ex-text;!
Missing character: There is no 数 (U+6570) in font [lmroman12-regular]:mapping=t
ex-text;!
Missing character: There is no 属 (U+5C5E) in font [lmroman12-regular]:mapping=t
ex-text;!
Missing character: There is no 性 (U+6027) in font [lmroman12-regular]:mapping=t
ex-text;!
Missing character: There is no 必 (U+5FC5) in font [lmroman9-regular]:mapping=te
x-text;!
Missing character: There is no 填 (U+586B) in font [lmroman9-regular]:mapping=te
x-text;!
Missing character: There is no 笛 (U+7B1B) in font [lmroman9-regular]:mapping=te
x-text;!
Missing character: There is no 卡 (U+5361) in font [lmroman9-regular]:mapping=te
x-text;!
Missing character: There is no 尔 (U+5C14) in font [lmroman9-regular]:mapping=te
x-text;!
Missing character: There is no 末 (U+672B) in font [lmroman9-regular]:mapping=te
x-text;!
Missing character: There is no 端 (U+7AEF) in font [lmroman9-regular]:mapping=te
x-text;!
Missing character: There is no 位 (U+4F4D) in font [lmroman9-regular]:mapping=te
x-text;!
Missing character: There is no 置 (U+7F6E) in font [lmroman9-regular]:mapping=te
x-text;!
Missing character: There is no 单 (U+5355) in font [lmroman9-regular]:mapping=te
x-text;!
Missing character: There is no 位 (U+4F4D) in font [lmroman9-regular]:mapping=te
x-text;!
Missing character: There is no 可 (U+53EF) in font [lmroman9-regular]:mapping=te
x-text;!
Missing character: There is no 选 (U+9009) in font [lmroman9-regular]:mapping=te
x-text;!
Missing character: There is no 参 (U+53C2) in font [lmroman9-regular]:mapping=te
x-text;!
Missing character: There is no 考 (U+8003) in font [lmroman9-regular]:mapping=te
x-text;!
Missing character: There is no 关 (U+5173) in font [lmroman9-regular]:mapping=te
x-text;!
Missing character: There is no 节 (U+8282) in font [lmroman9-regular]:mapping=te
x-text;!
Missing character: There is no 角 (U+89D2) in font [lmroman9-regular]:mapping=te
x-text;!
Missing character: There is no 默 (U+9ED8) in font [lmroman9-regular]:mapping=te
x-text;!
Missing character: There is no 认 (U+8BA4) in font [lmroman9-regular]:mapping=te
x-text;!
Missing character: There is no 可 (U+53EF) in font [lmroman9-regular]:mapping=te
x-text;!
Missing character: There is no 选 (U+9009) in font [lmroman9-regular]:mapping=te
x-text;!
Missing character: There is no 附 (U+9644) in font [lmroman9-regular]:mapping=te
x-text;!
Missing character: There is no 加 (U+52A0) in font [lmroman9-regular]:mapping=te
x-text;!
Missing character: There is no 轴 (U+8F74) in font [lmroman9-regular]:mapping=te
x-text;!
Missing character: There is no 位 (U+4F4D) in font [lmroman9-regular]:mapping=te
x-text;!
Missing character: There is no 置 (U+7F6E) in font [lmroman9-regular]:mapping=te
x-text;!
Missing character: There is no 详 (U+8BE6) in font [lmroman12-regular]:mapping=t
ex-text;!
Missing character: There is no 细 (U+7EC6) in font [lmroman12-regular]:mapping=t
ex-text;!
Missing character: There is no 描 (U+63CF) in font [lmroman12-regular]:mapping=t
ex-text;!
Missing character: There is no 述 (U+8FF0) in font [lmroman12-regular]:mapping=t
ex-text;!
Missing character: There is no 逆 (U+9006) in font [lmroman10-regular]:mapping=t
ex-text;!
Missing character: There is no 解 (U+89E3) in font [lmroman10-regular]:mapping=t
ex-text;!
Missing character: There is no 参 (U+53C2) in font [lmroman10-regular]:mapping=t
ex-text;!
Missing character: There is no 数 (U+6570) in font [lmroman10-regular]:mapping=t
ex-text;!
Missing character: There is no 结 (U+7ED3) in font [lmroman10-regular]:mapping=t
ex-text;!
Missing character: There is no 构 (U+6784) in font [lmroman10-regular]:mapping=t
ex-text;!
Missing character: There is no 体 (U+4F53) in font [lmroman10-regular]:mapping=t
ex-text;!
Missing character: There is no 该 (U+8BE5) in font [lmroman10-regular]:mapping=t
ex-text;!
Missing character: There is no 结 (U+7ED3) in font [lmroman10-regular]:mapping=t
ex-text;!
Missing character: There is no 构 (U+6784) in font [lmroman10-regular]:mapping=t
ex-text;!
Missing character: There is no 体 (U+4F53) in font [lmroman10-regular]:mapping=t
ex-text;!
Missing character: There is no 的 (U+7684) in font [lmroman10-regular]:mapping=t
ex-text;!
Missing character: There is no 文 (U+6587) in font [lmroman10-regular]:mapping=t
ex-text;!
Missing character: There is no 档 (U+6863) in font [lmroman10-regular]:mapping=t
ex-text;!
Missing character: There is no 由 (U+7531) in font [lmroman10-regular]:mapping=t
ex-text;!
Missing character: There is no 以 (U+4EE5) in font [lmroman10-regular]:mapping=t
ex-text;!
Missing character: There is no 下 (U+4E0B) in font [lmroman10-regular]:mapping=t
ex-text;!
Missing character: There is no 文 (U+6587) in font [lmroman10-regular]:mapping=t
ex-text;!
Missing character: There is no 件 (U+4EF6) in font [lmroman10-regular]:mapping=t
ex-text;!
Missing character: There is no 生 (U+751F) in font [lmroman10-regular]:mapping=t
ex-text;!
Missing character: There is no 成 (U+6210) in font [lmroman10-regular]:mapping=t
ex-text;!
) (./structCodroid_1_1IOInfo.tex
Missing character: There is no 结 (U+7ED3) in font [lmroman12-regular]:mapping=t
ex-text;!
Missing character: There is no 构 (U+6784) in font [lmroman12-regular]:mapping=t
ex-text;!
Missing character: There is no 体 (U+4F53) in font [lmroman12-regular]:mapping=t
ex-text;!
Missing character: There is no 参 (U+53C2) in font [lmroman12-regular]:mapping=t
ex-text;!
Missing character: There is no 考 (U+8003) in font [lmroman12-regular]:mapping=t
ex-text;!
Missing character: There is no 信 (U+4FE1) in font [lmroman10-regular]:mapping=t
ex-text;!
Missing character: There is no 息 (U+606F) in font [lmroman10-regular]:mapping=t
ex-text;!
Missing character: There is no 结 (U+7ED3) in font [lmroman10-regular]:mapping=t
ex-text;!
Missing character: There is no 构 (U+6784) in font [lmroman10-regular]:mapping=t
ex-text;!
Missing character: There is no 体 (U+4F53) in font [lmroman10-regular]:mapping=t
ex-text;!
Missing character: There is no 成 (U+6210) in font [lmroman12-regular]:mapping=t
ex-text;!
Missing character: There is no 员 (U+5458) in font [lmroman12-regular]:mapping=t
ex-text;!
Missing character: There is no 函 (U+51FD) in font [lmroman12-regular]:mapping=t
ex-text;!
Missing character: There is no 数 (U+6570) in font [lmroman12-regular]:mapping=t
ex-text;!
Missing character: There is no 属 (U+5C5E) in font [lmroman12-regular]:mapping=t
ex-text;!
Missing character: There is no 性 (U+6027) in font [lmroman12-regular]:mapping=t
ex-text;!
Missing character: There is no 类 (U+7C7B) in font [lmroman9-regular]:mapping=te
x-text;!
Missing character: There is no 型 (U+578B) in font [lmroman9-regular]:mapping=te
x-text;!
Missing character: There is no 端 (U+7AEF) in font [lmroman9-regular]:mapping=te
x-text;!
Missing character: There is no 口 (U+53E3) in font [lmroman9-regular]:mapping=te
x-text;!
Missing character: There is no 号 (U+53F7) in font [lmroman9-regular]:mapping=te
x-text;!
Missing character: There is no 数 (U+6570) in font [lmroman9-regular]:mapping=te
x-text;!
Missing character: There is no 值 (U+503C) in font [lmroman9-regular]:mapping=te
x-text;!
Missing character: There is no 详 (U+8BE6) in font [lmroman12-regular]:mapping=t
ex-text;!
Missing character: There is no 细 (U+7EC6) in font [lmroman12-regular]:mapping=t
ex-text;!
Missing character: There is no 描 (U+63CF) in font [lmroman12-regular]:mapping=t
ex-text;!
Missing character: There is no 述 (U+8FF0) in font [lmroman12-regular]:mapping=t
ex-text;!
Missing character: There is no 信 (U+4FE1) in font [lmroman10-regular]:mapping=t
ex-text;!
Missing character: There is no 息 (U+606F) in font [lmroman10-regular]:mapping=t
ex-text;!
Missing character: There is no 结 (U+7ED3) in font [lmroman10-regular]:mapping=t
ex-text;!
Missing character: There is no 构 (U+6784) in font [lmroman10-regular]:mapping=t
ex-text;!
Missing character: There is no 体 (U+4F53) in font [lmroman10-regular]:mapping=t
ex-text;!
Missing character: There is no 该 (U+8BE5) in font [lmroman10-regular]:mapping=t
ex-text;!
Missing character: There is no 结 (U+7ED3) in font [lmroman10-regular]:mapping=t
ex-text;!
Missing character: There is no 构 (U+6784) in font [lmroman10-regular]:mapping=t
ex-text;!
Missing character: There is no 体 (U+4F53) in font [lmroman10-regular]:mapping=t
ex-text;!
Missing character: There is no 的 (U+7684) in font [lmroman10-regular]:mapping=t
ex-text;!
Missing character: There is no 文 (U+6587) in font [lmroman10-regular]:mapping=t
ex-text;!
Missing character: There is no 档 (U+6863) in font [lmroman10-regular]:mapping=t
ex-text;!
Missing character: There is no 由 (U+7531) in font [lmroman10-regular]:mapping=t
ex-text;!
Missing character: There is no 以 (U+4EE5) in font [lmroman10-regular]:mapping=t
ex-text;!
Missing character: There is no 下 (U+4E0B) in font [lmroman10-regular]:mapping=t
ex-text;!
Missing character: There is no 文 (U+6587) in font [lmroman10-regular]:mapping=t
ex-text;!
Missing character: There is no 件 (U+4EF6) in font [lmroman10-regular]:mapping=t
ex-text;!
Missing character: There is no 生 (U+751F) in font [lmroman10-regular]:mapping=t
ex-text;!
Missing character: There is no 成 (U+6210) in font [lmroman10-regular]:mapping=t
ex-text;!
Missing character: There is no 类 (U+7C7B) in font [lmroman10-regular]:mapping=t
ex-text;!
Missing character: There is no 说 (U+8BF4) in font [lmroman10-regular]:mapping=t
ex-text;!
Missing character: There is no 明 (U+660E) in font [lmroman10-regular]:mapping=t
ex-text;!
Missing character: There is no 制 (U+5236) in font [lmroman7-regular]:mapping=te
x-text;!
Missing character: There is no 作 (U+4F5C) in font [lmroman7-regular]:mapping=te
x-text;!
Missing character: There is no 者 (U+8005) in font [lmroman7-regular]:mapping=te
x-text;!
[44]) (./structCodroid_1_1JogParams.tex
Missing character: There is no 结 (U+7ED3) in font [lmroman12-regular]:mapping=t
ex-text;!
Missing character: There is no 构 (U+6784) in font [lmroman12-regular]:mapping=t
ex-text;!
Missing character: There is no 体 (U+4F53) in font [lmroman12-regular]:mapping=t
ex-text;!
Missing character: There is no 参 (U+53C2) in font [lmroman12-regular]:mapping=t
ex-text;!
Missing character: There is no 考 (U+8003) in font [lmroman12-regular]:mapping=t
ex-text;!
Missing character: There is no 点 (U+70B9) in font [lmroman10-regular]:mapping=t
ex-text;!
Missing character: There is no 动 (U+52A8) in font [lmroman10-regular]:mapping=t
ex-text;!
Missing character: There is no 参 (U+53C2) in font [lmroman10-regular]:mapping=t
ex-text;!
Missing character: There is no 数 (U+6570) in font [lmroman10-regular]:mapping=t
ex-text;!
Missing character: There is no 结 (U+7ED3) in font [lmroman10-regular]:mapping=t
ex-text;!
Missing character: There is no 构 (U+6784) in font [lmroman10-regular]:mapping=t
ex-text;!
Missing character: There is no 体 (U+4F53) in font [lmroman10-regular]:mapping=t
ex-text;!
Missing character: There is no 成 (U+6210) in font [lmroman12-regular]:mapping=t
ex-text;!
Missing character: There is no 员 (U+5458) in font [lmroman12-regular]:mapping=t
ex-text;!
Missing character: There is no 函 (U+51FD) in font [lmroman12-regular]:mapping=t
ex-text;!
Missing character: There is no 数 (U+6570) in font [lmroman12-regular]:mapping=t
ex-text;!
Missing character: There is no 属 (U+5C5E) in font [lmroman12-regular]:mapping=t
ex-text;!
Missing character: There is no 性 (U+6027) in font [lmroman12-regular]:mapping=t
ex-text;!
Missing character: There is no 关 (U+5173) in font [lmroman9-regular]:mapping=te
x-text;!
Missing character: There is no 节 (U+8282) in font [lmroman9-regular]:mapping=te
x-text;!
Missing character: There is no 点 (U+70B9) in font [lmroman9-regular]:mapping=te
x-text;!
Missing character: There is no 动 (U+52A8) in font [lmroman9-regular]:mapping=te
x-text;!
Missing character: There is no 直 (U+76F4) in font [lmroman9-regular]:mapping=te
x-text;!
Missing character: There is no 线 (U+7EBF) in font [lmroman9-regular]:mapping=te
x-text;!
Missing character: There is no 点 (U+70B9) in font [lmroman9-regular]:mapping=te
x-text;!
Missing character: There is no 动 (U+52A8) in font [lmroman9-regular]:mapping=te
x-text;!
Missing character: There is no 速 (U+901F) in font [lmroman9-regular]:mapping=te
x-text;!
Missing character: There is no 度 (U+5EA6) in font [lmroman9-regular]:mapping=te
x-text;!
Missing character: There is no 范 (U+8303) in font [lmroman9-regular]:mapping=te
x-text;!
Missing character: There is no 围 (U+56F4) in font [lmroman9-regular]:mapping=te
x-text;!
Missing character: There is no 轴 (U+8F74) in font [lmroman9-regular]:mapping=te
x-text;!
Missing character: There is no 关 (U+5173) in font [lmroman9-regular]:mapping=te
x-text;!
Missing character: There is no 节 (U+8282) in font [lmroman9-regular]:mapping=te
x-text;!
Missing character: There is no 序 (U+5E8F) in font [lmroman9-regular]:mapping=te
x-text;!
Missing character: There is no 号 (U+53F7) in font [lmroman9-regular]:mapping=te
x-text;!
Missing character: There is no 用 (U+7528) in font [lmroman9-regular]:mapping=te
x-text;!
Missing character: There is no 户 (U+6237) in font [lmroman9-regular]:mapping=te
x-text;!
Missing character: There is no 系 (U+7CFB) in font [lmroman9-regular]:mapping=te
x-text;!
Missing character: There is no 工 (U+5DE5) in font [lmroman9-regular]:mapping=te
x-text;!
Missing character: There is no 具 (U+5177) in font [lmroman9-regular]:mapping=te
x-text;!
Missing character: There is no 系 (U+7CFB) in font [lmroman9-regular]:mapping=te
x-text;!
Missing character: There is no 坐 (U+5750) in font [lmroman9-regular]:mapping=te
x-text;!
Missing character: There is no 标 (U+6807) in font [lmroman9-regular]:mapping=te
x-text;!
Missing character: There is no 系 (U+7CFB) in font [lmroman9-regular]:mapping=te
x-text;!
Missing character: There is no 详 (U+8BE6) in font [lmroman12-regular]:mapping=t
ex-text;!
Missing character: There is no 细 (U+7EC6) in font [lmroman12-regular]:mapping=t
ex-text;!
Missing character: There is no 描 (U+63CF) in font [lmroman12-regular]:mapping=t
ex-text;!
Missing character: There is no 述 (U+8FF0) in font [lmroman12-regular]:mapping=t
ex-text;!
Missing character: There is no 点 (U+70B9) in font [lmroman10-regular]:mapping=t
ex-text;!
Missing character: There is no 动 (U+52A8) in font [lmroman10-regular]:mapping=t
ex-text;!
Missing character: There is no 参 (U+53C2) in font [lmroman10-regular]:mapping=t
ex-text;!
Missing character: There is no 数 (U+6570) in font [lmroman10-regular]:mapping=t
ex-text;!
Missing character: There is no 结 (U+7ED3) in font [lmroman10-regular]:mapping=t
ex-text;!
Missing character: There is no 构 (U+6784) in font [lmroman10-regular]:mapping=t
ex-text;!
Missing character: There is no 体 (U+4F53) in font [lmroman10-regular]:mapping=t
ex-text;!
Missing character: There is no 该 (U+8BE5) in font [lmroman10-regular]:mapping=t
ex-text;!
Missing character: There is no 结 (U+7ED3) in font [lmroman10-regular]:mapping=t
ex-text;!
Missing character: There is no 构 (U+6784) in font [lmroman10-regular]:mapping=t
ex-text;!
Missing character: There is no 体 (U+4F53) in font [lmroman10-regular]:mapping=t
ex-text;!
Missing character: There is no 的 (U+7684) in font [lmroman10-regular]:mapping=t
ex-text;!
Missing character: There is no 文 (U+6587) in font [lmroman10-regular]:mapping=t
ex-text;!
Missing character: There is no 档 (U+6863) in font [lmroman10-regular]:mapping=t
ex-text;!
Missing character: There is no 由 (U+7531) in font [lmroman10-regular]:mapping=t
ex-text;!
Missing character: There is no 以 (U+4EE5) in font [lmroman10-regular]:mapping=t
ex-text;!
Missing character: There is no 下 (U+4E0B) in font [lmroman10-regular]:mapping=t
ex-text;!
Missing character: There is no 文 (U+6587) in font [lmroman10-regular]:mapping=t
ex-text;!
Missing character: There is no 件 (U+4EF6) in font [lmroman10-regular]:mapping=t
ex-text;!
Missing character: There is no 生 (U+751F) in font [lmroman10-regular]:mapping=t
ex-text;!
Missing character: There is no 成 (U+6210) in font [lmroman10-regular]:mapping=t
ex-text;!
) (./structCodroid_1_1MoveInstruction.tex
Missing character: There is no 结 (U+7ED3) in font [lmroman12-regular]:mapping=t
ex-text;!
Missing character: There is no 构 (U+6784) in font [lmroman12-regular]:mapping=t
ex-text;!
Missing character: There is no 体 (U+4F53) in font [lmroman12-regular]:mapping=t
ex-text;!
Missing character: There is no 参 (U+53C2) in font [lmroman12-regular]:mapping=t
ex-text;!
Missing character: There is no 考 (U+8003) in font [lmroman12-regular]:mapping=t
ex-text;!
Missing character: There is no 单 (U+5355) in font [lmroman10-regular]:mapping=t
ex-text;!
Missing character: There is no 条 (U+6761) in font [lmroman10-regular]:mapping=t
ex-text;!
Missing character: There is no 运 (U+8FD0) in font [lmroman10-regular]:mapping=t
ex-text;!
Missing character: There is no 动 (U+52A8) in font [lmroman10-regular]:mapping=t
ex-text;!
Missing character: There is no 指 (U+6307) in font [lmroman10-regular]:mapping=t
ex-text;!
Missing character: There is no 令 (U+4EE4) in font [lmroman10-regular]:mapping=t
ex-text;!
Missing character: There is no 详 (U+8BE6) in font [lmroman10-regular]:mapping=t
ex-text;!
Missing character: There is no 情 (U+60C5) in font [lmroman10-regular]:mapping=t
ex-text;!
Missing character: There is no 属 (U+5C5E) in font [lmroman12-regular]:mapping=t
ex-text;!
Missing character: There is no 性 (U+6027) in font [lmroman12-regular]:mapping=t
ex-text;!
Missing character: There is no 运 (U+8FD0) in font [lmroman9-regular]:mapping=te
x-text;!
Missing character: There is no 动 (U+52A8) in font [lmroman9-regular]:mapping=te
x-text;!
Missing character: There is no 类 (U+7C7B) in font [lmroman9-regular]:mapping=te
x-text;!
Missing character: There is no 型 (U+578B) in font [lmroman9-regular]:mapping=te
x-text;!
Missing character: There is no 结 (U+7ED3) in font [lmroman10-regular]:mapping=t
ex-text;!
Missing character: There is no 构 (U+6784) in font [lmroman10-regular]:mapping=t
ex-text;!
Missing character: There is no 体 (U+4F53) in font [lmroman10-regular]:mapping=t
ex-text;!
Missing character: There is no 参 (U+53C2) in font [lmroman10-regular]:mapping=t
ex-text;!
Missing character: There is no 考 (U+8003) in font [lmroman10-regular]:mapping=t
ex-text;!
Missing character: There is no 制 (U+5236) in font [lmroman7-regular]:mapping=te
x-text;!
Missing character: There is no 作 (U+4F5C) in font [lmroman7-regular]:mapping=te
x-text;!
Missing character: There is no 者 (U+8005) in font [lmroman7-regular]:mapping=te
x-text;!
[45]
Missing character: There is no 运 (U+8FD0) in font [lmroman9-regular]:mapping=te
x-text;!
Missing character: There is no 动 (U+52A8) in font [lmroman9-regular]:mapping=te
x-text;!
Missing character: There is no 速 (U+901F) in font [lmroman9-regular]:mapping=te
x-text;!
Missing character: There is no 度 (U+5EA6) in font [lmroman9-regular]:mapping=te
x-text;!
Missing character: There is no 加 (U+52A0) in font [lmroman9-regular]:mapping=te
x-text;!
Missing character: There is no 速 (U+901F) in font [lmroman9-regular]:mapping=te
x-text;!
Missing character: There is no 度 (U+5EA6) in font [lmroman9-regular]:mapping=te
x-text;!
Missing character: There is no 过 (U+8FC7) in font [lmroman9-regular]:mapping=te
x-text;!
Missing character: There is no 渡 (U+6E21) in font [lmroman9-regular]:mapping=te
x-text;!
Missing character: There is no 半 (U+534A) in font [lmroman9-regular]:mapping=te
x-text;!
Missing character: There is no 径 (U+5F84) in font [lmroman9-regular]:mapping=te
x-text;!
Missing character: There is no 相 (U+76F8) in font [lmroman9-regular]:mapping=te
x-text;!
Missing character: There is no 对 (U+5BF9) in font [lmroman9-regular]:mapping=te
x-text;!
Missing character: There is no 过 (U+8FC7) in font [lmroman9-regular]:mapping=te
x-text;!
Missing character: There is no 渡 (U+6E21) in font [lmroman9-regular]:mapping=te
x-text;!
Missing character: There is no 百 (U+767E) in font [lmroman9-regular]:mapping=te
x-text;!
Missing character: There is no 分 (U+5206) in font [lmroman9-regular]:mapping=te
x-text;!
Missing character: There is no 比 (U+6BD4) in font [lmroman9-regular]:mapping=te
x-text;!
Missing character: There is no 圆 (U+5706) in font [lmroman9-regular]:mapping=te
x-text;!
Missing character: There is no 周 (U+5468) in font [lmroman9-regular]:mapping=te
x-text;!
Missing character: There is no 运 (U+8FD0) in font [lmroman9-regular]:mapping=te
x-text;!
Missing character: There is no 动 (U+52A8) in font [lmroman9-regular]:mapping=te
x-text;!
Missing character: There is no 圈 (U+5708) in font [lmroman9-regular]:mapping=te
x-text;!
Missing character: There is no 数 (U+6570) in font [lmroman9-regular]:mapping=te
x-text;!
Missing character: There is no 目 (U+76EE) in font [lmroman9-regular]:mapping=te
x-text;!
Missing character: There is no 标 (U+6807) in font [lmroman9-regular]:mapping=te
x-text;!
Missing character: There is no 点 (U+70B9) in font [lmroman9-regular]:mapping=te
x-text;!
Missing character: There is no 中 (U+4E2D) in font [lmroman9-regular]:mapping=te
x-text;!
Missing character: There is no 间 (U+95F4) in font [lmroman9-regular]:mapping=te
x-text;!
Missing character: There is no 点 (U+70B9) in font [lmroman9-regular]:mapping=te
x-text;!
Missing character: There is no 用 (U+7528) in font [lmroman9-regular]:mapping=te
x-text;!
Missing character: There is no 户 (U+6237) in font [lmroman9-regular]:mapping=te
x-text;!
Missing character: There is no 坐 (U+5750) in font [lmroman9-regular]:mapping=te
x-text;!
Missing character: There is no 标 (U+6807) in font [lmroman9-regular]:mapping=te
x-text;!
Missing character: There is no 系 (U+7CFB) in font [lmroman9-regular]:mapping=te
x-text;!
Missing character: There is no 工 (U+5DE5) in font [lmroman9-regular]:mapping=te
x-text;!
Missing character: There is no 具 (U+5177) in font [lmroman9-regular]:mapping=te
x-text;!
Missing character: There is no 坐 (U+5750) in font [lmroman9-regular]:mapping=te
x-text;!
Missing character: There is no 标 (U+6807) in font [lmroman9-regular]:mapping=te
x-text;!
Missing character: There is no 系 (U+7CFB) in font [lmroman9-regular]:mapping=te
x-text;!
Missing character: There is no 详 (U+8BE6) in font [lmroman12-regular]:mapping=t
ex-text;!
Missing character: There is no 细 (U+7EC6) in font [lmroman12-regular]:mapping=t
ex-text;!
Missing character: There is no 描 (U+63CF) in font [lmroman12-regular]:mapping=t
ex-text;!
Missing character: There is no 述 (U+8FF0) in font [lmroman12-regular]:mapping=t
ex-text;!
Missing character: There is no 单 (U+5355) in font [lmroman10-regular]:mapping=t
ex-text;!
Missing character: There is no 条 (U+6761) in font [lmroman10-regular]:mapping=t
ex-text;!
Missing character: There is no 运 (U+8FD0) in font [lmroman10-regular]:mapping=t
ex-text;!
Missing character: There is no 动 (U+52A8) in font [lmroman10-regular]:mapping=t
ex-text;!
Missing character: There is no 指 (U+6307) in font [lmroman10-regular]:mapping=t
ex-text;!
Missing character: There is no 令 (U+4EE4) in font [lmroman10-regular]:mapping=t
ex-text;!
Missing character: There is no 详 (U+8BE6) in font [lmroman10-regular]:mapping=t
ex-text;!
Missing character: There is no 情 (U+60C5) in font [lmroman10-regular]:mapping=t
ex-text;!
Missing character: There is no 该 (U+8BE5) in font [lmroman10-regular]:mapping=t
ex-text;!
Missing character: There is no 结 (U+7ED3) in font [lmroman10-regular]:mapping=t
ex-text;!
Missing character: There is no 构 (U+6784) in font [lmroman10-regular]:mapping=t
ex-text;!
Missing character: There is no 体 (U+4F53) in font [lmroman10-regular]:mapping=t
ex-text;!
Missing character: There is no 的 (U+7684) in font [lmroman10-regular]:mapping=t
ex-text;!
Missing character: There is no 文 (U+6587) in font [lmroman10-regular]:mapping=t
ex-text;!
Missing character: There is no 档 (U+6863) in font [lmroman10-regular]:mapping=t
ex-text;!
Missing character: There is no 由 (U+7531) in font [lmroman10-regular]:mapping=t
ex-text;!
Missing character: There is no 以 (U+4EE5) in font [lmroman10-regular]:mapping=t
ex-text;!
Missing character: There is no 下 (U+4E0B) in font [lmroman10-regular]:mapping=t
ex-text;!
Missing character: There is no 文 (U+6587) in font [lmroman10-regular]:mapping=t
ex-text;!
Missing character: There is no 件 (U+4EF6) in font [lmroman10-regular]:mapping=t
ex-text;!
Missing character: There is no 生 (U+751F) in font [lmroman10-regular]:mapping=t
ex-text;!
Missing character: There is no 成 (U+6210) in font [lmroman10-regular]:mapping=t
ex-text;!
) (./structCodroid_1_1MoveToParams.tex
Missing character: There is no 结 (U+7ED3) in font [lmroman12-regular]:mapping=t
ex-text;!
Missing character: There is no 构 (U+6784) in font [lmroman12-regular]:mapping=t
ex-text;!
Missing character: There is no 体 (U+4F53) in font [lmroman12-regular]:mapping=t
ex-text;!
Missing character: There is no 参 (U+53C2) in font [lmroman12-regular]:mapping=t
ex-text;!
Missing character: There is no 考 (U+8003) in font [lmroman12-regular]:mapping=t
ex-text;!
Missing character: There is no 运 (U+8FD0) in font [lmroman10-regular]:mapping=t
ex-text;!
Missing character: There is no 动 (U+52A8) in font [lmroman10-regular]:mapping=t
ex-text;!
Missing character: There is no 参 (U+53C2) in font [lmroman10-regular]:mapping=t
ex-text;!
Missing character: There is no 数 (U+6570) in font [lmroman10-regular]:mapping=t
ex-text;!
Missing character: There is no 成 (U+6210) in font [lmroman12-regular]:mapping=t
ex-text;!
Missing character: There is no 员 (U+5458) in font [lmroman12-regular]:mapping=t
ex-text;!
Missing character: There is no 函 (U+51FD) in font [lmroman12-regular]:mapping=t
ex-text;!
Missing character: There is no 数 (U+6570) in font [lmroman12-regular]:mapping=t
ex-text;!
Missing character: There is no 属 (U+5C5E) in font [lmroman12-regular]:mapping=t
ex-text;!
Missing character: There is no 性 (U+6027) in font [lmroman12-regular]:mapping=t
ex-text;!
Missing character: There is no 可 (U+53EF) in font [lmroman9-regular]:mapping=te
x-text;!
Missing character: There is no 选 (U+9009) in font [lmroman9-regular]:mapping=te
x-text;!
Missing character: There is no 目 (U+76EE) in font [lmroman9-regular]:mapping=te
x-text;!
Missing character: There is no 标 (U+6807) in font [lmroman9-regular]:mapping=te
x-text;!
Missing character: There is no 位 (U+4F4D) in font [lmroman9-regular]:mapping=te
x-text;!
Missing character: There is no 置 (U+7F6E) in font [lmroman9-regular]:mapping=te
x-text;!
Missing character: There is no 详 (U+8BE6) in font [lmroman12-regular]:mapping=t
ex-text;!
Missing character: There is no 细 (U+7EC6) in font [lmroman12-regular]:mapping=t
ex-text;!
Missing character: There is no 描 (U+63CF) in font [lmroman12-regular]:mapping=t
ex-text;!
Missing character: There is no 述 (U+8FF0) in font [lmroman12-regular]:mapping=t
ex-text;!
Missing character: There is no 运 (U+8FD0) in font [lmroman10-regular]:mapping=t
ex-text;!
Missing character: There is no 动 (U+52A8) in font [lmroman10-regular]:mapping=t
ex-text;!
Missing character: There is no 参 (U+53C2) in font [lmroman10-regular]:mapping=t
ex-text;!
Missing character: There is no 数 (U+6570) in font [lmroman10-regular]:mapping=t
ex-text;!
Missing character: There is no 类 (U+7C7B) in font [lmroman10-regular]:mapping=t
ex-text;!
Missing character: There is no 说 (U+8BF4) in font [lmroman10-regular]:mapping=t
ex-text;!
Missing character: There is no 明 (U+660E) in font [lmroman10-regular]:mapping=t
ex-text;!
Missing character: There is no 制 (U+5236) in font [lmroman7-regular]:mapping=te
x-text;!
Missing character: There is no 作 (U+4F5C) in font [lmroman7-regular]:mapping=te
x-text;!
Missing character: There is no 者 (U+8005) in font [lmroman7-regular]:mapping=te
x-text;!
[46]
Missing character: There is no 该 (U+8BE5) in font [lmroman10-regular]:mapping=t
ex-text;!
Missing character: There is no 结 (U+7ED3) in font [lmroman10-regular]:mapping=t
ex-text;!
Missing character: There is no 构 (U+6784) in font [lmroman10-regular]:mapping=t
ex-text;!
Missing character: There is no 体 (U+4F53) in font [lmroman10-regular]:mapping=t
ex-text;!
Missing character: There is no 的 (U+7684) in font [lmroman10-regular]:mapping=t
ex-text;!
Missing character: There is no 文 (U+6587) in font [lmroman10-regular]:mapping=t
ex-text;!
Missing character: There is no 档 (U+6863) in font [lmroman10-regular]:mapping=t
ex-text;!
Missing character: There is no 由 (U+7531) in font [lmroman10-regular]:mapping=t
ex-text;!
Missing character: There is no 以 (U+4EE5) in font [lmroman10-regular]:mapping=t
ex-text;!
Missing character: There is no 下 (U+4E0B) in font [lmroman10-regular]:mapping=t
ex-text;!
Missing character: There is no 文 (U+6587) in font [lmroman10-regular]:mapping=t
ex-text;!
Missing character: There is no 件 (U+4EF6) in font [lmroman10-regular]:mapping=t
ex-text;!
Missing character: There is no 生 (U+751F) in font [lmroman10-regular]:mapping=t
ex-text;!
Missing character: There is no 成 (U+6210) in font [lmroman10-regular]:mapping=t
ex-text;!
) (./structCodroid_1_1MoveToTarget.tex
Missing character: There is no 结 (U+7ED3) in font [lmroman12-regular]:mapping=t
ex-text;!
Missing character: There is no 构 (U+6784) in font [lmroman12-regular]:mapping=t
ex-text;!
Missing character: There is no 体 (U+4F53) in font [lmroman12-regular]:mapping=t
ex-text;!
Missing character: There is no 参 (U+53C2) in font [lmroman12-regular]:mapping=t
ex-text;!
Missing character: There is no 考 (U+8003) in font [lmroman12-regular]:mapping=t
ex-text;!
Missing character: There is no 运 (U+8FD0) in font [lmroman10-regular]:mapping=t
ex-text;!
Missing character: There is no 动 (U+52A8) in font [lmroman10-regular]:mapping=t
ex-text;!
Missing character: There is no 目 (U+76EE) in font [lmroman10-regular]:mapping=t
ex-text;!
Missing character: There is no 标 (U+6807) in font [lmroman10-regular]:mapping=t
ex-text;!
Missing character: There is no 位 (U+4F4D) in font [lmroman10-regular]:mapping=t
ex-text;!
Missing character: There is no 置 (U+7F6E) in font [lmroman10-regular]:mapping=t
ex-text;!
Missing character: There is no 成 (U+6210) in font [lmroman12-regular]:mapping=t
ex-text;!
Missing character: There is no 员 (U+5458) in font [lmroman12-regular]:mapping=t
ex-text;!
Missing character: There is no 函 (U+51FD) in font [lmroman12-regular]:mapping=t
ex-text;!
Missing character: There is no 数 (U+6570) in font [lmroman12-regular]:mapping=t
ex-text;!
Missing character: There is no 可 (U+53EF) in font [lmroman9-regular]:mapping=te
x-text;!
Missing character: There is no 选 (U+9009) in font [lmroman9-regular]:mapping=te
x-text;!
Missing character: There is no 关 (U+5173) in font [lmroman9-regular]:mapping=te
x-text;!
Missing character: There is no 节 (U+8282) in font [lmroman9-regular]:mapping=te
x-text;!
Missing character: There is no 位 (U+4F4D) in font [lmroman9-regular]:mapping=te
x-text;!
Missing character: There is no 置 (U+7F6E) in font [lmroman9-regular]:mapping=te
x-text;!
Missing character: There is no 静 (U+9759) in font [lmroman12-regular]:mapping=t
ex-text;!
Missing character: There is no 态 (U+6001) in font [lmroman12-regular]:mapping=t
ex-text;!
Missing character: There is no 成 (U+6210) in font [lmroman12-regular]:mapping=t
ex-text;!
Missing character: There is no 员 (U+5458) in font [lmroman12-regular]:mapping=t
ex-text;!
Missing character: There is no 函 (U+51FD) in font [lmroman12-regular]:mapping=t
ex-text;!
Missing character: There is no 数 (U+6570) in font [lmroman12-regular]:mapping=t
ex-text;!
Missing character: There is no 属 (U+5C5E) in font [lmroman12-regular]:mapping=t
ex-text;!
Missing character: There is no 性 (U+6027) in font [lmroman12-regular]:mapping=t
ex-text;!
Missing character: There is no 可 (U+53EF) in font [lmroman9-regular]:mapping=te
x-text;!
Missing character: There is no 选 (U+9009) in font [lmroman9-regular]:mapping=te
x-text;!
Missing character: There is no 末 (U+672B) in font [lmroman9-regular]:mapping=te
x-text;!
Missing character: There is no 端 (U+7AEF) in font [lmroman9-regular]:mapping=te
x-text;!
Missing character: There is no 位 (U+4F4D) in font [lmroman9-regular]:mapping=te
x-text;!
Missing character: There is no 置 (U+7F6E) in font [lmroman9-regular]:mapping=te
x-text;!
Missing character: There is no 详 (U+8BE6) in font [lmroman12-regular]:mapping=t
ex-text;!
Missing character: There is no 细 (U+7EC6) in font [lmroman12-regular]:mapping=t
ex-text;!
Missing character: There is no 描 (U+63CF) in font [lmroman12-regular]:mapping=t
ex-text;!
Missing character: There is no 述 (U+8FF0) in font [lmroman12-regular]:mapping=t
ex-text;!
Missing character: There is no 运 (U+8FD0) in font [lmroman10-regular]:mapping=t
ex-text;!
Missing character: There is no 动 (U+52A8) in font [lmroman10-regular]:mapping=t
ex-text;!
Missing character: There is no 目 (U+76EE) in font [lmroman10-regular]:mapping=t
ex-text;!
Missing character: There is no 标 (U+6807) in font [lmroman10-regular]:mapping=t
ex-text;!
Missing character: There is no 位 (U+4F4D) in font [lmroman10-regular]:mapping=t
ex-text;!
Missing character: There is no 置 (U+7F6E) in font [lmroman10-regular]:mapping=t
ex-text;!
Missing character: There is no 该 (U+8BE5) in font [lmroman10-regular]:mapping=t
ex-text;!
Missing character: There is no 结 (U+7ED3) in font [lmroman10-regular]:mapping=t
ex-text;!
Missing character: There is no 构 (U+6784) in font [lmroman10-regular]:mapping=t
ex-text;!
Missing character: There is no 体 (U+4F53) in font [lmroman10-regular]:mapping=t
ex-text;!
Missing character: There is no 的 (U+7684) in font [lmroman10-regular]:mapping=t
ex-text;!
Missing character: There is no 文 (U+6587) in font [lmroman10-regular]:mapping=t
ex-text;!
Missing character: There is no 档 (U+6863) in font [lmroman10-regular]:mapping=t
ex-text;!
Missing character: There is no 由 (U+7531) in font [lmroman10-regular]:mapping=t
ex-text;!
Missing character: There is no 以 (U+4EE5) in font [lmroman10-regular]:mapping=t
ex-text;!
Missing character: There is no 下 (U+4E0B) in font [lmroman10-regular]:mapping=t
ex-text;!
Missing character: There is no 文 (U+6587) in font [lmroman10-regular]:mapping=t
ex-text;!
Missing character: There is no 件 (U+4EF6) in font [lmroman10-regular]:mapping=t
ex-text;!
Missing character: There is no 生 (U+751F) in font [lmroman10-regular]:mapping=t
ex-text;!
Missing character: There is no 成 (U+6210) in font [lmroman10-regular]:mapping=t
ex-text;!
) (./structCodroid_1_1ProjectState.tex
Missing character: There is no 结 (U+7ED3) in font [lmroman12-regular]:mapping=t
ex-text;!
Missing character: There is no 构 (U+6784) in font [lmroman12-regular]:mapping=t
ex-text;!
Missing character: There is no 体 (U+4F53) in font [lmroman12-regular]:mapping=t
ex-text;!
Missing character: There is no 参 (U+53C2) in font [lmroman12-regular]:mapping=t
ex-text;!
Missing character: There is no 考 (U+8003) in font [lmroman12-regular]:mapping=t
ex-text;!
Missing character: There is no 工 (U+5DE5) in font [lmroman10-regular]:mapping=t
ex-text;!
Missing character: There is no 程 (U+7A0B) in font [lmroman10-regular]:mapping=t
ex-text;!
Missing character: There is no 执 (U+6267) in font [lmroman10-regular]:mapping=t
ex-text;!
Missing character: There is no 行 (U+884C) in font [lmroman10-regular]:mapping=t
ex-text;!
Missing character: There is no 状 (U+72B6) in font [lmroman10-regular]:mapping=t
ex-text;!
Missing character: There is no 态 (U+6001) in font [lmroman10-regular]:mapping=t
ex-text;!
Missing character: There is no 属 (U+5C5E) in font [lmroman12-regular]:mapping=t
ex-text;!
Missing character: There is no 性 (U+6027) in font [lmroman12-regular]:mapping=t
ex-text;!
Missing character: There is no 工 (U+5DE5) in font [lmroman9-regular]:mapping=te
x-text;!
Missing character: There is no 程 (U+7A0B) in font [lmroman9-regular]:mapping=te
x-text;!
Missing character: There is no 工 (U+5DE5) in font [lmroman9-regular]:mapping=te
x-text;!
Missing character: There is no 程 (U+7A0B) in font [lmroman9-regular]:mapping=te
x-text;!
Missing character: There is no 状 (U+72B6) in font [lmroman9-regular]:mapping=te
x-text;!
Missing character: There is no 态 (U+6001) in font [lmroman9-regular]:mapping=te
x-text;!
Missing character: There is no 是 (U+662F) in font [lmroman9-regular]:mapping=te
x-text;!
Missing character: There is no 否 (U+5426) in font [lmroman9-regular]:mapping=te
x-text;!
Missing character: There is no 单 (U+5355) in font [lmroman9-regular]:mapping=te
x-text;!
Missing character: There is no 步 (U+6B65) in font [lmroman9-regular]:mapping=te
x-text;!
Missing character: There is no 运 (U+8FD0) in font [lmroman9-regular]:mapping=te
x-text;!
Missing character: There is no 行 (U+884C) in font [lmroman9-regular]:mapping=te
x-text;!
Missing character: There is no 结 (U+7ED3) in font [lmroman10-regular]:mapping=t
ex-text;!
Missing character: There is no 构 (U+6784) in font [lmroman10-regular]:mapping=t
ex-text;!
Missing character: There is no 体 (U+4F53) in font [lmroman10-regular]:mapping=t
ex-text;!
Missing character: There is no 参 (U+53C2) in font [lmroman10-regular]:mapping=t
ex-text;!
Missing character: There is no 考 (U+8003) in font [lmroman10-regular]:mapping=t
ex-text;!
Missing character: There is no 制 (U+5236) in font [lmroman7-regular]:mapping=te
x-text;!
Missing character: There is no 作 (U+4F5C) in font [lmroman7-regular]:mapping=te
x-text;!
Missing character: There is no 者 (U+8005) in font [lmroman7-regular]:mapping=te
x-text;!
[47]
Missing character: There is no 脚 (U+811A) in font [lmroman9-regular]:mapping=te
x-text;!
Missing character: There is no 本 (U+672C) in font [lmroman9-regular]:mapping=te
x-text;!
Missing character: There is no 对 (U+5BF9) in font [lmroman9-regular]:mapping=te
x-text;!
Missing character: There is no 应 (U+5E94) in font [lmroman9-regular]:mapping=te
x-text;!
Missing character: There is no 行 (U+884C) in font [lmroman9-regular]:mapping=te
x-text;!
Missing character: There is no 号 (U+53F7) in font [lmroman9-regular]:mapping=te
x-text;!
Missing character: There is no 详 (U+8BE6) in font [lmroman12-regular]:mapping=t
ex-text;!
Missing character: There is no 细 (U+7EC6) in font [lmroman12-regular]:mapping=t
ex-text;!
Missing character: There is no 描 (U+63CF) in font [lmroman12-regular]:mapping=t
ex-text;!
Missing character: There is no 述 (U+8FF0) in font [lmroman12-regular]:mapping=t
ex-text;!
Missing character: There is no 工 (U+5DE5) in font [lmroman10-regular]:mapping=t
ex-text;!
Missing character: There is no 程 (U+7A0B) in font [lmroman10-regular]:mapping=t
ex-text;!
Missing character: There is no 执 (U+6267) in font [lmroman10-regular]:mapping=t
ex-text;!
Missing character: There is no 行 (U+884C) in font [lmroman10-regular]:mapping=t
ex-text;!
Missing character: There is no 状 (U+72B6) in font [lmroman10-regular]:mapping=t
ex-text;!
Missing character: There is no 态 (U+6001) in font [lmroman10-regular]:mapping=t
ex-text;!
Missing character: There is no 该 (U+8BE5) in font [lmroman10-regular]:mapping=t
ex-text;!
Missing character: There is no 结 (U+7ED3) in font [lmroman10-regular]:mapping=t
ex-text;!
Missing character: There is no 构 (U+6784) in font [lmroman10-regular]:mapping=t
ex-text;!
Missing character: There is no 体 (U+4F53) in font [lmroman10-regular]:mapping=t
ex-text;!
Missing character: There is no 的 (U+7684) in font [lmroman10-regular]:mapping=t
ex-text;!
Missing character: There is no 文 (U+6587) in font [lmroman10-regular]:mapping=t
ex-text;!
Missing character: There is no 档 (U+6863) in font [lmroman10-regular]:mapping=t
ex-text;!
Missing character: There is no 由 (U+7531) in font [lmroman10-regular]:mapping=t
ex-text;!
Missing character: There is no 以 (U+4EE5) in font [lmroman10-regular]:mapping=t
ex-text;!
Missing character: There is no 下 (U+4E0B) in font [lmroman10-regular]:mapping=t
ex-text;!
Missing character: There is no 文 (U+6587) in font [lmroman10-regular]:mapping=t
ex-text;!
Missing character: There is no 件 (U+4EF6) in font [lmroman10-regular]:mapping=t
ex-text;!
Missing character: There is no 生 (U+751F) in font [lmroman10-regular]:mapping=t
ex-text;!
Missing character: There is no 成 (U+6210) in font [lmroman10-regular]:mapping=t
ex-text;!
) (./structCodroid_1_1RegisterInfo.tex
Missing character: There is no 结 (U+7ED3) in font [lmroman12-regular]:mapping=t
ex-text;!
Missing character: There is no 构 (U+6784) in font [lmroman12-regular]:mapping=t
ex-text;!
Missing character: There is no 体 (U+4F53) in font [lmroman12-regular]:mapping=t
ex-text;!
Missing character: There is no 参 (U+53C2) in font [lmroman12-regular]:mapping=t
ex-text;!
Missing character: There is no 考 (U+8003) in font [lmroman12-regular]:mapping=t
ex-text;!
Missing character: There is no 寄 (U+5BC4) in font [lmroman10-regular]:mapping=t
ex-text;!
Missing character: There is no 存 (U+5B58) in font [lmroman10-regular]:mapping=t
ex-text;!
Missing character: There is no 器 (U+5668) in font [lmroman10-regular]:mapping=t
ex-text;!
Missing character: There is no 信 (U+4FE1) in font [lmroman10-regular]:mapping=t
ex-text;!
Missing character: There is no 息 (U+606F) in font [lmroman10-regular]:mapping=t
ex-text;!
Missing character: There is no 结 (U+7ED3) in font [lmroman10-regular]:mapping=t
ex-text;!
Missing character: There is no 构 (U+6784) in font [lmroman10-regular]:mapping=t
ex-text;!
Missing character: There is no 体 (U+4F53) in font [lmroman10-regular]:mapping=t
ex-text;!
Missing character: There is no 成 (U+6210) in font [lmroman12-regular]:mapping=t
ex-text;!
Missing character: There is no 员 (U+5458) in font [lmroman12-regular]:mapping=t
ex-text;!
Missing character: There is no 函 (U+51FD) in font [lmroman12-regular]:mapping=t
ex-text;!
Missing character: There is no 数 (U+6570) in font [lmroman12-regular]:mapping=t
ex-text;!
Missing character: There is no 属 (U+5C5E) in font [lmroman12-regular]:mapping=t
ex-text;!
Missing character: There is no 性 (U+6027) in font [lmroman12-regular]:mapping=t
ex-text;!
Missing character: There is no 寄 (U+5BC4) in font [lmroman9-regular]:mapping=te
x-text;!
Missing character: There is no 存 (U+5B58) in font [lmroman9-regular]:mapping=te
x-text;!
Missing character: There is no 器 (U+5668) in font [lmroman9-regular]:mapping=te
x-text;!
Missing character: There is no 地 (U+5730) in font [lmroman9-regular]:mapping=te
x-text;!
Missing character: There is no 址 (U+5740) in font [lmroman9-regular]:mapping=te
x-text;!
Missing character: There is no 寄 (U+5BC4) in font [lmroman9-regular]:mapping=te
x-text;!
Missing character: There is no 存 (U+5B58) in font [lmroman9-regular]:mapping=te
x-text;!
Missing character: There is no 器 (U+5668) in font [lmroman9-regular]:mapping=te
x-text;!
Missing character: There is no 数 (U+6570) in font [lmroman9-regular]:mapping=te
x-text;!
Missing character: There is no 值 (U+503C) in font [lmroman9-regular]:mapping=te
x-text;!
Missing character: There is no 详 (U+8BE6) in font [lmroman12-regular]:mapping=t
ex-text;!
Missing character: There is no 细 (U+7EC6) in font [lmroman12-regular]:mapping=t
ex-text;!
Missing character: There is no 描 (U+63CF) in font [lmroman12-regular]:mapping=t
ex-text;!
Missing character: There is no 述 (U+8FF0) in font [lmroman12-regular]:mapping=t
ex-text;!
Missing character: There is no 寄 (U+5BC4) in font [lmroman10-regular]:mapping=t
ex-text;!
Missing character: There is no 存 (U+5B58) in font [lmroman10-regular]:mapping=t
ex-text;!
Missing character: There is no 器 (U+5668) in font [lmroman10-regular]:mapping=t
ex-text;!
Missing character: There is no 信 (U+4FE1) in font [lmroman10-regular]:mapping=t
ex-text;!
Missing character: There is no 息 (U+606F) in font [lmroman10-regular]:mapping=t
ex-text;!
Missing character: There is no 结 (U+7ED3) in font [lmroman10-regular]:mapping=t
ex-text;!
Missing character: There is no 构 (U+6784) in font [lmroman10-regular]:mapping=t
ex-text;!
Missing character: There is no 体 (U+4F53) in font [lmroman10-regular]:mapping=t
ex-text;!
Missing character: There is no 该 (U+8BE5) in font [lmroman10-regular]:mapping=t
ex-text;!
Missing character: There is no 结 (U+7ED3) in font [lmroman10-regular]:mapping=t
ex-text;!
Missing character: There is no 构 (U+6784) in font [lmroman10-regular]:mapping=t
ex-text;!
Missing character: There is no 体 (U+4F53) in font [lmroman10-regular]:mapping=t
ex-text;!
Missing character: There is no 的 (U+7684) in font [lmroman10-regular]:mapping=t
ex-text;!
Missing character: There is no 文 (U+6587) in font [lmroman10-regular]:mapping=t
ex-text;!
Missing character: There is no 档 (U+6863) in font [lmroman10-regular]:mapping=t
ex-text;!
Missing character: There is no 由 (U+7531) in font [lmroman10-regular]:mapping=t
ex-text;!
Missing character: There is no 以 (U+4EE5) in font [lmroman10-regular]:mapping=t
ex-text;!
Missing character: There is no 下 (U+4E0B) in font [lmroman10-regular]:mapping=t
ex-text;!
Missing character: There is no 文 (U+6587) in font [lmroman10-regular]:mapping=t
ex-text;!
Missing character: There is no 件 (U+4EF6) in font [lmroman10-regular]:mapping=t
ex-text;!
Missing character: There is no 生 (U+751F) in font [lmroman10-regular]:mapping=t
ex-text;!
Missing character: There is no 成 (U+6210) in font [lmroman10-regular]:mapping=t
ex-text;!
) (./structCodroid_1_1RelativePoseParams.tex
Missing character: There is no 结 (U+7ED3) in font [lmroman12-regular]:mapping=t
ex-text;!
Missing character: There is no 构 (U+6784) in font [lmroman12-regular]:mapping=t
ex-text;!
Missing character: There is no 体 (U+4F53) in font [lmroman12-regular]:mapping=t
ex-text;!
Missing character: There is no 参 (U+53C2) in font [lmroman12-regular]:mapping=t
ex-text;!
Missing character: There is no 考 (U+8003) in font [lmroman12-regular]:mapping=t
ex-text;!
Missing character: There is no 相 (U+76F8) in font [lmroman10-regular]:mapping=t
ex-text;!
Missing character: There is no 对 (U+5BF9) in font [lmroman10-regular]:mapping=t
ex-text;!
Missing character: There is no 位 (U+4F4D) in font [lmroman10-regular]:mapping=t
ex-text;!
Missing character: There is no 姿 (U+59FF) in font [lmroman10-regular]:mapping=t
ex-text;!
Missing character: There is no 计 (U+8BA1) in font [lmroman10-regular]:mapping=t
ex-text;!
Missing character: There is no 算 (U+7B97) in font [lmroman10-regular]:mapping=t
ex-text;!
Missing character: There is no 参 (U+53C2) in font [lmroman10-regular]:mapping=t
ex-text;!
Missing character: There is no 数 (U+6570) in font [lmroman10-regular]:mapping=t
ex-text;!
Missing character: There is no 成 (U+6210) in font [lmroman12-regular]:mapping=t
ex-text;!
Missing character: There is no 员 (U+5458) in font [lmroman12-regular]:mapping=t
ex-text;!
Missing character: There is no 函 (U+51FD) in font [lmroman12-regular]:mapping=t
ex-text;!
Missing character: There is no 数 (U+6570) in font [lmroman12-regular]:mapping=t
ex-text;!
Missing character: There is no 类 (U+7C7B) in font [lmroman10-regular]:mapping=t
ex-text;!
Missing character: There is no 说 (U+8BF4) in font [lmroman10-regular]:mapping=t
ex-text;!
Missing character: There is no 明 (U+660E) in font [lmroman10-regular]:mapping=t
ex-text;!
Missing character: There is no 制 (U+5236) in font [lmroman7-regular]:mapping=te
x-text;!
Missing character: There is no 作 (U+4F5C) in font [lmroman7-regular]:mapping=te
x-text;!
Missing character: There is no 者 (U+8005) in font [lmroman7-regular]:mapping=te
x-text;!
[48]
Missing character: There is no 属 (U+5C5E) in font [lmroman12-regular]:mapping=t
ex-text;!
Missing character: There is no 性 (U+6027) in font [lmroman12-regular]:mapping=t
ex-text;!
Missing character: There is no 当 (U+5F53) in font [lmroman9-regular]:mapping=te
x-text;!
Missing character: There is no 前 (U+524D) in font [lmroman9-regular]:mapping=te
x-text;!
Missing character: There is no 末 (U+672B) in font [lmroman9-regular]:mapping=te
x-text;!
Missing character: There is no 端 (U+7AEF) in font [lmroman9-regular]:mapping=te
x-text;!
Missing character: There is no 坐 (U+5750) in font [lmroman9-regular]:mapping=te
x-text;!
Missing character: There is no 标 (U+6807) in font [lmroman9-regular]:mapping=te
x-text;!
Missing character: There is no 偏 (U+504F) in font [lmroman9-regular]:mapping=te
x-text;!
Missing character: There is no 移 (U+79FB) in font [lmroman9-regular]:mapping=te
x-text;!
Missing character: There is no 量 (U+91CF) in font [lmroman9-regular]:mapping=te
x-text;!
Missing character: There is no 可 (U+53EF) in font [lmroman9-regular]:mapping=te
x-text;!
Missing character: There is no 选 (U+9009) in font [lmroman9-regular]:mapping=te
x-text;!
Missing character: There is no 坐 (U+5750) in font [lmroman9-regular]:mapping=te
x-text;!
Missing character: There is no 标 (U+6807) in font [lmroman9-regular]:mapping=te
x-text;!
Missing character: There is no 系 (U+7CFB) in font [lmroman9-regular]:mapping=te
x-text;!
Missing character: There is no 类 (U+7C7B) in font [lmroman9-regular]:mapping=te
x-text;!
Missing character: There is no 型 (U+578B) in font [lmroman9-regular]:mapping=te
x-text;!
Missing character: There is no 可 (U+53EF) in font [lmroman9-regular]:mapping=te
x-text;!
Missing character: There is no 选 (U+9009) in font [lmroman9-regular]:mapping=te
x-text;!
Missing character: There is no 当 (U+5F53) in font [lmroman9-regular]:mapping=te
x-text;!
Missing character: There is no 前 (U+524D) in font [lmroman9-regular]:mapping=te
x-text;!
Missing character: There is no 末 (U+672B) in font [lmroman9-regular]:mapping=te
x-text;!
Missing character: There is no 端 (U+7AEF) in font [lmroman9-regular]:mapping=te
x-text;!
Missing character: There is no 坐 (U+5750) in font [lmroman9-regular]:mapping=te
x-text;!
Missing character: There is no 标 (U+6807) in font [lmroman9-regular]:mapping=te
x-text;!
Missing character: There is no 系 (U+7CFB) in font [lmroman9-regular]:mapping=te
x-text;!
Missing character: There is no ， (U+FF0C) in font [lmroman9-regular]:mapping=te
x-text;!
Missing character: There is no 默 (U+9ED8) in font [lmroman9-regular]:mapping=te
x-text;!
Missing character: There is no 认 (U+8BA4) in font [lmroman9-regular]:mapping=te
x-text;!
Missing character: There is no 世 (U+4E16) in font [lmroman9-regular]:mapping=te
x-text;!
Missing character: There is no 界 (U+754C) in font [lmroman9-regular]:mapping=te
x-text;!
Missing character: There is no 坐 (U+5750) in font [lmroman9-regular]:mapping=te
x-text;!
Missing character: There is no 标 (U+6807) in font [lmroman9-regular]:mapping=te
x-text;!
Missing character: There is no 系 (U+7CFB) in font [lmroman9-regular]:mapping=te
x-text;!
Missing character: There is no 可 (U+53EF) in font [lmroman9-regular]:mapping=te
x-text;!
Missing character: There is no 选 (U+9009) in font [lmroman9-regular]:mapping=te
x-text;!
Missing character: There is no 为 (U+4E3A) in font [lmroman9-regular]:mapping=te
x-text;!
Missing character: There is no 时 (U+65F6) in font [lmroman9-regular]:mapping=te
x-text;!
Missing character: There is no 有 (U+6709) in font [lmroman9-regular]:mapping=te
x-text;!
Missing character: There is no 效 (U+6548) in font [lmroman9-regular]:mapping=te
x-text;!
Missing character: There is no ， (U+FF0C) in font [lmroman9-regular]:mapping=te
x-text;!
Missing character: There is no 偏 (U+504F) in font [lmroman9-regular]:mapping=te
x-text;!
Missing character: There is no 移 (U+79FB) in font [lmroman9-regular]:mapping=te
x-text;!
Missing character: There is no 坐 (U+5750) in font [lmroman9-regular]:mapping=te
x-text;!
Missing character: There is no 标 (U+6807) in font [lmroman9-regular]:mapping=te
x-text;!
Missing character: There is no 系 (U+7CFB) in font [lmroman9-regular]:mapping=te
x-text;!
Missing character: There is no ， (U+FF0C) in font [lmroman9-regular]:mapping=te
x-text;!
Missing character: There is no 默 (U+9ED8) in font [lmroman9-regular]:mapping=te
x-text;!
Missing character: There is no 认 (U+8BA4) in font [lmroman9-regular]:mapping=te
x-text;!
Missing character: There is no 世 (U+4E16) in font [lmroman9-regular]:mapping=te
x-text;!
Missing character: There is no 界 (U+754C) in font [lmroman9-regular]:mapping=te
x-text;!
Missing character: There is no 坐 (U+5750) in font [lmroman9-regular]:mapping=te
x-text;!
Missing character: There is no 标 (U+6807) in font [lmroman9-regular]:mapping=te
x-text;!
Missing character: There is no 系 (U+7CFB) in font [lmroman9-regular]:mapping=te
x-text;!
Missing character: There is no 详 (U+8BE6) in font [lmroman12-regular]:mapping=t
ex-text;!
Missing character: There is no 细 (U+7EC6) in font [lmroman12-regular]:mapping=t
ex-text;!
Missing character: There is no 描 (U+63CF) in font [lmroman12-regular]:mapping=t
ex-text;!
Missing character: There is no 述 (U+8FF0) in font [lmroman12-regular]:mapping=t
ex-text;!
Missing character: There is no 相 (U+76F8) in font [lmroman10-regular]:mapping=t
ex-text;!
Missing character: There is no 对 (U+5BF9) in font [lmroman10-regular]:mapping=t
ex-text;!
Missing character: There is no 位 (U+4F4D) in font [lmroman10-regular]:mapping=t
ex-text;!
Missing character: There is no 姿 (U+59FF) in font [lmroman10-regular]:mapping=t
ex-text;!
Missing character: There is no 计 (U+8BA1) in font [lmroman10-regular]:mapping=t
ex-text;!
Missing character: There is no 算 (U+7B97) in font [lmroman10-regular]:mapping=t
ex-text;!
Missing character: There is no 参 (U+53C2) in font [lmroman10-regular]:mapping=t
ex-text;!
Missing character: There is no 数 (U+6570) in font [lmroman10-regular]:mapping=t
ex-text;!
Missing character: There is no 该 (U+8BE5) in font [lmroman10-regular]:mapping=t
ex-text;!
Missing character: There is no 结 (U+7ED3) in font [lmroman10-regular]:mapping=t
ex-text;!
Missing character: There is no 构 (U+6784) in font [lmroman10-regular]:mapping=t
ex-text;!
Missing character: There is no 体 (U+4F53) in font [lmroman10-regular]:mapping=t
ex-text;!
Missing character: There is no 的 (U+7684) in font [lmroman10-regular]:mapping=t
ex-text;!
Missing character: There is no 文 (U+6587) in font [lmroman10-regular]:mapping=t
ex-text;!
Missing character: There is no 档 (U+6863) in font [lmroman10-regular]:mapping=t
ex-text;!
Missing character: There is no 由 (U+7531) in font [lmroman10-regular]:mapping=t
ex-text;!
Missing character: There is no 以 (U+4EE5) in font [lmroman10-regular]:mapping=t
ex-text;!
Missing character: There is no 下 (U+4E0B) in font [lmroman10-regular]:mapping=t
ex-text;!
Missing character: There is no 文 (U+6587) in font [lmroman10-regular]:mapping=t
ex-text;!
Missing character: There is no 件 (U+4EF6) in font [lmroman10-regular]:mapping=t
ex-text;!
Missing character: There is no 生 (U+751F) in font [lmroman10-regular]:mapping=t
ex-text;!
Missing character: There is no 成 (U+6210) in font [lmroman10-regular]:mapping=t
ex-text;!
) (./structCodroid_1_1Response.tex
Missing character: There is no 结 (U+7ED3) in font [lmroman12-regular]:mapping=t
ex-text;!
Missing character: There is no 构 (U+6784) in font [lmroman12-regular]:mapping=t
ex-text;!
Missing character: There is no 体 (U+4F53) in font [lmroman12-regular]:mapping=t
ex-text;!
Missing character: There is no 参 (U+53C2) in font [lmroman12-regular]:mapping=t
ex-text;!
Missing character: There is no 考 (U+8003) in font [lmroman12-regular]:mapping=t
ex-text;!
Missing character: There is no 标 (U+6807) in font [lmroman10-regular]:mapping=t
ex-text;!
Missing character: There is no 准 (U+51C6) in font [lmroman10-regular]:mapping=t
ex-text;!
Missing character: There is no 响 (U+54CD) in font [lmroman10-regular]:mapping=t
ex-text;!
Missing character: There is no 应 (U+5E94) in font [lmroman10-regular]:mapping=t
ex-text;!
Missing character: There is no 结 (U+7ED3) in font [lmroman10-regular]:mapping=t
ex-text;!
Missing character: There is no 构 (U+6784) in font [lmroman10-regular]:mapping=t
ex-text;!
Missing character: There is no 体 (U+4F53) in font [lmroman10-regular]:mapping=t
ex-text;!
Missing character: There is no 属 (U+5C5E) in font [lmroman12-regular]:mapping=t
ex-text;!
Missing character: There is no 性 (U+6027) in font [lmroman12-regular]:mapping=t
ex-text;!
Missing character: There is no 请 (U+8BF7) in font [lmroman9-regular]:mapping=te
x-text;!
Missing character: There is no 求 (U+6C42) in font [lmroman9-regular]:mapping=te
x-text;!
Missing character: There is no 请 (U+8BF7) in font [lmroman9-regular]:mapping=te
x-text;!
Missing character: There is no 求 (U+6C42) in font [lmroman9-regular]:mapping=te
x-text;!
Missing character: There is no 类 (U+7C7B) in font [lmroman9-regular]:mapping=te
x-text;!
Missing character: There is no 型 (U+578B) in font [lmroman9-regular]:mapping=te
x-text;!
Missing character: There is no 返 (U+8FD4) in font [lmroman9-regular]:mapping=te
x-text;!
Missing character: There is no 回 (U+56DE) in font [lmroman9-regular]:mapping=te
x-text;!
Missing character: There is no 数 (U+6570) in font [lmroman9-regular]:mapping=te
x-text;!
Missing character: There is no 据 (U+636E) in font [lmroman9-regular]:mapping=te
x-text;!
Missing character: There is no 内 (U+5185) in font [lmroman9-regular]:mapping=te
x-text;!
Missing character: There is no 容 (U+5BB9) in font [lmroman9-regular]:mapping=te
x-text;!
Missing character: There is no 错 (U+9519) in font [lmroman9-regular]:mapping=te
x-text;!
Missing character: There is no 误 (U+8BEF) in font [lmroman9-regular]:mapping=te
x-text;!
Missing character: There is no 信 (U+4FE1) in font [lmroman9-regular]:mapping=te
x-text;!
Missing character: There is no 息 (U+606F) in font [lmroman9-regular]:mapping=te
x-text;!
Missing character: There is no （ (U+FF08) in font [lmroman9-regular]:mapping=te
x-text;!
Missing character: There is no 成 (U+6210) in font [lmroman9-regular]:mapping=te
x-text;!
Missing character: There is no 功 (U+529F) in font [lmroman9-regular]:mapping=te
x-text;!
Missing character: There is no 则 (U+5219) in font [lmroman9-regular]:mapping=te
x-text;!
Missing character: There is no 为 (U+4E3A) in font [lmroman9-regular]:mapping=te
x-text;!
Missing character: There is no 空 (U+7A7A) in font [lmroman9-regular]:mapping=te
x-text;!
Missing character: There is no ） (U+FF09) in font [lmroman9-regular]:mapping=te
x-text;!
Missing character: There is no 详 (U+8BE6) in font [lmroman12-regular]:mapping=t
ex-text;!
Missing character: There is no 细 (U+7EC6) in font [lmroman12-regular]:mapping=t
ex-text;!
Missing character: There is no 描 (U+63CF) in font [lmroman12-regular]:mapping=t
ex-text;!
Missing character: There is no 述 (U+8FF0) in font [lmroman12-regular]:mapping=t
ex-text;!
Missing character: There is no 标 (U+6807) in font [lmroman10-regular]:mapping=t
ex-text;!
Missing character: There is no 准 (U+51C6) in font [lmroman10-regular]:mapping=t
ex-text;!
Missing character: There is no 响 (U+54CD) in font [lmroman10-regular]:mapping=t
ex-text;!
Missing character: There is no 应 (U+5E94) in font [lmroman10-regular]:mapping=t
ex-text;!
Missing character: There is no 结 (U+7ED3) in font [lmroman10-regular]:mapping=t
ex-text;!
Missing character: There is no 构 (U+6784) in font [lmroman10-regular]:mapping=t
ex-text;!
Missing character: There is no 体 (U+4F53) in font [lmroman10-regular]:mapping=t
ex-text;!
Missing character: There is no 结 (U+7ED3) in font [lmroman10-regular]:mapping=t
ex-text;!
Missing character: There is no 构 (U+6784) in font [lmroman10-regular]:mapping=t
ex-text;!
Missing character: There is no 体 (U+4F53) in font [lmroman10-regular]:mapping=t
ex-text;!
Missing character: There is no 参 (U+53C2) in font [lmroman10-regular]:mapping=t
ex-text;!
Missing character: There is no 考 (U+8003) in font [lmroman10-regular]:mapping=t
ex-text;!
Missing character: There is no 制 (U+5236) in font [lmroman7-regular]:mapping=te
x-text;!
Missing character: There is no 作 (U+4F5C) in font [lmroman7-regular]:mapping=te
x-text;!
Missing character: There is no 者 (U+8005) in font [lmroman7-regular]:mapping=te
x-text;!
[49]
Missing character: There is no 该 (U+8BE5) in font [lmroman10-regular]:mapping=t
ex-text;!
Missing character: There is no 结 (U+7ED3) in font [lmroman10-regular]:mapping=t
ex-text;!
Missing character: There is no 构 (U+6784) in font [lmroman10-regular]:mapping=t
ex-text;!
Missing character: There is no 体 (U+4F53) in font [lmroman10-regular]:mapping=t
ex-text;!
Missing character: There is no 的 (U+7684) in font [lmroman10-regular]:mapping=t
ex-text;!
Missing character: There is no 文 (U+6587) in font [lmroman10-regular]:mapping=t
ex-text;!
Missing character: There is no 档 (U+6863) in font [lmroman10-regular]:mapping=t
ex-text;!
Missing character: There is no 由 (U+7531) in font [lmroman10-regular]:mapping=t
ex-text;!
Missing character: There is no 以 (U+4EE5) in font [lmroman10-regular]:mapping=t
ex-text;!
Missing character: There is no 下 (U+4E0B) in font [lmroman10-regular]:mapping=t
ex-text;!
Missing character: There is no 文 (U+6587) in font [lmroman10-regular]:mapping=t
ex-text;!
Missing character: There is no 件 (U+4EF6) in font [lmroman10-regular]:mapping=t
ex-text;!
Missing character: There is no 生 (U+751F) in font [lmroman10-regular]:mapping=t
ex-text;!
Missing character: There is no 成 (U+6210) in font [lmroman10-regular]:mapping=t
ex-text;!
) (./structCodroid_1_1RobotPosture.tex
Missing character: There is no 结 (U+7ED3) in font [lmroman12-regular]:mapping=t
ex-text;!
Missing character: There is no 构 (U+6784) in font [lmroman12-regular]:mapping=t
ex-text;!
Missing character: There is no 体 (U+4F53) in font [lmroman12-regular]:mapping=t
ex-text;!
Missing character: There is no 参 (U+53C2) in font [lmroman12-regular]:mapping=t
ex-text;!
Missing character: There is no 考 (U+8003) in font [lmroman12-regular]:mapping=t
ex-text;!
Missing character: There is no 机 (U+673A) in font [lmroman10-regular]:mapping=t
ex-text;!
Missing character: There is no 器 (U+5668) in font [lmroman10-regular]:mapping=t
ex-text;!
Missing character: There is no 人 (U+4EBA) in font [lmroman10-regular]:mapping=t
ex-text;!
Missing character: There is no 实 (U+5B9E) in font [lmroman10-regular]:mapping=t
ex-text;!
Missing character: There is no 时 (U+65F6) in font [lmroman10-regular]:mapping=t
ex-text;!
Missing character: There is no 位 (U+4F4D) in font [lmroman10-regular]:mapping=t
ex-text;!
Missing character: There is no 姿 (U+59FF) in font [lmroman10-regular]:mapping=t
ex-text;!
Missing character: There is no 属 (U+5C5E) in font [lmroman12-regular]:mapping=t
ex-text;!
Missing character: There is no 性 (U+6027) in font [lmroman12-regular]:mapping=t
ex-text;!
Missing character: There is no 关 (U+5173) in font [lmroman9-regular]:mapping=te
x-text;!
Missing character: There is no 节 (U+8282) in font [lmroman9-regular]:mapping=te
x-text;!
Missing character: There is no 角 (U+89D2) in font [lmroman9-regular]:mapping=te
x-text;!
Missing character: There is no 度 (U+5EA6) in font [lmroman9-regular]:mapping=te
x-text;!
Missing character: There is no 笛 (U+7B1B) in font [lmroman9-regular]:mapping=te
x-text;!
Missing character: There is no 卡 (U+5361) in font [lmroman9-regular]:mapping=te
x-text;!
Missing character: There is no 尔 (U+5C14) in font [lmroman9-regular]:mapping=te
x-text;!
Missing character: There is no 坐 (U+5750) in font [lmroman9-regular]:mapping=te
x-text;!
Missing character: There is no 标 (U+6807) in font [lmroman9-regular]:mapping=te
x-text;!
Missing character: There is no 详 (U+8BE6) in font [lmroman12-regular]:mapping=t
ex-text;!
Missing character: There is no 细 (U+7EC6) in font [lmroman12-regular]:mapping=t
ex-text;!
Missing character: There is no 描 (U+63CF) in font [lmroman12-regular]:mapping=t
ex-text;!
Missing character: There is no 述 (U+8FF0) in font [lmroman12-regular]:mapping=t
ex-text;!
Missing character: There is no 机 (U+673A) in font [lmroman10-regular]:mapping=t
ex-text;!
Missing character: There is no 器 (U+5668) in font [lmroman10-regular]:mapping=t
ex-text;!
Missing character: There is no 人 (U+4EBA) in font [lmroman10-regular]:mapping=t
ex-text;!
Missing character: There is no 实 (U+5B9E) in font [lmroman10-regular]:mapping=t
ex-text;!
Missing character: There is no 时 (U+65F6) in font [lmroman10-regular]:mapping=t
ex-text;!
Missing character: There is no 位 (U+4F4D) in font [lmroman10-regular]:mapping=t
ex-text;!
Missing character: There is no 姿 (U+59FF) in font [lmroman10-regular]:mapping=t
ex-text;!
Missing character: There is no 该 (U+8BE5) in font [lmroman10-regular]:mapping=t
ex-text;!
Missing character: There is no 结 (U+7ED3) in font [lmroman10-regular]:mapping=t
ex-text;!
Missing character: There is no 构 (U+6784) in font [lmroman10-regular]:mapping=t
ex-text;!
Missing character: There is no 体 (U+4F53) in font [lmroman10-regular]:mapping=t
ex-text;!
Missing character: There is no 的 (U+7684) in font [lmroman10-regular]:mapping=t
ex-text;!
Missing character: There is no 文 (U+6587) in font [lmroman10-regular]:mapping=t
ex-text;!
Missing character: There is no 档 (U+6863) in font [lmroman10-regular]:mapping=t
ex-text;!
Missing character: There is no 由 (U+7531) in font [lmroman10-regular]:mapping=t
ex-text;!
Missing character: There is no 以 (U+4EE5) in font [lmroman10-regular]:mapping=t
ex-text;!
Missing character: There is no 下 (U+4E0B) in font [lmroman10-regular]:mapping=t
ex-text;!
Missing character: There is no 文 (U+6587) in font [lmroman10-regular]:mapping=t
ex-text;!
Missing character: There is no 件 (U+4EF6) in font [lmroman10-regular]:mapping=t
ex-text;!
Missing character: There is no 生 (U+751F) in font [lmroman10-regular]:mapping=t
ex-text;!
Missing character: There is no 成 (U+6210) in font [lmroman10-regular]:mapping=t
ex-text;!
) (./structCodroid_1_1RobotStatus.tex
Missing character: There is no 结 (U+7ED3) in font [lmroman12-regular]:mapping=t
ex-text;!
Missing character: There is no 构 (U+6784) in font [lmroman12-regular]:mapping=t
ex-text;!
Missing character: There is no 体 (U+4F53) in font [lmroman12-regular]:mapping=t
ex-text;!
Missing character: There is no 参 (U+53C2) in font [lmroman12-regular]:mapping=t
ex-text;!
Missing character: There is no 考 (U+8003) in font [lmroman12-regular]:mapping=t
ex-text;!
Missing character: There is no 机 (U+673A) in font [lmroman10-regular]:mapping=t
ex-text;!
Missing character: There is no 器 (U+5668) in font [lmroman10-regular]:mapping=t
ex-text;!
Missing character: There is no 人 (U+4EBA) in font [lmroman10-regular]:mapping=t
ex-text;!
Missing character: There is no 运 (U+8FD0) in font [lmroman10-regular]:mapping=t
ex-text;!
Missing character: There is no 行 (U+884C) in font [lmroman10-regular]:mapping=t
ex-text;!
Missing character: There is no 状 (U+72B6) in font [lmroman10-regular]:mapping=t
ex-text;!
Missing character: There is no 态 (U+6001) in font [lmroman10-regular]:mapping=t
ex-text;!
Missing character: There is no 属 (U+5C5E) in font [lmroman12-regular]:mapping=t
ex-text;!
Missing character: There is no 性 (U+6027) in font [lmroman12-regular]:mapping=t
ex-text;!
Missing character: There is no 手 (U+624B) in font [lmroman9-regular]:mapping=te
x-text;!
Missing character: There is no 动 (U+52A8) in font [lmroman9-regular]:mapping=te
x-text;!
Missing character: There is no 自 (U+81EA) in font [lmroman9-regular]:mapping=te
x-text;!
Missing character: There is no 动 (U+52A8) in font [lmroman9-regular]:mapping=te
x-text;!
Missing character: There is no 远 (U+8FDC) in font [lmroman9-regular]:mapping=te
x-text;!
Missing character: There is no 程 (U+7A0B) in font [lmroman9-regular]:mapping=te
x-text;!
Missing character: There is no 未 (U+672A) in font [lmroman9-regular]:mapping=te
x-text;!
Missing character: There is no 使 (U+4F7F) in font [lmroman9-regular]:mapping=te
x-text;!
Missing character: There is no 能 (U+80FD) in font [lmroman9-regular]:mapping=te
x-text;!
Missing character: There is no 使 (U+4F7F) in font [lmroman9-regular]:mapping=te
x-text;!
Missing character: There is no 能 (U+80FD) in font [lmroman9-regular]:mapping=te
x-text;!
Missing character: There is no 中 (U+4E2D) in font [lmroman9-regular]:mapping=te
x-text;!
Missing character: There is no 空 (U+7A7A) in font [lmroman9-regular]:mapping=te
x-text;!
Missing character: There is no 闲 (U+95F2) in font [lmroman9-regular]:mapping=te
x-text;!
Missing character: There is no 点 (U+70B9) in font [lmroman9-regular]:mapping=te
x-text;!
Missing character: There is no 动 (U+52A8) in font [lmroman9-regular]:mapping=te
x-text;!
Missing character: There is no 中 (U+4E2D) in font [lmroman9-regular]:mapping=te
x-text;!
Missing character: There is no 拖 (U+62D6) in font [lmroman9-regular]:mapping=te
x-text;!
Missing character: There is no 动 (U+52A8) in font [lmroman9-regular]:mapping=te
x-text;!
Missing character: There is no 中 (U+4E2D) in font [lmroman9-regular]:mapping=te
x-text;!
Missing character: There is no 停 (U+505C) in font [lmroman9-regular]:mapping=te
x-text;!
Missing character: There is no 止 (U+6B62) in font [lmroman9-regular]:mapping=te
x-text;!
Missing character: There is no 运 (U+8FD0) in font [lmroman9-regular]:mapping=te
x-text;!
Missing character: There is no 动 (U+52A8) in font [lmroman9-regular]:mapping=te
x-text;!
Missing character: There is no 自 (U+81EA) in font [lmroman9-regular]:mapping=te
x-text;!
Missing character: There is no 动 (U+52A8) in font [lmroman9-regular]:mapping=te
x-text;!
Missing character: There is no 速 (U+901F) in font [lmroman9-regular]:mapping=te
x-text;!
Missing character: There is no 度 (U+5EA6) in font [lmroman9-regular]:mapping=te
x-text;!
Missing character: There is no 倍 (U+500D) in font [lmroman9-regular]:mapping=te
x-text;!
Missing character: There is no 率 (U+7387) in font [lmroman9-regular]:mapping=te
x-text;!

Underfull \hbox (badness 10000) in paragraph at lines 26--27

 []

Missing character: There is no 类 (U+7C7B) in font [lmroman10-regular]:mapping=t
ex-text;!
Missing character: There is no 说 (U+8BF4) in font [lmroman10-regular]:mapping=t
ex-text;!
Missing character: There is no 明 (U+660E) in font [lmroman10-regular]:mapping=t
ex-text;!
Missing character: There is no 制 (U+5236) in font [lmroman7-regular]:mapping=te
x-text;!
Missing character: There is no 作 (U+4F5C) in font [lmroman7-regular]:mapping=te
x-text;!
Missing character: There is no 者 (U+8005) in font [lmroman7-regular]:mapping=te
x-text;!
[50]
Missing character: There is no 手 (U+624B) in font [lmroman9-regular]:mapping=te
x-text;!
Missing character: There is no 动 (U+52A8) in font [lmroman9-regular]:mapping=te
x-text;!
Missing character: There is no 速 (U+901F) in font [lmroman9-regular]:mapping=te
x-text;!
Missing character: There is no 度 (U+5EA6) in font [lmroman9-regular]:mapping=te
x-text;!
Missing character: There is no 倍 (U+500D) in font [lmroman9-regular]:mapping=te
x-text;!
Missing character: There is no 率 (U+7387) in font [lmroman9-regular]:mapping=te
x-text;!
Missing character: There is no 机 (U+673A) in font [lmroman9-regular]:mapping=te
x-text;!
Missing character: There is no 器 (U+5668) in font [lmroman9-regular]:mapping=te
x-text;!
Missing character: There is no 人 (U+4EBA) in font [lmroman9-regular]:mapping=te
x-text;!
Missing character: There is no 型 (U+578B) in font [lmroman9-regular]:mapping=te
x-text;!
Missing character: There is no 号 (U+53F7) in font [lmroman9-regular]:mapping=te
x-text;!
Missing character: There is no 状 (U+72B6) in font [lmroman9-regular]:mapping=te
x-text;!
Missing character: There is no 态 (U+6001) in font [lmroman9-regular]:mapping=te
x-text;!
Missing character: There is no 名 (U+540D) in font [lmroman9-regular]:mapping=te
x-text;!
Missing character: There is no 称 (U+79F0) in font [lmroman9-regular]:mapping=te
x-text;!
Missing character: There is no 推 (U+63A8) in font [lmroman9-regular]:mapping=te
x-text;!
Missing character: There is no 送 (U+9001) in font [lmroman9-regular]:mapping=te
x-text;!
Missing character: There is no 时 (U+65F6) in font [lmroman9-regular]:mapping=te
x-text;!
Missing character: There is no 间 (U+95F4) in font [lmroman9-regular]:mapping=te
x-text;!
Missing character: There is no 戳 (U+6233) in font [lmroman9-regular]:mapping=te
x-text;!
Missing character: There is no 详 (U+8BE6) in font [lmroman12-regular]:mapping=t
ex-text;!
Missing character: There is no 细 (U+7EC6) in font [lmroman12-regular]:mapping=t
ex-text;!
Missing character: There is no 描 (U+63CF) in font [lmroman12-regular]:mapping=t
ex-text;!
Missing character: There is no 述 (U+8FF0) in font [lmroman12-regular]:mapping=t
ex-text;!
Missing character: There is no 机 (U+673A) in font [lmroman10-regular]:mapping=t
ex-text;!
Missing character: There is no 器 (U+5668) in font [lmroman10-regular]:mapping=t
ex-text;!
Missing character: There is no 人 (U+4EBA) in font [lmroman10-regular]:mapping=t
ex-text;!
Missing character: There is no 运 (U+8FD0) in font [lmroman10-regular]:mapping=t
ex-text;!
Missing character: There is no 行 (U+884C) in font [lmroman10-regular]:mapping=t
ex-text;!
Missing character: There is no 状 (U+72B6) in font [lmroman10-regular]:mapping=t
ex-text;!
Missing character: There is no 态 (U+6001) in font [lmroman10-regular]:mapping=t
ex-text;!
Missing character: There is no 该 (U+8BE5) in font [lmroman10-regular]:mapping=t
ex-text;!
Missing character: There is no 结 (U+7ED3) in font [lmroman10-regular]:mapping=t
ex-text;!
Missing character: There is no 构 (U+6784) in font [lmroman10-regular]:mapping=t
ex-text;!
Missing character: There is no 体 (U+4F53) in font [lmroman10-regular]:mapping=t
ex-text;!
Missing character: There is no 的 (U+7684) in font [lmroman10-regular]:mapping=t
ex-text;!
Missing character: There is no 文 (U+6587) in font [lmroman10-regular]:mapping=t
ex-text;!
Missing character: There is no 档 (U+6863) in font [lmroman10-regular]:mapping=t
ex-text;!
Missing character: There is no 由 (U+7531) in font [lmroman10-regular]:mapping=t
ex-text;!
Missing character: There is no 以 (U+4EE5) in font [lmroman10-regular]:mapping=t
ex-text;!
Missing character: There is no 下 (U+4E0B) in font [lmroman10-regular]:mapping=t
ex-text;!
Missing character: There is no 文 (U+6587) in font [lmroman10-regular]:mapping=t
ex-text;!
Missing character: There is no 件 (U+4EF6) in font [lmroman10-regular]:mapping=t
ex-text;!
Missing character: There is no 生 (U+751F) in font [lmroman10-regular]:mapping=t
ex-text;!
Missing character: There is no 成 (U+6210) in font [lmroman10-regular]:mapping=t
ex-text;!
) (./structCodroid_1_1Variable.tex
Missing character: There is no 结 (U+7ED3) in font [lmroman12-regular]:mapping=t
ex-text;!
Missing character: There is no 构 (U+6784) in font [lmroman12-regular]:mapping=t
ex-text;!
Missing character: There is no 体 (U+4F53) in font [lmroman12-regular]:mapping=t
ex-text;!
Missing character: There is no 参 (U+53C2) in font [lmroman12-regular]:mapping=t
ex-text;!
Missing character: There is no 考 (U+8003) in font [lmroman12-regular]:mapping=t
ex-text;!
Missing character: There is no 全 (U+5168) in font [lmroman10-regular]:mapping=t
ex-text;!
Missing character: There is no 局 (U+5C40) in font [lmroman10-regular]:mapping=t
ex-text;!
Missing character: There is no 变 (U+53D8) in font [lmroman10-regular]:mapping=t
ex-text;!
Missing character: There is no 量 (U+91CF) in font [lmroman10-regular]:mapping=t
ex-text;!
Missing character: There is no 信 (U+4FE1) in font [lmroman10-regular]:mapping=t
ex-text;!
Missing character: There is no 息 (U+606F) in font [lmroman10-regular]:mapping=t
ex-text;!
Missing character: There is no 结 (U+7ED3) in font [lmroman10-regular]:mapping=t
ex-text;!
Missing character: There is no 构 (U+6784) in font [lmroman10-regular]:mapping=t
ex-text;!
Missing character: There is no 成 (U+6210) in font [lmroman12-regular]:mapping=t
ex-text;!
Missing character: There is no 员 (U+5458) in font [lmroman12-regular]:mapping=t
ex-text;!
Missing character: There is no 函 (U+51FD) in font [lmroman12-regular]:mapping=t
ex-text;!
Missing character: There is no 数 (U+6570) in font [lmroman12-regular]:mapping=t
ex-text;!
Missing character: There is no 属 (U+5C5E) in font [lmroman12-regular]:mapping=t
ex-text;!
Missing character: There is no 性 (U+6027) in font [lmroman12-regular]:mapping=t
ex-text;!
Missing character: There is no 变 (U+53D8) in font [lmroman9-regular]:mapping=te
x-text;!
Missing character: There is no 量 (U+91CF) in font [lmroman9-regular]:mapping=te
x-text;!
Missing character: There is no 值 (U+503C) in font [lmroman9-regular]:mapping=te
x-text;!
Missing character: There is no 字 (U+5B57) in font [lmroman9-regular]:mapping=te
x-text;!
Missing character: There is no 符 (U+7B26) in font [lmroman9-regular]:mapping=te
x-text;!
Missing character: There is no 串 (U+4E32) in font [lmroman9-regular]:mapping=te
x-text;!
Missing character: There is no 格 (U+683C) in font [lmroman9-regular]:mapping=te
x-text;!
Missing character: There is no 式 (U+5F0F) in font [lmroman9-regular]:mapping=te
x-text;!
Missing character: There is no 变 (U+53D8) in font [lmroman9-regular]:mapping=te
x-text;!
Missing character: There is no 量 (U+91CF) in font [lmroman9-regular]:mapping=te
x-text;!
Missing character: There is no 备 (U+5907) in font [lmroman9-regular]:mapping=te
x-text;!
Missing character: There is no 注 (U+6CE8) in font [lmroman9-regular]:mapping=te
x-text;!
Missing character: There is no 详 (U+8BE6) in font [lmroman12-regular]:mapping=t
ex-text;!
Missing character: There is no 细 (U+7EC6) in font [lmroman12-regular]:mapping=t
ex-text;!
Missing character: There is no 描 (U+63CF) in font [lmroman12-regular]:mapping=t
ex-text;!
Missing character: There is no 述 (U+8FF0) in font [lmroman12-regular]:mapping=t
ex-text;!
Missing character: There is no 全 (U+5168) in font [lmroman10-regular]:mapping=t
ex-text;!
Missing character: There is no 局 (U+5C40) in font [lmroman10-regular]:mapping=t
ex-text;!
Missing character: There is no 变 (U+53D8) in font [lmroman10-regular]:mapping=t
ex-text;!
Missing character: There is no 量 (U+91CF) in font [lmroman10-regular]:mapping=t
ex-text;!
Missing character: There is no 信 (U+4FE1) in font [lmroman10-regular]:mapping=t
ex-text;!
Missing character: There is no 息 (U+606F) in font [lmroman10-regular]:mapping=t
ex-text;!
Missing character: There is no 结 (U+7ED3) in font [lmroman10-regular]:mapping=t
ex-text;!
Missing character: There is no 构 (U+6784) in font [lmroman10-regular]:mapping=t
ex-text;!
Missing character: There is no 结 (U+7ED3) in font [lmroman10-regular]:mapping=t
ex-text;!
Missing character: There is no 构 (U+6784) in font [lmroman10-regular]:mapping=t
ex-text;!
Missing character: There is no 体 (U+4F53) in font [lmroman10-regular]:mapping=t
ex-text;!
Missing character: There is no 参 (U+53C2) in font [lmroman10-regular]:mapping=t
ex-text;!
Missing character: There is no 考 (U+8003) in font [lmroman10-regular]:mapping=t
ex-text;!
Missing character: There is no 制 (U+5236) in font [lmroman7-regular]:mapping=te
x-text;!
Missing character: There is no 作 (U+4F5C) in font [lmroman7-regular]:mapping=te
x-text;!
Missing character: There is no 者 (U+8005) in font [lmroman7-regular]:mapping=te
x-text;!
[51]
Missing character: There is no 该 (U+8BE5) in font [lmroman10-regular]:mapping=t
ex-text;!
Missing character: There is no 结 (U+7ED3) in font [lmroman10-regular]:mapping=t
ex-text;!
Missing character: There is no 构 (U+6784) in font [lmroman10-regular]:mapping=t
ex-text;!
Missing character: There is no 体 (U+4F53) in font [lmroman10-regular]:mapping=t
ex-text;!
Missing character: There is no 的 (U+7684) in font [lmroman10-regular]:mapping=t
ex-text;!
Missing character: There is no 文 (U+6587) in font [lmroman10-regular]:mapping=t
ex-text;!
Missing character: There is no 档 (U+6863) in font [lmroman10-regular]:mapping=t
ex-text;!
Missing character: There is no 由 (U+7531) in font [lmroman10-regular]:mapping=t
ex-text;!
Missing character: There is no 以 (U+4EE5) in font [lmroman10-regular]:mapping=t
ex-text;!
Missing character: There is no 下 (U+4E0B) in font [lmroman10-regular]:mapping=t
ex-text;!
Missing character: There is no 文 (U+6587) in font [lmroman10-regular]:mapping=t
ex-text;!
Missing character: There is no 件 (U+4EF6) in font [lmroman10-regular]:mapping=t
ex-text;!
Missing character: There is no 生 (U+751F) in font [lmroman10-regular]:mapping=t
ex-text;!
Missing character: There is no 成 (U+6210) in font [lmroman10-regular]:mapping=t
ex-text;!
)
Missing character: There is no 类 (U+7C7B) in font [lmroman10-regular]:mapping=t
ex-text;!
Missing character: There is no 说 (U+8BF4) in font [lmroman10-regular]:mapping=t
ex-text;!
Missing character: There is no 明 (U+660E) in font [lmroman10-regular]:mapping=t
ex-text;!
Missing character: There is no 制 (U+5236) in font [lmroman7-regular]:mapping=te
x-text;!
Missing character: There is no 作 (U+4F5C) in font [lmroman7-regular]:mapping=te
x-text;!
Missing character: There is no 者 (U+8005) in font [lmroman7-regular]:mapping=te
x-text;!
[52]
Chapter 6.
Missing character: There is no 文 (U+6587) in font [lmroman17-regular]:mapping=t
ex-text;!
Missing character: There is no 件 (U+4EF6) in font [lmroman17-regular]:mapping=t
ex-text;!
Missing character: There is no 说 (U+8BF4) in font [lmroman17-regular]:mapping=t
ex-text;!
Missing character: There is no 明 (U+660E) in font [lmroman17-regular]:mapping=t
ex-text;!
(./CodroidControlInterface_8h.tex
Missing character: There is no 文 (U+6587) in font [lmroman12-regular]:mapping=t
ex-text;!
Missing character: There is no 件 (U+4EF6) in font [lmroman12-regular]:mapping=t
ex-text;!
Missing character: There is no 参 (U+53C2) in font [lmroman12-regular]:mapping=t
ex-text;!
Missing character: There is no 考 (U+8003) in font [lmroman12-regular]:mapping=t
ex-text;!
Missing character: There is no 控 (U+63A7) in font [lmroman10-regular]:mapping=t
ex-text;!
Missing character: There is no 制 (U+5236) in font [lmroman10-regular]:mapping=t
ex-text;!
Missing character: There is no 接 (U+63A5) in font [lmroman10-regular]:mapping=t
ex-text;!
Missing character: There is no 口 (U+53E3) in font [lmroman10-regular]:mapping=t
ex-text;!
Missing character: There is no 头 (U+5934) in font [lmroman10-regular]:mapping=t
ex-text;!
Missing character: There is no 文 (U+6587) in font [lmroman10-regular]:mapping=t
ex-text;!
Missing character: There is no 件 (U+4EF6) in font [lmroman10-regular]:mapping=t
ex-text;!

Underfull \hbox (badness 10000) in paragraph at lines 8--13

 []

Missing character: There is no 类 (U+7C7B) in font [lmroman12-regular]:mapping=t
ex-text;!
Missing character: There is no 详 (U+8BE6) in font [lmroman12-regular]:mapping=t
ex-text;!
Missing character: There is no 细 (U+7EC6) in font [lmroman12-regular]:mapping=t
ex-text;!
Missing character: There is no 描 (U+63CF) in font [lmroman12-regular]:mapping=t
ex-text;!
Missing character: There is no 述 (U+8FF0) in font [lmroman12-regular]:mapping=t
ex-text;!
Missing character: There is no 控 (U+63A7) in font [lmroman10-regular]:mapping=t
ex-text;!
Missing character: There is no 制 (U+5236) in font [lmroman10-regular]:mapping=t
ex-text;!
Missing character: There is no 接 (U+63A5) in font [lmroman10-regular]:mapping=t
ex-text;!
Missing character: There is no 口 (U+53E3) in font [lmroman10-regular]:mapping=t
ex-text;!
Missing character: There is no 头 (U+5934) in font [lmroman10-regular]:mapping=t
ex-text;!
Missing character: There is no 文 (U+6587) in font [lmroman10-regular]:mapping=t
ex-text;!
Missing character: There is no 件 (U+4EF6) in font [lmroman10-regular]:mapping=t
ex-text;!
) (./CodroidDefine_8h.tex
Missing character: There is no 文 (U+6587) in font [lmroman12-regular]:mapping=t
ex-text;!
Missing character: There is no 件 (U+4EF6) in font [lmroman12-regular]:mapping=t
ex-text;!
Missing character: There is no 参 (U+53C2) in font [lmroman12-regular]:mapping=t
ex-text;!
Missing character: There is no 考 (U+8003) in font [lmroman12-regular]:mapping=t
ex-text;!
Missing character: There is no 定 (U+5B9A) in font [lmroman10-regular]:mapping=t
ex-text;!
Missing character: There is no 义 (U+4E49) in font [lmroman10-regular]:mapping=t
ex-text;!
Missing character: There is no 文 (U+6587) in font [lmroman10-regular]:mapping=t
ex-text;!
Missing character: There is no 件 (U+4EF6) in font [lmroman10-regular]:mapping=t
ex-text;!

Underfull \hbox (badness 10000) in paragraph at lines 8--15

 []

Missing character: There is no 类 (U+7C7B) in font [lmroman12-regular]:mapping=t
ex-text;!
Missing character: There is no 标 (U+6807) in font [lmroman9-regular]:mapping=te
x-text;!
Missing character: There is no 准 (U+51C6) in font [lmroman9-regular]:mapping=te
x-text;!
Missing character: There is no 响 (U+54CD) in font [lmroman9-regular]:mapping=te
x-text;!
Missing character: There is no 应 (U+5E94) in font [lmroman9-regular]:mapping=te
x-text;!
Missing character: There is no 结 (U+7ED3) in font [lmroman9-regular]:mapping=te
x-text;!
Missing character: There is no 构 (U+6784) in font [lmroman9-regular]:mapping=te
x-text;!
Missing character: There is no 体 (U+4F53) in font [lmroman9-regular]:mapping=te
x-text;!
Missing character: There is no 专 (U+4E13) in font [lmroman9-regular]:mapping=te
x-text;!
Missing character: There is no 用 (U+7528) in font [lmroman9-regular]:mapping=te
x-text;!
Missing character: There is no 异 (U+5F02) in font [lmroman9-regular]:mapping=te
x-text;!
Missing character: There is no 常 (U+5E38) in font [lmroman9-regular]:mapping=te
x-text;!
Missing character: There is no 类 (U+7C7B) in font [lmroman9-regular]:mapping=te
x-text;!
Missing character: There is no 单 (U+5355) in font [lmroman9-regular]:mapping=te
x-text;!
Missing character: There is no 条 (U+6761) in font [lmroman9-regular]:mapping=te
x-text;!
Missing character: There is no 运 (U+8FD0) in font [lmroman9-regular]:mapping=te
x-text;!
Missing character: There is no 动 (U+52A8) in font [lmroman9-regular]:mapping=te
x-text;!
Missing character: There is no 指 (U+6307) in font [lmroman9-regular]:mapping=te
x-text;!
Missing character: There is no 令 (U+4EE4) in font [lmroman9-regular]:mapping=te
x-text;!
Missing character: There is no 详 (U+8BE6) in font [lmroman9-regular]:mapping=te
x-text;!
Missing character: There is no 情 (U+60C5) in font [lmroman9-regular]:mapping=te
x-text;!
Missing character: There is no 点 (U+70B9) in font [lmroman9-regular]:mapping=te
x-text;!
Missing character: There is no 动 (U+52A8) in font [lmroman9-regular]:mapping=te
x-text;!
Missing character: There is no 参 (U+53C2) in font [lmroman9-regular]:mapping=te
x-text;!
Missing character: There is no 数 (U+6570) in font [lmroman9-regular]:mapping=te
x-text;!
Missing character: There is no 结 (U+7ED3) in font [lmroman9-regular]:mapping=te
x-text;!
Missing character: There is no 构 (U+6784) in font [lmroman9-regular]:mapping=te
x-text;!
Missing character: There is no 体 (U+4F53) in font [lmroman9-regular]:mapping=te
x-text;!
Missing character: There is no 制 (U+5236) in font [lmroman7-regular]:mapping=te
x-text;!
Missing character: There is no 作 (U+4F5C) in font [lmroman7-regular]:mapping=te
x-text;!
Missing character: There is no 者 (U+8005) in font [lmroman7-regular]:mapping=te
x-text;!
[53

]
Missing character: There is no 相 (U+76F8) in font [lmroman9-regular]:mapping=te
x-text;!
Missing character: There is no 对 (U+5BF9) in font [lmroman9-regular]:mapping=te
x-text;!
Missing character: There is no 位 (U+4F4D) in font [lmroman9-regular]:mapping=te
x-text;!
Missing character: There is no 姿 (U+59FF) in font [lmroman9-regular]:mapping=te
x-text;!
Missing character: There is no 计 (U+8BA1) in font [lmroman9-regular]:mapping=te
x-text;!
Missing character: There is no 算 (U+7B97) in font [lmroman9-regular]:mapping=te
x-text;!
Missing character: There is no 参 (U+53C2) in font [lmroman9-regular]:mapping=te
x-text;!
Missing character: There is no 数 (U+6570) in font [lmroman9-regular]:mapping=te
x-text;!
Missing character: There is no 全 (U+5168) in font [lmroman9-regular]:mapping=te
x-text;!
Missing character: There is no 局 (U+5C40) in font [lmroman9-regular]:mapping=te
x-text;!
Missing character: There is no 变 (U+53D8) in font [lmroman9-regular]:mapping=te
x-text;!
Missing character: There is no 量 (U+91CF) in font [lmroman9-regular]:mapping=te
x-text;!
Missing character: There is no 信 (U+4FE1) in font [lmroman9-regular]:mapping=te
x-text;!
Missing character: There is no 息 (U+606F) in font [lmroman9-regular]:mapping=te
x-text;!
Missing character: There is no 结 (U+7ED3) in font [lmroman9-regular]:mapping=te
x-text;!
Missing character: There is no 构 (U+6784) in font [lmroman9-regular]:mapping=te
x-text;!
Missing character: There is no 正 (U+6B63) in font [lmroman9-regular]:mapping=te
x-text;!
Missing character: There is no 解 (U+89E3) in font [lmroman9-regular]:mapping=te
x-text;!
Missing character: There is no 参 (U+53C2) in font [lmroman9-regular]:mapping=te
x-text;!
Missing character: There is no 数 (U+6570) in font [lmroman9-regular]:mapping=te
x-text;!
Missing character: There is no 结 (U+7ED3) in font [lmroman9-regular]:mapping=te
x-text;!
Missing character: There is no 构 (U+6784) in font [lmroman9-regular]:mapping=te
x-text;!
Missing character: There is no 体 (U+4F53) in font [lmroman9-regular]:mapping=te
x-text;!
Missing character: There is no 逆 (U+9006) in font [lmroman9-regular]:mapping=te
x-text;!
Missing character: There is no 解 (U+89E3) in font [lmroman9-regular]:mapping=te
x-text;!
Missing character: There is no 参 (U+53C2) in font [lmroman9-regular]:mapping=te
x-text;!
Missing character: There is no 数 (U+6570) in font [lmroman9-regular]:mapping=te
x-text;!
Missing character: There is no 结 (U+7ED3) in font [lmroman9-regular]:mapping=te
x-text;!
Missing character: There is no 构 (U+6784) in font [lmroman9-regular]:mapping=te
x-text;!
Missing character: There is no 体 (U+4F53) in font [lmroman9-regular]:mapping=te
x-text;!
Missing character: There is no 运 (U+8FD0) in font [lmroman9-regular]:mapping=te
x-text;!
Missing character: There is no 动 (U+52A8) in font [lmroman9-regular]:mapping=te
x-text;!
Missing character: There is no 目 (U+76EE) in font [lmroman9-regular]:mapping=te
x-text;!
Missing character: There is no 标 (U+6807) in font [lmroman9-regular]:mapping=te
x-text;!
Missing character: There is no 位 (U+4F4D) in font [lmroman9-regular]:mapping=te
x-text;!
Missing character: There is no 置 (U+7F6E) in font [lmroman9-regular]:mapping=te
x-text;!
Missing character: There is no 运 (U+8FD0) in font [lmroman9-regular]:mapping=te
x-text;!
Missing character: There is no 动 (U+52A8) in font [lmroman9-regular]:mapping=te
x-text;!
Missing character: There is no 参 (U+53C2) in font [lmroman9-regular]:mapping=te
x-text;!
Missing character: There is no 数 (U+6570) in font [lmroman9-regular]:mapping=te
x-text;!
Missing character: There is no 机 (U+673A) in font [lmroman9-regular]:mapping=te
x-text;!
Missing character: There is no 器 (U+5668) in font [lmroman9-regular]:mapping=te
x-text;!
Missing character: There is no 人 (U+4EBA) in font [lmroman9-regular]:mapping=te
x-text;!
Missing character: There is no 运 (U+8FD0) in font [lmroman9-regular]:mapping=te
x-text;!
Missing character: There is no 行 (U+884C) in font [lmroman9-regular]:mapping=te
x-text;!
Missing character: There is no 状 (U+72B6) in font [lmroman9-regular]:mapping=te
x-text;!
Missing character: There is no 态 (U+6001) in font [lmroman9-regular]:mapping=te
x-text;!
Missing character: There is no 机 (U+673A) in font [lmroman9-regular]:mapping=te
x-text;!
Missing character: There is no 器 (U+5668) in font [lmroman9-regular]:mapping=te
x-text;!
Missing character: There is no 人 (U+4EBA) in font [lmroman9-regular]:mapping=te
x-text;!
Missing character: There is no 实 (U+5B9E) in font [lmroman9-regular]:mapping=te
x-text;!
Missing character: There is no 时 (U+65F6) in font [lmroman9-regular]:mapping=te
x-text;!
Missing character: There is no 位 (U+4F4D) in font [lmroman9-regular]:mapping=te
x-text;!
Missing character: There is no 姿 (U+59FF) in font [lmroman9-regular]:mapping=te
x-text;!
Missing character: There is no 工 (U+5DE5) in font [lmroman9-regular]:mapping=te
x-text;!
Missing character: There is no 程 (U+7A0B) in font [lmroman9-regular]:mapping=te
x-text;!
Missing character: There is no 执 (U+6267) in font [lmroman9-regular]:mapping=te
x-text;!
Missing character: There is no 行 (U+884C) in font [lmroman9-regular]:mapping=te
x-text;!
Missing character: There is no 状 (U+72B6) in font [lmroman9-regular]:mapping=te
x-text;!
Missing character: There is no 态 (U+6001) in font [lmroman9-regular]:mapping=te
x-text;!
Missing character: There is no 信 (U+4FE1) in font [lmroman9-regular]:mapping=te
x-text;!
Missing character: There is no 息 (U+606F) in font [lmroman9-regular]:mapping=te
x-text;!
Missing character: There is no 结 (U+7ED3) in font [lmroman9-regular]:mapping=te
x-text;!
Missing character: There is no 构 (U+6784) in font [lmroman9-regular]:mapping=te
x-text;!
Missing character: There is no 体 (U+4F53) in font [lmroman9-regular]:mapping=te
x-text;!
Missing character: There is no 寄 (U+5BC4) in font [lmroman9-regular]:mapping=te
x-text;!
Missing character: There is no 存 (U+5B58) in font [lmroman9-regular]:mapping=te
x-text;!
Missing character: There is no 器 (U+5668) in font [lmroman9-regular]:mapping=te
x-text;!
Missing character: There is no 信 (U+4FE1) in font [lmroman9-regular]:mapping=te
x-text;!
Missing character: There is no 息 (U+606F) in font [lmroman9-regular]:mapping=te
x-text;!
Missing character: There is no 结 (U+7ED3) in font [lmroman9-regular]:mapping=te
x-text;!
Missing character: There is no 构 (U+6784) in font [lmroman9-regular]:mapping=te
x-text;!
Missing character: There is no 体 (U+4F53) in font [lmroman9-regular]:mapping=te
x-text;!
Missing character: There is no 类 (U+7C7B) in font [lmroman12-regular]:mapping=t
ex-text;!
Missing character: There is no 型 (U+578B) in font [lmroman12-regular]:mapping=t
ex-text;!
Missing character: There is no 定 (U+5B9A) in font [lmroman12-regular]:mapping=t
ex-text;!
Missing character: There is no 义 (U+4E49) in font [lmroman12-regular]:mapping=t
ex-text;!
Missing character: There is no 枚 (U+679A) in font [lmroman12-regular]:mapping=t
ex-text;!
Missing character: There is no 举 (U+4E3E) in font [lmroman12-regular]:mapping=t
ex-text;!
Missing character: There is no 校 (U+6821) in font [lmroman9-regular]:mapping=te
x-text;!
Missing character: There is no 验 (U+9A8C) in font [lmroman9-regular]:mapping=te
x-text;!
Missing character: There is no 位 (U+4F4D) in font [lmroman9-regular]:mapping=te
x-text;!
Missing character: There is no 停 (U+505C) in font [lmroman9-regular]:mapping=te
x-text;!
Missing character: There is no 止 (U+6B62) in font [lmroman9-regular]:mapping=te
x-text;!
Missing character: There is no 位 (U+4F4D) in font [lmroman9-regular]:mapping=te
x-text;!
Missing character: There is no 坐 (U+5750) in font [lmroman9-regular]:mapping=te
x-text;!
Missing character: There is no 标 (U+6807) in font [lmroman9-regular]:mapping=te
x-text;!
Missing character: There is no 系 (U+7CFB) in font [lmroman9-regular]:mapping=te
x-text;!
Missing character: There is no 类 (U+7C7B) in font [lmroman9-regular]:mapping=te
x-text;!
Missing character: There is no 型 (U+578B) in font [lmroman9-regular]:mapping=te
x-text;!
Missing character: There is no 函 (U+51FD) in font [lmroman12-regular]:mapping=t
ex-text;!
Missing character: There is no 数 (U+6570) in font [lmroman12-regular]:mapping=t
ex-text;!
Missing character: There is no 运 (U+8FD0) in font [lmroman9-regular]:mapping=te
x-text;!
Missing character: There is no 动 (U+52A8) in font [lmroman9-regular]:mapping=te
x-text;!
Missing character: There is no 插 (U+63D2) in font [lmroman9-regular]:mapping=te
x-text;!
Missing character: There is no 补 (U+8865) in font [lmroman9-regular]:mapping=te
x-text;!
Missing character: There is no 类 (U+7C7B) in font [lmroman9-regular]:mapping=te
x-text;!
Missing character: There is no 型 (U+578B) in font [lmroman9-regular]:mapping=te
x-text;!
Missing character: There is no 文 (U+6587) in font [lmroman10-regular]:mapping=t
ex-text;!
Missing character: There is no 件 (U+4EF6) in font [lmroman10-regular]:mapping=t
ex-text;!
Missing character: There is no 说 (U+8BF4) in font [lmroman10-regular]:mapping=t
ex-text;!
Missing character: There is no 明 (U+660E) in font [lmroman10-regular]:mapping=t
ex-text;!
Missing character: There is no 制 (U+5236) in font [lmroman7-regular]:mapping=te
x-text;!
Missing character: There is no 作 (U+4F5C) in font [lmroman7-regular]:mapping=te
x-text;!
Missing character: There is no 者 (U+8005) in font [lmroman7-regular]:mapping=te
x-text;!
[54]
Missing character: There is no 运 (U+8FD0) in font [lmroman9-regular]:mapping=te
x-text;!
Missing character: There is no 动 (U+52A8) in font [lmroman9-regular]:mapping=te
x-text;!
Missing character: There is no 类 (U+7C7B) in font [lmroman9-regular]:mapping=te
x-text;!
Missing character: There is no 型 (U+578B) in font [lmroman9-regular]:mapping=te
x-text;!

Underfull \hbox (badness 2376) in paragraph at lines 84--87
[][] \TU/pcr/m/n/10 Codroid::NLOHMANN_[][]JSON_[][]SERIALIZE_[][]ENUM (ExtendAr
rayType, { {ExtendArray[]
 []

Missing character: There is no 运 (U+8FD0) in font [lmroman9-regular]:mapping=te
x-text;!
Missing character: There is no 动 (U+52A8) in font [lmroman9-regular]:mapping=te
x-text;!
Missing character: There is no 位 (U+4F4D) in font [lmroman9-regular]:mapping=te
x-text;!
Missing character: There is no 姿 (U+59FF) in font [lmroman9-regular]:mapping=te
x-text;!
Missing character: There is no 点 (U+70B9) in font [lmroman9-regular]:mapping=te
x-text;!
Missing character: There is no 定 (U+5B9A) in font [lmroman9-regular]:mapping=te
x-text;!
Missing character: There is no 义 (U+4E49) in font [lmroman9-regular]:mapping=te
x-text;!
Missing character: There is no 详 (U+8BE6) in font [lmroman12-regular]:mapping=t
ex-text;!
Missing character: There is no 细 (U+7EC6) in font [lmroman12-regular]:mapping=t
ex-text;!
Missing character: There is no 描 (U+63CF) in font [lmroman12-regular]:mapping=t
ex-text;!
Missing character: There is no 述 (U+8FF0) in font [lmroman12-regular]:mapping=t
ex-text;!
Missing character: There is no 定 (U+5B9A) in font [lmroman10-regular]:mapping=t
ex-text;!
Missing character: There is no 义 (U+4E49) in font [lmroman10-regular]:mapping=t
ex-text;!
Missing character: There is no 文 (U+6587) in font [lmroman10-regular]:mapping=t
ex-text;!
Missing character: There is no 件 (U+4EF6) in font [lmroman10-regular]:mapping=t
ex-text;!
Missing character: There is no 函 (U+51FD) in font [lmroman12-regular]:mapping=t
ex-text;!
Missing character: There is no 数 (U+6570) in font [lmroman12-regular]:mapping=t
ex-text;!
Missing character: There is no 说 (U+8BF4) in font [lmroman12-regular]:mapping=t
ex-text;!
Missing character: There is no 明 (U+660E) in font [lmroman12-regular]:mapping=t
ex-text;!
Missing character: There is no 运 (U+8FD0) in font [lmroman10-regular]:mapping=t
ex-text;!
Missing character: There is no 动 (U+52A8) in font [lmroman10-regular]:mapping=t
ex-text;!
Missing character: There is no 位 (U+4F4D) in font [lmroman10-regular]:mapping=t
ex-text;!
Missing character: There is no 姿 (U+59FF) in font [lmroman10-regular]:mapping=t
ex-text;!
Missing character: There is no 点 (U+70B9) in font [lmroman10-regular]:mapping=t
ex-text;!
Missing character: There is no 定 (U+5B9A) in font [lmroman10-regular]:mapping=t
ex-text;!
Missing character: There is no 义 (U+4E49) in font [lmroman10-regular]:mapping=t
ex-text;!
Missing character: There is no 关 (U+5173) in font [lmroman10-regular]:mapping=t
ex-text;!
Missing character: There is no 节 (U+8282) in font [lmroman10-regular]:mapping=t
ex-text;!
Missing character: There is no 角 (U+89D2) in font [lmroman10-regular]:mapping=t
ex-text;!
Missing character: There is no 单 (U+5355) in font [lmroman10-regular]:mapping=t
ex-text;!
Missing character: There is no 位 (U+4F4D) in font [lmroman10-regular]:mapping=t
ex-text;!
Missing character: There is no 度 (U+5EA6) in font [lmroman10-regular]:mapping=t
ex-text;!
Missing character: There is no 笛 (U+7B1B) in font [lmroman10-regular]:mapping=t
ex-text;!
Missing character: There is no 卡 (U+5361) in font [lmroman10-regular]:mapping=t
ex-text;!
Missing character: There is no 尔 (U+5C14) in font [lmroman10-regular]:mapping=t
ex-text;!
Missing character: There is no 坐 (U+5750) in font [lmroman10-regular]:mapping=t
ex-text;!
Missing character: There is no 标 (U+6807) in font [lmroman10-regular]:mapping=t
ex-text;!
Missing character: There is no 单 (U+5355) in font [lmroman10-regular]:mapping=t
ex-text;!
Missing character: There is no 位 (U+4F4D) in font [lmroman10-regular]:mapping=t
ex-text;!
Missing character: There is no 度 (U+5EA6) in font [lmroman10-regular]:mapping=t
ex-text;!
Missing character: There is no 逆 (U+9006) in font [lmroman10-regular]:mapping=t
ex-text;!
Missing character: There is no 解 (U+89E3) in font [lmroman10-regular]:mapping=t
ex-text;!
Missing character: There is no 参 (U+53C2) in font [lmroman10-regular]:mapping=t
ex-text;!
Missing character: There is no 考 (U+8003) in font [lmroman10-regular]:mapping=t
ex-text;!
Missing character: There is no 关 (U+5173) in font [lmroman10-regular]:mapping=t
ex-text;!
Missing character: There is no 节 (U+8282) in font [lmroman10-regular]:mapping=t
ex-text;!
Missing character: There is no 角 (U+89D2) in font [lmroman10-regular]:mapping=t
ex-text;!
Missing character: There is no 附 (U+9644) in font [lmroman10-regular]:mapping=t
ex-text;!
Missing character: There is no 加 (U+52A0) in font [lmroman10-regular]:mapping=t
ex-text;!
Missing character: There is no 轴 (U+8F74) in font [lmroman10-regular]:mapping=t
ex-text;!
Missing character: There is no 位 (U+4F4D) in font [lmroman10-regular]:mapping=t
ex-text;!
Missing character: There is no 置 (U+7F6E) in font [lmroman10-regular]:mapping=t
ex-text;!
Missing character: There is no 运 (U+8FD0) in font [lmroman10-regular]:mapping=t
ex-text;!
Missing character: There is no 动 (U+52A8) in font [lmroman10-regular]:mapping=t
ex-text;!
Missing character: There is no 类 (U+7C7B) in font [lmroman10-regular]:mapping=t
ex-text;!
Missing character: There is no 型 (U+578B) in font [lmroman10-regular]:mapping=t
ex-text;!
Missing character: There is no 扩 (U+6269) in font [lmroman10-regular]:mapping=t
ex-text;!
Missing character: There is no 展 (U+5C55) in font [lmroman10-regular]:mapping=t
ex-text;!
Missing character: There is no 数 (U+6570) in font [lmroman10-regular]:mapping=t
ex-text;!
Missing character: There is no 组 (U+7EC4) in font [lmroman10-regular]:mapping=t
ex-text;!
Missing character: There is no 支 (U+652F) in font [lmroman10-regular]:mapping=t
ex-text;!
Missing character: There is no 持 (U+6301) in font [lmroman10-regular]:mapping=t
ex-text;!
Missing character: There is no 的 (U+7684) in font [lmroman10-regular]:mapping=t
ex-text;!
Missing character: There is no 数 (U+6570) in font [lmroman10-regular]:mapping=t
ex-text;!
Missing character: There is no 据 (U+636E) in font [lmroman10-regular]:mapping=t
ex-text;!
Missing character: There is no 类 (U+7C7B) in font [lmroman10-regular]:mapping=t
ex-text;!
Missing character: There is no 型 (U+578B) in font [lmroman10-regular]:mapping=t
ex-text;!
) (./CodroidSubscriber_8h.tex
Missing character: There is no 文 (U+6587) in font [lmroman12-regular]:mapping=t
ex-text;!
Missing character: There is no 件 (U+4EF6) in font [lmroman12-regular]:mapping=t
ex-text;!
Missing character: There is no 参 (U+53C2) in font [lmroman12-regular]:mapping=t
ex-text;!
Missing character: There is no 考 (U+8003) in font [lmroman12-regular]:mapping=t
ex-text;!
Missing character: There is no 类 (U+7C7B) in font [lmroman10-regular]:mapping=t
ex-text;!
Missing character: There is no 的 (U+7684) in font [lmroman10-regular]:mapping=t
ex-text;!
Missing character: There is no 头 (U+5934) in font [lmroman10-regular]:mapping=t
ex-text;!
Missing character: There is no 文 (U+6587) in font [lmroman10-regular]:mapping=t
ex-text;!
Missing character: There is no 件 (U+4EF6) in font [lmroman10-regular]:mapping=t
ex-text;!
Missing character: There is no 文 (U+6587) in font [lmroman10-regular]:mapping=t
ex-text;!
Missing character: There is no 件 (U+4EF6) in font [lmroman10-regular]:mapping=t
ex-text;!
Missing character: There is no 参 (U+53C2) in font [lmroman10-regular]:mapping=t
ex-text;!
Missing character: There is no 考 (U+8003) in font [lmroman10-regular]:mapping=t
ex-text;!
Missing character: There is no 制 (U+5236) in font [lmroman7-regular]:mapping=te
x-text;!
Missing character: There is no 作 (U+4F5C) in font [lmroman7-regular]:mapping=te
x-text;!
Missing character: There is no 者 (U+8005) in font [lmroman7-regular]:mapping=te
x-text;!
[55]
Underfull \hbox (badness 10000) in paragraph at lines 8--18

 []

Missing character: There is no 类 (U+7C7B) in font [lmroman12-regular]:mapping=t
ex-text;!
Missing character: There is no 用 (U+7528) in font [lmroman9-regular]:mapping=te
x-text;!
Missing character: There is no 于 (U+4E8E) in font [lmroman9-regular]:mapping=te
x-text;!
Missing character: There is no 通 (U+901A) in font [lmroman9-regular]:mapping=te
x-text;!
Missing character: There is no 过 (U+8FC7) in font [lmroman9-regular]:mapping=te
x-text;!
Missing character: There is no 独 (U+72EC) in font [lmroman9-regular]:mapping=te
x-text;!
Missing character: There is no 立 (U+7ACB) in font [lmroman9-regular]:mapping=te
x-text;!
Missing character: There is no 通 (U+901A) in font [lmroman9-regular]:mapping=te
x-text;!
Missing character: There is no 道 (U+9053) in font [lmroman9-regular]:mapping=te
x-text;!
Missing character: There is no 进 (U+8FDB) in font [lmroman9-regular]:mapping=te
x-text;!
Missing character: There is no 行 (U+884C) in font [lmroman9-regular]:mapping=te
x-text;!
Missing character: There is no 异 (U+5F02) in font [lmroman9-regular]:mapping=te
x-text;!
Missing character: There is no 步 (U+6B65) in font [lmroman9-regular]:mapping=te
x-text;!
Missing character: There is no 数 (U+6570) in font [lmroman9-regular]:mapping=te
x-text;!
Missing character: There is no 据 (U+636E) in font [lmroman9-regular]:mapping=te
x-text;!
Missing character: There is no 订 (U+8BA2) in font [lmroman9-regular]:mapping=te
x-text;!
Missing character: There is no 阅 (U+9605) in font [lmroman9-regular]:mapping=te
x-text;!
Missing character: There is no 的 (U+7684) in font [lmroman9-regular]:mapping=te
x-text;!
Missing character: There is no 专 (U+4E13) in font [lmroman9-regular]:mapping=te
x-text;!
Missing character: There is no 用 (U+7528) in font [lmroman9-regular]:mapping=te
x-text;!
Missing character: There is no 类 (U+7C7B) in font [lmroman9-regular]:mapping=te
x-text;!
Missing character: There is no 。 (U+3002) in font [lmroman9-regular]:mapping=te
x-text;!
Missing character: There is no 类 (U+7C7B) in font [lmroman12-regular]:mapping=t
ex-text;!
Missing character: There is no 型 (U+578B) in font [lmroman12-regular]:mapping=t
ex-text;!
Missing character: There is no 定 (U+5B9A) in font [lmroman12-regular]:mapping=t
ex-text;!
Missing character: There is no 义 (U+4E49) in font [lmroman12-regular]:mapping=t
ex-text;!
Missing character: There is no 机 (U+673A) in font [lmroman9-regular]:mapping=te
x-text;!
Missing character: There is no 器 (U+5668) in font [lmroman9-regular]:mapping=te
x-text;!
Missing character: There is no 人 (U+4EBA) in font [lmroman9-regular]:mapping=te
x-text;!
Missing character: There is no 状 (U+72B6) in font [lmroman9-regular]:mapping=te
x-text;!
Missing character: There is no 态 (U+6001) in font [lmroman9-regular]:mapping=te
x-text;!
Missing character: There is no 回 (U+56DE) in font [lmroman9-regular]:mapping=te
x-text;!
Missing character: There is no 调 (U+8C03) in font [lmroman9-regular]:mapping=te
x-text;!
Missing character: There is no 类 (U+7C7B) in font [lmroman9-regular]:mapping=te
x-text;!
Missing character: There is no 型 (U+578B) in font [lmroman9-regular]:mapping=te
x-text;!
Missing character: There is no 机 (U+673A) in font [lmroman9-regular]:mapping=te
x-text;!
Missing character: There is no 器 (U+5668) in font [lmroman9-regular]:mapping=te
x-text;!
Missing character: There is no 人 (U+4EBA) in font [lmroman9-regular]:mapping=te
x-text;!
Missing character: There is no 位 (U+4F4D) in font [lmroman9-regular]:mapping=te
x-text;!
Missing character: There is no 姿 (U+59FF) in font [lmroman9-regular]:mapping=te
x-text;!
Missing character: There is no 回 (U+56DE) in font [lmroman9-regular]:mapping=te
x-text;!
Missing character: There is no 调 (U+8C03) in font [lmroman9-regular]:mapping=te
x-text;!
Missing character: There is no 类 (U+7C7B) in font [lmroman9-regular]:mapping=te
x-text;!
Missing character: There is no 型 (U+578B) in font [lmroman9-regular]:mapping=te
x-text;!
Missing character: There is no 变 (U+53D8) in font [lmroman9-regular]:mapping=te
x-text;!
Missing character: There is no 量 (U+91CF) in font [lmroman9-regular]:mapping=te
x-text;!
Missing character: There is no 更 (U+66F4) in font [lmroman9-regular]:mapping=te
x-text;!
Missing character: There is no 新 (U+65B0) in font [lmroman9-regular]:mapping=te
x-text;!
Missing character: There is no 回 (U+56DE) in font [lmroman9-regular]:mapping=te
x-text;!
Missing character: There is no 调 (U+8C03) in font [lmroman9-regular]:mapping=te
x-text;!
Missing character: There is no 类 (U+7C7B) in font [lmroman9-regular]:mapping=te
x-text;!
Missing character: There is no 型 (U+578B) in font [lmroman9-regular]:mapping=te
x-text;!
Missing character: There is no 系 (U+7CFB) in font [lmroman9-regular]:mapping=te
x-text;!
Missing character: There is no 统 (U+7EDF) in font [lmroman9-regular]:mapping=te
x-text;!
Missing character: There is no 日 (U+65E5) in font [lmroman9-regular]:mapping=te
x-text;!
Missing character: There is no 志 (U+5FD7) in font [lmroman9-regular]:mapping=te
x-text;!
Missing character: There is no 回 (U+56DE) in font [lmroman9-regular]:mapping=te
x-text;!
Missing character: There is no 调 (U+8C03) in font [lmroman9-regular]:mapping=te
x-text;!
Missing character: There is no 类 (U+7C7B) in font [lmroman9-regular]:mapping=te
x-text;!
Missing character: There is no 型 (U+578B) in font [lmroman9-regular]:mapping=te
x-text;!
Missing character: There is no 详 (U+8BE6) in font [lmroman12-regular]:mapping=t
ex-text;!
Missing character: There is no 细 (U+7EC6) in font [lmroman12-regular]:mapping=t
ex-text;!
Missing character: There is no 描 (U+63CF) in font [lmroman12-regular]:mapping=t
ex-text;!
Missing character: There is no 述 (U+8FF0) in font [lmroman12-regular]:mapping=t
ex-text;!
Missing character: There is no 类 (U+7C7B) in font [lmroman10-regular]:mapping=t
ex-text;!
Missing character: There is no 的 (U+7684) in font [lmroman10-regular]:mapping=t
ex-text;!
Missing character: There is no 头 (U+5934) in font [lmroman10-regular]:mapping=t
ex-text;!
Missing character: There is no 文 (U+6587) in font [lmroman10-regular]:mapping=t
ex-text;!
Missing character: There is no 件 (U+4EF6) in font [lmroman10-regular]:mapping=t
ex-text;!
)
Missing character: There is no 文 (U+6587) in font [lmroman10-regular]:mapping=t
ex-text;!
Missing character: There is no 件 (U+4EF6) in font [lmroman10-regular]:mapping=t
ex-text;!
Missing character: There is no 说 (U+8BF4) in font [lmroman10-regular]:mapping=t
ex-text;!
Missing character: There is no 明 (U+660E) in font [lmroman10-regular]:mapping=t
ex-text;!
Missing character: There is no 制 (U+5236) in font [lmroman7-regular]:mapping=te
x-text;!
Missing character: There is no 作 (U+4F5C) in font [lmroman7-regular]:mapping=te
x-text;!
Missing character: There is no 者 (U+8005) in font [lmroman7-regular]:mapping=te
x-text;!
[56]
No file refman.ind.

Package longtable Warning: Table widths have changed. Rerun LaTeX.

(./refman.aux)

LaTeX Font Warning: Some font shapes were not available, defaults substituted.


LaTeX Warning: There were undefined references.


LaTeX Warning: Label(s) may have changed. Rerun to get cross-references right.


Package rerunfilecheck Warning: File `refman.out' has changed.
(rerunfilecheck)                Rerun to get outlines right
(rerunfilecheck)                or use package `bookmark'.

Package rerunfilecheck Info: Checksums for `refman.out':
(rerunfilecheck)             Before: <no file>
(rerunfilecheck)             After:  157EE8C368482161F2D73CC780221156;19937.
 ) 
Here is how much of TeX's memory you used:
 18329 strings out of 476191
 300713 string characters out of 5812072
 610884 words of memory out of 5000000
 38679 multiletter control sequences out of 15000+600000
 477448 words of font info for 70 fonts, out of 8000000 for 9000
 1348 hyphenation exceptions out of 8191
 99i,16n,117p,816b,1340s stack positions out of 5000i,500n,10000p,200000b,80000s

Output written on refman.pdf (58 pages).
